code_id,split,n,k,r,rate,column_weight,seed,columns
code_n24_k12_cw3_000,train,24,12,12,0.5,3,3222282399,"[1092, 268, 67, 1044, 1030, 2564, 3076, 1057, 2060, 784, 1033, 37, 517, 2051, 832, 2180, 133, 49, 100, 112, 2320, 69, 82, 1048]"
code_n24_k12_cw3_001,train,24,12,12,0.5,3,3222282400,"[1104, 2568, 1568, 776, 112, 259, 14, 3200, 800, 2113, 2305, 2072, 138, 584, 134, 1027, 97, 2068, 580, 584, 2180, 148, 104, 1540]"
code_n24_k12_cw3_002,train,24,12,12,0.5,3,3222282401,"[530, 37, 14, 25, 22, 164, 524, 2308, 524, 448, 280, 3136, 137, 1296, 1538, 2065, 2320, 2066, 2184, 2180, 1029, 2308, 2368, 1792]"
code_n24_k12_cw3_003,train,24,12,12,0.5,3,3222282402,"[1537, 2116, 196, 137, 529, 1096, 2084, 25, 2120, 580, 548, 14, 289, 1060, 2432, 44, 896, 1034, 1089, 552, 704, 578, 1600, 138]"
code_n24_k12_cw3_004,train,24,12,12,0.5,3,3222282403,"[770, 2432, 1538, 2564, 3584, 2057, 3074, 530, 146, 644, 1120, 196, 196, 2084, 400, 672, 1104, 1096, 2060, 2432, 276, 2082, 266, 641]"
code_n24_k12_cw3_005,train,24,12,12,0.5,3,3222282404,"[1120, 2054, 164, 19, 2054, 28, 81, 290, 148, 69, 76, 2068, 518, 304, 41, 515, 580, 641, 2688, 1089, 641, 1060, 592, 1058]"
code_n24_k12_cw3_006,train,24,12,12,0.5,3,3222282405,"[3080, 2306, 194, 642, 290, 2568, 1048, 578, 137, 76, 2688, 3088, 521, 2058, 1284, 2184, 560, 88, 2051, 2592, 42, 518, 2576, 1312]"
code_n24_k12_cw3_007,test,24,12,12,0.5,3,3222282406,"[1048, 69, 56, 1104, 548, 2192, 76, 2564, 1154, 11, 137, 2592, 772, 44, 896, 69, 1664, 2192, 168, 704, 1104, 545, 896, 1600]"
code_n24_k12_cw3_008,train,24,12,12,0.5,3,3222282407,"[776, 1568, 529, 644, 2336, 560, 97, 1044, 2312, 776, 1044, 1048, 1060, 1034, 290, 642, 2208, 648, 1792, 14, 97, 552, 1072, 21]"
code_n24_k12_cw3_009,test,24,12,12,0.5,3,3222282408,"[3080, 138, 2336, 73, 1042, 560, 3076, 265, 164, 1048, 3076, 148, 37, 1057, 2562, 515, 2688, 772, 2177, 74, 545, 1090, 1072, 2120]"
code_n24_k12_cw3_010,train,24,12,12,0.5,3,3222282409,"[552, 265, 832, 800, 3073, 2305, 1282, 70, 104, 73, 2368, 67, 1284, 800, 2060, 2144, 517, 1057, 98, 26, 1282, 2088, 1160, 532]"
code_n24_k12_cw3_011,validation,24,12,12,0.5,3,3222282410,"[273, 2057, 776, 800, 49, 1537, 2114, 2060, 400, 672, 772, 2320, 1282, 2320, 133, 2058, 22, 268, 289, 268, 2688, 2592, 224, 3104]"
code_n24_k12_cw3_012,train,24,12,12,0.5,3,3222282411,"[532, 1064, 336, 50, 832, 642, 2308, 388, 261, 3328, 2320, 292, 517, 2128, 1033, 2561, 1281, 1540, 656, 268, 1096, 580, 2561, 1296]"
code_n24_k12_cw3_013,validation,24,12,12,0.5,3,3222282412,"[49, 1034, 276, 776, 2208, 592, 1036, 1312, 2088, 69, 1058, 2081, 560, 578, 642, 1312, 3328, 352, 100, 1792, 38, 2072, 592, 518]"
code_n24_k12_cw3_014,train,24,12,12,0.5,3,3222282413,"[3088, 2178, 2088, 608, 67, 266, 146, 1544, 1281, 2178, 140, 1044, 19, 770, 672, 385, 448, 2208, 134, 2082, 56, 25, 2065, 35]"
code_n24_k12_cw3_015,train,24,12,12,0.5,3,3222282414,"[304, 1792, 37, 2184, 133, 1544, 224, 1312, 104, 268, 2592, 1296, 769, 1288, 1030, 2144, 1030, 2561, 548, 2308, 2308, 168, 1064, 770]"
code_n24_k12_cw3_016,test,24,12,12,0.5,3,3222282415,"[2306, 82, 2068, 98, 162, 208, 50, 74, 1216, 1408, 138, 1036, 1537, 259, 1792, 2057, 1312, 112, 13, 2564, 385, 608, 194, 296]"
code_n24_k12_cw3_017,train,24,12,12,0.5,3,3222282416,"[1408, 416, 164, 74, 1160, 2178, 292, 11, 1184, 26, 2592, 3074, 336, 2177, 1089, 388, 208, 1168, 416, 97, 2208, 296, 769, 392]"
code_n24_k12_cw3_018,validation,24,12,12,0.5,3,3222282417,"[280, 772, 2336, 98, 49, 1184, 69, 1041, 176, 642, 448, 88, 2065, 2060, 2060, 1284, 2312, 2184, 448, 1538, 2084, 161, 289, 1544]"
code_n24_k12_cw3_019,test,24,12,12,0.5,3,3222282418,"[164, 208, 52, 1042, 2053, 2065, 2368, 704, 1600, 832, 641, 224, 3328, 290, 3584, 261, 1312, 641, 1058, 56, 262, 592, 641, 73]"
code_n24_k12_cw3_020,test,24,12,12,0.5,3,3222282419,"[56, 100, 176, 164, 517, 896, 3074, 580, 336, 25, 2057, 1282, 400, 1154, 3328, 2192, 145, 2568, 164, 164, 644, 112, 1664, 1042]"
code_n24_k12_cw3_021,train,24,12,12,0.5,3,3222282420,"[82, 2177, 1312, 1344, 2058, 448, 3076, 2120, 41, 56, 770, 2053, 1089, 69, 1538, 592, 529, 2312, 304, 1160, 97, 704, 3076, 2114]"
code_n24_k12_cw3_022,train,24,12,12,0.5,3,3222282421,"[536, 548, 352, 1538, 137, 3584, 772, 161, 776, 224, 532, 577, 3104, 74, 3584, 3076, 1060, 1600, 1092, 2568, 21, 1034, 448, 3076]"
code_n24_k12_cw3_023,train,24,12,12,0.5,3,3222282422,"[2113, 1344, 1154, 1282, 529, 1160, 14, 98, 2184, 1568, 1153, 268, 1120, 41, 608, 52, 1284, 73, 2564, 560, 515, 2128, 324, 2054]"
code_n24_k12_cw3_024,train,24,12,12,0.5,3,3222282423,"[770, 2568, 152, 448, 2576, 2208, 2308, 1120, 152, 134, 138, 578, 1296, 81, 2178, 1072, 577, 1072, 2180, 560, 137, 82, 296, 35]"
code_n24_k12_cw3_025,validation,24,12,12,0.5,3,3222282424,"[2592, 145, 584, 2177, 2120, 2568, 164, 2066, 392, 552, 134, 2208, 304, 1057, 2144, 1044, 274, 2576, 280, 2192, 2336, 1600, 1156, 2072]"
code_n24_k12_cw3_026,train,24,12,12,0.5,3,3222282425,"[74, 1792, 2320, 70, 1168, 261, 2082, 194, 800, 104, 100, 515, 2305, 321, 3200, 1537, 100, 2053, 290, 577, 35, 49, 81, 41]"
code_n24_k12_cw3_027,train,24,12,12,0.5,3,3222282426,"[522, 1282, 336, 67, 642, 656, 162, 2180, 1041, 2068, 97, 560, 1160, 2065, 1120, 70, 2320, 138, 518, 176, 100, 517, 137, 1036]"
code_n24_k12_cw3_028,train,24,12,12,0.5,3,3222282427,"[112, 1544, 2240, 52, 3104, 196, 70, 2336, 35, 140, 3136, 262, 1048, 104, 769, 13, 52, 328, 74, 2081, 1568, 800, 2180, 2068]"
code_n24_k12_cw3_029,train,24,12,12,0.5,3,3222282428,"[324, 262, 2096, 1029, 84, 1408, 268, 896, 772, 280, 164, 14, 352, 274, 3328, 2306, 2057, 322, 386, 1048, 2320, 70, 168, 1089]"
code_n24_k12_cw3_030,train,24,12,12,0.5,3,3222282429,"[82, 50, 518, 35, 164, 49, 1184, 268, 2312, 578, 644, 2336, 2128, 2053, 524, 642, 2082, 14, 1288, 2053, 140, 97, 580, 1344]"
code_n24_k12_cw3_031,train,24,12,12,0.5,3,3222282430,"[1288, 1090, 161, 529, 3074, 137, 656, 522, 522, 168, 1160, 193, 2561, 2128, 1057, 552, 11, 672, 1042, 548, 3328, 608, 280, 290]"
code_n24_k12_cw3_032,train,24,12,12,0.5,3,3222282431,"[133, 2116, 1092, 145, 3328, 584, 304, 2065, 273, 268, 261, 14, 19, 13, 3074, 196, 521, 200, 1600, 88, 2192, 656, 578, 56]"
code_n24_k12_cw3_033,train,24,12,12,0.5,3,3222282432,"[1057, 296, 656, 41, 324, 321, 137, 200, 560, 2054, 296, 324, 97, 1120, 1042, 7, 13, 265, 49, 289, 41, 2308, 776, 21]"
code_n24_k12_cw3_034,validation,24,12,12,0.5,3,3222282433,"[644, 1216, 1104, 1048, 148, 97, 152, 672, 2568, 273, 88, 1664, 448, 162, 2081, 56, 1288, 2305, 1552, 1104, 2116, 35, 67, 1288]"
code_n24_k12_cw3_035,train,24,12,12,0.5,3,3222282434,"[3584, 2562, 1096, 672, 265, 704, 1156, 2368, 1033, 1057, 1288, 1090, 3328, 104, 592, 138, 35, 289, 3080, 448, 324, 2082, 328, 324]"
code_n24_k12_cw3_036,train,24,12,12,0.5,3,3222282435,"[1033, 262, 1089, 521, 2128, 832, 21, 592, 1044, 161, 560, 2336, 1312, 73, 3073, 2240, 1058, 1544, 386, 2065, 772, 1288, 50, 3076]"
code_n24_k12_cw3_037,validation,24,12,12,0.5,3,3222282436,"[1537, 98, 3074, 140, 1792, 21, 289, 2128, 26, 274, 88, 3200, 289, 265, 328, 2058, 1284, 1048, 1090, 88, 193, 194, 1058, 1288]"
code_n24_k12_cw3_038,test,24,12,12,0.5,3,3222282437,"[1048, 2066, 2184, 3088, 2561, 112, 2320, 193, 1041, 84, 11, 1344, 1120, 1153, 1060, 266, 2082, 2320, 1090, 1090, 73, 112, 1312, 2082]"
code_n24_k12_cw3_039,train,24,12,12,0.5,3,3222282438,"[2065, 3136, 289, 52, 2240, 672, 2592, 2308, 1089, 1036, 2576, 88, 1030, 1600, 50, 1540, 1090, 2178, 1120, 146, 1104, 1153, 152, 1537]"
code_n24_k12_cw3_040,train,24,12,12,0.5,3,3222282439,"[2592, 1029, 1168, 74, 608, 642, 276, 1281, 521, 145, 2432, 1048, 800, 137, 530, 1041, 1033, 322, 578, 1029, 2068, 2053, 1041, 784]"
code_n24_k12_cw3_041,train,24,12,12,0.5,3,3222282440,"[2054, 644, 82, 2568, 608, 2240, 578, 98, 25, 1184, 2368, 164, 11, 273, 2057, 2816, 100, 536, 776, 772, 14, 552, 1034, 2192]"
code_n24_k12_cw3_042,validation,24,12,12,0.5,3,3222282441,"[2562, 97, 2561, 2561, 49, 21, 25, 1284, 14, 578, 644, 28, 3200, 140, 2178, 548, 2096, 1060, 1538, 608, 2116, 1312, 2144, 98]"
code_n24_k12_cw3_043,train,24,12,12,0.5,3,3222282442,"[67, 52, 1057, 328, 1072, 515, 81, 3074, 2336, 2054, 832, 515, 44, 7, 548, 28, 524, 2082, 1034, 3073, 145, 42, 162, 784]"
code_n24_k12_cw3_044,train,24,12,12,0.5,3,3222282443,"[2184, 52, 81, 266, 524, 800, 532, 1288, 161, 88, 2208, 1540, 200, 560, 44, 3136, 1552, 2816, 145, 577, 1027, 800, 146, 2178]"
code_n24_k12_cw3_045,train,24,12,12,0.5,3,3222282444,"[261, 146, 1042, 3080, 385, 162, 2144, 2057, 536, 3104, 1041, 1153, 2116, 2116, 82, 2368, 552, 1538, 704, 518, 2308, 3104, 112, 1296]"
code_n24_k12_cw3_046,validation,24,12,12,0.5,3,3222282445,"[81, 3136, 262, 1042, 3104, 112, 324, 1537, 11, 44, 3584, 2306, 832, 13, 41, 321, 1792, 274, 145, 133, 161, 2057, 26, 1034]"
code_n24_k12_cw3_047,train,24,12,12,0.5,3,3222282446,"[552, 140, 2368, 1288, 274, 49, 104, 2320, 704, 1538, 545, 536, 2564, 98, 400, 146, 2564, 265, 336, 385, 1552, 42, 290, 7]"
code_n24_k12_cw3_048,train,24,12,12,0.5,3,3222282447,"[262, 1034, 2576, 13, 2068, 800, 2562, 145, 2081, 168, 261, 642, 1057, 290, 642, 2312, 2081, 532, 67, 2592, 296, 2088, 644, 2096]"
code_n24_k12_cw3_049,validation,24,12,12,0.5,3,3222282448,"[2240, 3200, 70, 2058, 81, 1538, 292, 2432, 1034, 2060, 1344, 2066, 69, 81, 259, 22, 2178, 1064, 3074, 76, 2054, 193, 134, 592]"
code_n24_k12_cw3_050,train,24,12,12,0.5,3,3222282449,"[1568, 67, 2306, 769, 545, 35, 1153, 1282, 545, 322, 3584, 296, 76, 67, 38, 2082, 2305, 784, 134, 1281, 41, 2072, 2564, 800]"
code_n24_k12_cw3_051,validation,24,12,12,0.5,3,3222282450,"[1044, 2576, 1154, 770, 67, 1344, 1540, 35, 1064, 259, 1041, 784, 392, 1058, 67, 1552, 49, 552, 1156, 1092, 1041, 81, 1153, 416]"
code_n24_k12_cw3_052,train,24,12,12,0.5,3,3222282451,"[50, 2688, 2688, 3328, 26, 2336, 2368, 49, 2180, 1058, 41, 776, 2240, 515, 1058, 529, 208, 1568, 392, 37, 3076, 1156, 84, 44]"
code_n24_k12_cw3_053,train,24,12,12,0.5,3,3222282452,"[2082, 1096, 35, 50, 1664, 21, 1216, 336, 11, 2113, 176, 642, 704, 2177, 2184, 521, 1033, 515, 2144, 2561, 2096, 641, 276, 536]"
code_n24_k12_cw3_054,train,24,12,12,0.5,3,3222282453,"[518, 2051, 521, 274, 1288, 2128, 2576, 400, 56, 289, 392, 74, 2066, 1030, 2081, 262, 49, 67, 1036, 1160, 2568, 3074, 26, 704]"
code_n24_k12_cw3_055,train,24,12,12,0.5,3,3222282454,"[1057, 560, 644, 2306, 2120, 1033, 1216, 44, 3076, 200, 304, 545, 552, 641, 2116, 1058, 2192, 2688, 1216, 196, 162, 193, 3074, 1104]"
code_n24_k12_cw3_056,validation,24,12,12,0.5,3,3222282455,"[112, 259, 42, 164, 1041, 11, 672, 1027, 2180, 529, 770, 2058, 2184, 1104, 2564, 81, 2068, 3200, 776, 137, 336, 2066, 3076, 522]"
code_n24_k12_cw3_057,train,24,12,12,0.5,3,3222282456,"[560, 88, 2336, 1344, 1284, 273, 385, 208, 385, 1090, 11, 2053, 41, 552, 1568, 2432, 268, 641, 3136, 1041, 2192, 2240, 81, 112]"
code_n24_k12_cw3_058,train,24,12,12,0.5,3,3222282457,"[1060, 641, 2576, 641, 1154, 104, 1538, 200, 81, 2562, 608, 3074, 1154, 644, 13, 44, 208, 224, 7, 2624, 1284, 74, 2120, 280]"
code_n24_k12_cw3_059,test,24,12,12,0.5,3,3222282458,"[324, 289, 2084, 2688, 35, 400, 2192, 13, 2068, 224, 2114, 321, 69, 274, 161, 1048, 146, 38, 289, 70, 38, 1156, 1090, 168]"
code_n24_k12_cw3_060,test,24,12,12,0.5,3,3222282459,"[1064, 1344, 76, 517, 2066, 2208, 133, 1600, 608, 521, 292, 152, 1042, 265, 642, 70, 416, 578, 2184, 50, 259, 296, 3104, 289]"
code_n24_k12_cw3_061,validation,24,12,12,0.5,3,3222282460,"[131, 1096, 2082, 38, 770, 1029, 324, 644, 577, 14, 2624, 1034, 2065, 1060, 580, 2113, 2816, 2057, 1552, 536, 266, 2144, 577, 133]"
code_n24_k12_cw3_062,test,24,12,12,0.5,3,3222282461,"[200, 265, 1057, 577, 321, 530, 416, 164, 385, 35, 168, 273, 84, 545, 97, 1281, 2336, 1296, 642, 385, 1344, 296, 388, 2057]"
code_n24_k12_cw3_063,train,24,12,12,0.5,3,3222282462,"[296, 35, 608, 3076, 104, 1344, 1344, 2178, 104, 98, 2184, 560, 50, 548, 352, 3104, 552, 274, 3080, 304, 545, 280, 1092, 261]"
code_n24_k12_cw3_064,train,24,12,12,0.5,3,3222282463,"[2116, 1408, 84, 2308, 37, 2051, 1296, 548, 138, 134, 770, 1057, 134, 49, 2084, 1089, 2306, 268, 352, 517, 35, 22, 2088, 2305]"
code_n24_k12_cw3_065,train,24,12,12,0.5,3,3222282464,"[200, 3074, 35, 2432, 26, 577, 1552, 2305, 2368, 2368, 69, 1036, 2576, 1284, 134, 134, 392, 1058, 584, 73, 2051, 274, 1552, 70]"
code_n24_k12_cw3_066,train,24,12,12,0.5,3,3222282465,"[2306, 352, 386, 1120, 81, 2320, 530, 1168, 2114, 1089, 2564, 148, 259, 259, 388, 11, 268, 2240, 41, 2053, 2058, 2128, 532, 532]"
code_n24_k12_cw3_067,test,24,12,12,0.5,3,3222282466,"[7, 208, 290, 259, 200, 1184, 584, 641, 2312, 289, 521, 2054, 1281, 2057, 146, 1312, 146, 648, 2305, 3584, 800, 2208, 524, 545]"
code_n24_k12_cw3_068,train,24,12,12,0.5,3,3222282467,"[146, 148, 2180, 656, 2184, 772, 148, 2096, 74, 3080, 1042, 194, 3080, 52, 1288, 3136, 21, 2096, 2053, 1064, 98, 1036, 800, 261]"
code_n24_k12_cw3_069,train,24,12,12,0.5,3,3222282468,"[2081, 266, 552, 385, 67, 2192, 1168, 546, 1072, 322, 784, 112, 289, 1154, 194, 2184, 296, 1058, 584, 832, 262, 21, 2368, 1057]"
code_n24_k12_cw3_070,train,24,12,12,0.5,3,3222282469,"[1029, 7, 98, 322, 2816, 3088, 19, 21, 268, 532, 97, 1072, 656, 524, 3584, 2065, 1537, 2178, 1120, 44, 152, 3136, 164, 388]"
code_n24_k12_cw3_071,test,24,12,12,0.5,3,3222282470,"[1090, 161, 140, 1664, 321, 1104, 656, 1041, 162, 515, 44, 2592, 42, 2624, 1344, 2180, 530, 776, 265, 2568, 545, 133, 2068, 1344]"
code_n24_k12_cw3_072,train,24,12,12,0.5,3,3222282471,"[548, 592, 193, 1540, 22, 259, 2180, 548, 70, 2180, 656, 193, 1153, 1284, 1168, 268, 1664, 1281, 2057, 208, 322, 2072, 296, 44]"
code_n24_k12_cw3_073,validation,24,12,12,0.5,3,3222282472,"[145, 2128, 2060, 1072, 2816, 22, 2114, 385, 769, 1160, 2116, 324, 67, 832, 1568, 1540, 148, 2208, 13, 2624, 13, 2320, 1090, 304]"
code_n24_k12_cw3_074,train,24,12,12,0.5,3,3222282473,"[324, 552, 28, 1282, 22, 672, 2564, 14, 2054, 3584, 578, 112, 98, 2306, 448, 322, 50, 578, 2054, 1120, 1033, 1540, 2192, 1568]"
code_n24_k12_cw3_075,train,24,12,12,0.5,3,3222282474,"[578, 74, 2184, 1033, 112, 2184, 2081, 2060, 67, 148, 2096, 2592, 536, 152, 545, 280, 2120, 2084, 448, 352, 324, 548, 2178, 274]"
code_n24_k12_cw3_076,validation,24,12,12,0.5,3,3222282475,"[2308, 1096, 145, 138, 784, 2088, 104, 1027, 517, 44, 545, 2058, 268, 2305, 1104, 1029, 194, 3104, 2432, 524, 1600, 2081, 1044, 50]"
code_n24_k12_cw3_077,test,24,12,12,0.5,3,3222282476,"[262, 1552, 1029, 3104, 26, 321, 280, 1029, 530, 2624, 1104, 161, 2564, 21, 289, 19, 296, 266, 524, 28, 98, 1284, 11, 1096]"
code_n24_k12_cw3_078,test,24,12,12,0.5,3,3222282477,"[1064, 392, 560, 56, 1057, 2816, 2128, 289, 1540, 388, 1537, 536, 137, 2306, 265, 1544, 1537, 176, 1168, 385, 1540, 265, 546, 161]"
code_n24_k12_cw3_079,train,24,12,12,0.5,3,3222282478,"[2368, 3076, 2081, 1538, 2113, 2562, 548, 97, 261, 276, 1033, 3088, 1552, 138, 133, 770, 2320, 1281, 2068, 644, 546, 1034, 400, 112]"
code_n24_k12_cw3_080,train,24,12,12,0.5,3,3222282479,"[704, 800, 138, 769, 546, 69, 2051, 3088, 21, 42, 2432, 273, 3104, 2057, 11, 1096, 1153, 448, 524, 266, 74, 3584, 448, 518]"
code_n24_k12_cw3_081,train,24,12,12,0.5,3,3222282480,"[1288, 3104, 2240, 88, 1540, 134, 2432, 292, 2178, 1282, 74, 1568, 261, 200, 529, 772, 1288, 22, 1027, 1089, 2120, 261, 2568, 1296]"
code_n24_k12_cw3_082,train,24,12,12,0.5,3,3222282481,"[69, 3073, 162, 548, 2368, 98, 448, 896, 2184, 38, 2084, 25, 168, 2688, 35, 2058, 3104, 776, 2057, 168, 448, 70, 3088, 1312]"
code_n24_k12_cw3_083,train,24,12,12,0.5,3,3222282482,"[11, 1048, 1041, 1282, 2308, 97, 2312, 3584, 2051, 2308, 274, 392, 2308, 265, 69, 1600, 224, 1033, 137, 1090, 536, 259, 2113, 13]"
code_n24_k12_cw3_084,train,24,12,12,0.5,3,3222282483,"[2568, 515, 644, 1089, 161, 88, 104, 2568, 3136, 3584, 386, 289, 1104, 262, 1041, 97, 26, 1282, 388, 641, 274, 522, 3073, 131]"
code_n24_k12_cw3_085,test,24,12,12,0.5,3,3222282484,"[2305, 100, 1160, 2068, 137, 2060, 2305, 1060, 1044, 82, 1538, 296, 3104, 1153, 352, 2113, 2192, 152, 2592, 2564, 25, 44, 1160, 560]"
code_n24_k12_cw3_086,test,24,12,12,0.5,3,3222282485,"[1044, 2057, 3104, 3073, 56, 52, 22, 168, 548, 2336, 546, 3136, 196, 548, 2562, 2066, 1282, 524, 208, 524, 2066, 1042, 529, 2072]"
code_n24_k12_cw3_087,validation,24,12,12,0.5,3,3222282486,"[770, 152, 545, 672, 2088, 1216, 1027, 529, 577, 517, 642, 3080, 292, 2368, 518, 164, 49, 522, 580, 21, 2068, 352, 1552, 296]"
code_n24_k12_cw3_088,train,24,12,12,0.5,3,3222282487,"[2065, 2240, 1090, 148, 322, 266, 2192, 1540, 336, 1160, 22, 296, 26, 138, 28, 88, 1288, 3584, 131, 3073, 704, 2066, 2053, 3200]"
code_n24_k12_cw3_089,train,24,12,12,0.5,3,3222282488,"[1552, 52, 1036, 1160, 280, 70, 2066, 69, 73, 1057, 2082, 1027, 35, 2081, 324, 26, 138, 2305, 1552, 84, 321, 2088, 388, 290]"
code_n24_k12_cw3_090,train,24,12,12,0.5,3,3222282489,"[2068, 2184, 2336, 1064, 548, 145, 1090, 578, 88, 2320, 529, 2592, 2082, 50, 545, 262, 2068, 578, 1042, 2081, 50, 97, 2568, 416]"
code_n24_k12_cw3_091,validation,24,12,12,0.5,3,3222282490,"[76, 2051, 76, 1041, 82, 7, 145, 1538, 2113, 1041, 1168, 2592, 52, 134, 2177, 1044, 11, 1058, 2144, 21, 2192, 1092, 772, 2308]"
code_n24_k12_cw3_092,train,24,12,12,0.5,3,3222282491,"[69, 578, 2624, 69, 1284, 3088, 328, 1153, 2688, 193, 1552, 392, 2054, 280, 2192, 290, 148, 2320, 2082, 296, 2065, 1568, 100, 44]"
code_n24_k12_cw3_093,test,24,12,12,0.5,3,3222282492,"[2068, 2144, 44, 672, 1072, 304, 265, 2320, 2320, 1104, 3088, 2208, 194, 1096, 82, 2051, 656, 1153, 82, 1057, 1184, 832, 2368, 352]"
code_n24_k12_cw3_094,test,24,12,12,0.5,3,3222282493,"[69, 2060, 1030, 1030, 70, 532, 98, 545, 2312, 7, 1048, 11, 2051, 1104, 388, 73, 1540, 2177, 276, 1288, 1664, 1296, 552, 2128]"
code_n24_k12_cw3_095,train,24,12,12,0.5,3,3222282494,"[2053, 194, 35, 800, 1216, 2144, 112, 1153, 324, 2177, 776, 2432, 2305, 580, 2144, 162, 98, 97, 1120, 76, 56, 145, 2432, 2308]"
code_n24_k12_cw3_096,test,24,12,12,0.5,3,3222282495,"[2051, 515, 2568, 1184, 2054, 515, 2336, 1344, 1184, 322, 322, 1041, 3328, 336, 3104, 2114, 193, 545, 1288, 208, 1104, 1072, 770, 148]"
code_n24_k12_cw3_097,test,24,12,12,0.5,3,3222282496,"[42, 84, 769, 1034, 3104, 3088, 35, 800, 1058, 1029, 578, 133, 2082, 1057, 41, 262, 1537, 2320, 2306, 28, 1030, 1184, 2576, 148]"
code_n24_k12_cw3_098,train,24,12,12,0.5,3,3222282497,"[584, 262, 3073, 580, 133, 1408, 2088, 3104, 2081, 1568, 296, 560, 152, 769, 134, 3076, 1064, 641, 193, 266, 2096, 148, 2051, 289]"
code_n24_k12_cw3_099,train,24,12,12,0.5,3,3222282498,"[1096, 552, 261, 2688, 3104, 2336, 52, 3073, 416, 2308, 3104, 67, 200, 1312, 1072, 88, 304, 578, 289, 322, 168, 1057, 524, 800]"
code_n24_k12_cw3_100,validation,24,12,12,0.5,3,3222282499,"[1540, 2088, 3088, 137, 322, 328, 7, 76, 138, 577, 1034, 1537, 3088, 2066, 2180, 3328, 22, 2561, 1153, 21, 2082, 69, 2240, 21]"
code_n24_k12_cw3_101,test,24,12,12,0.5,3,3222282500,"[49, 41, 22, 44, 104, 2072, 3073, 608, 2312, 1284, 208, 37, 416, 644, 2088, 641, 2128, 1216, 385, 2562, 42, 41, 1568, 52]"
code_n24_k12_cw3_102,test,24,12,12,0.5,3,3222282501,"[2088, 324, 2240, 1092, 1281, 146, 25, 518, 518, 2081, 292, 1284, 193, 2053, 642, 42, 2057, 164, 1312, 1312, 2240, 98, 1064, 274]"
code_n24_k12_cw3_103,train,24,12,12,0.5,3,3222282502,"[162, 324, 1216, 2306, 2192, 3080, 672, 1044, 2208, 776, 164, 656, 84, 2178, 2057, 26, 577, 262, 265, 1540, 1072, 268, 1048, 324]"
code_n24_k12_cw3_104,train,24,12,12,0.5,3,3222282503,"[13, 392, 536, 2564, 896, 193, 290, 656, 2184, 2113, 521, 25, 324, 517, 832, 532, 2072, 1296, 1537, 276, 400, 2240, 548, 98]"
code_n24_k12_cw3_105,test,24,12,12,0.5,3,3222282504,"[98, 176, 641, 1540, 3136, 2096, 133, 7, 1408, 1064, 1168, 3136, 656, 522, 265, 304, 1029, 2688, 2088, 1064, 69, 274, 50, 536]"
code_n24_k12_cw3_106,validation,24,12,12,0.5,3,3222282505,"[2065, 1160, 1281, 577, 2336, 1027, 1029, 1312, 7, 776, 140, 146, 322, 208, 1041, 1072, 1288, 276, 1064, 1060, 2624, 2336, 2240, 416]"
code_n24_k12_cw3_107,validation,24,12,12,0.5,3,3222282506,"[3136, 1282, 608, 3076, 131, 2312, 148, 2114, 193, 644, 137, 1036, 3076, 1540, 168, 2088, 776, 672, 2208, 521, 2177, 1288, 2144, 1600]"
code_n24_k12_cw3_108,train,24,12,12,0.5,3,3222282507,"[1033, 521, 2096, 1027, 1048, 644, 1041, 1537, 2084, 1153, 2184, 28, 521, 1154, 74, 1154, 2562, 268, 42, 2305, 1041, 1096, 642, 35]"
code_n24_k12_cw3_109,train,24,12,12,0.5,3,3222282508,"[529, 2177, 800, 1156, 38, 2336, 81, 2057, 2060, 530, 1090, 2120, 161, 2178, 578, 82, 70, 1664, 672, 1156, 545, 273, 2178, 138]"
code_n24_k12_cw3_110,validation,24,12,12,0.5,3,3222282509,"[28, 100, 194, 3073, 76, 49, 770, 2312, 578, 2114, 67, 224, 560, 515, 2312, 1089, 1089, 1027, 137, 2368, 2058, 2072, 1288, 1552]"
code_n24_k12_cw3_111,test,24,12,12,0.5,3,3222282510,"[3200, 2128, 800, 1041, 400, 19, 11, 1664, 193, 2320, 608, 3088, 1089, 1058, 644, 608, 522, 1284, 164, 2312, 1600, 146, 644, 2051]"
code_n24_k12_cw3_112,test,24,12,12,0.5,3,3222282511,"[2128, 2065, 336, 2060, 1282, 1044, 580, 152, 2116, 580, 3088, 44, 1120, 1552, 168, 162, 416, 1064, 208, 1090, 2564, 2084, 1344, 168]"
code_n24_k12_cw3_113,train,24,12,12,0.5,3,3222282512,"[385, 1664, 38, 1029, 324, 21, 1544, 1296, 521, 1027, 896, 545, 2177, 386, 2306, 536, 2065, 1600, 208, 1600, 52, 164, 35, 2816]"
code_n24_k12_cw3_114,train,24,12,12,0.5,3,3222282513,"[2054, 324, 2208, 3074, 2576, 2432, 1537, 1792, 532, 524, 259, 19, 2081, 1552, 2051, 98, 3104, 1156, 162, 2068, 152, 138, 608, 776]"
code_n24_k12_cw3_115,validation,24,12,12,0.5,3,3222282514,"[224, 268, 584, 162, 2114, 324, 2177, 3200, 261, 44, 2592, 704, 290, 140, 2240, 392, 1120, 546, 1096, 328, 22, 896, 13, 41]"
code_n24_k12_cw3_116,validation,24,12,12,0.5,3,3222282515,"[25, 2084, 2312, 2568, 2688, 545, 138, 1568, 642, 3076, 2562, 274, 322, 2128, 2306, 152, 2051, 1540, 1096, 2192, 2816, 2576, 146, 70]"
code_n24_k12_cw3_117,validation,24,12,12,0.5,3,3222282516,"[644, 1540, 2113, 529, 1036, 1216, 2051, 1296, 385, 138, 1288, 21, 641, 770, 515, 3104, 1090, 530, 208, 832, 289, 1030, 322, 22]"
code_n24_k12_cw3_118,train,24,12,12,0.5,3,3222282517,"[194, 1156, 7, 642, 81, 1156, 388, 1296, 50, 37, 1538, 2120, 1064, 146, 2053, 536, 1058, 1538, 784, 81, 296, 1042, 642, 176]"
code_n24_k12_cw3_119,validation,24,12,12,0.5,3,3222282518,"[162, 522, 2592, 196, 336, 2120, 416, 1537, 2192, 592, 148, 1153, 448, 2051, 2688, 518, 11, 1544, 304, 1538, 1090, 3076, 1537, 592]"
code_n32_k16_cw3_000,train,32,16,16,0.5,3,3598485367,"[22528, 37120, 13312, 5122, 145, 3200, 20992, 545, 532, 8272, 8216, 40968, 49153, 35, 515, 6145, 36872, 24608, 2054, 289, 40992, 16576, 40964, 32802, 10248, 8576, 10304, 8712, 17152, 25600, 16402, 40961]"
code_n32_k16_cw3_001,train,32,16,16,0.5,3,3598485368,"[2688, 4099, 12296, 1156, 7, 50, 560, 8456, 41472, 40976, 32898, 290, 4356, 1153, 16450, 3076, 2180, 6145, 4225, 8264, 41984, 16904, 8258, 12416, 16464, 289, 18560, 5122, 1568, 1282, 224, 4113]"
code_n32_k16_cw3_002,test,32,16,16,0.5,3,3598485369,"[1184, 16393, 12320, 1060, 4106, 1058, 2592, 20992, 532, 3080, 146, 1216, 12544, 33026, 3136, 37, 800, 524, 24580, 8204, 49168, 50, 152, 16432, 21504, 32780, 8257, 131, 152, 168, 648, 2068]"
code_n32_k16_cw3_003,train,32,16,16,0.5,3,3598485370,"[176, 2306, 88, 32840, 2432, 1048, 529, 8201, 34832, 82, 3200, 16432, 8736, 1090, 112, 4616, 16387, 10368, 1041, 2072, 321, 4616, 1282, 1027, 416, 1096, 50176, 13, 392, 388, 386, 32836]"
code_n32_k16_cw3_004,train,32,16,16,0.5,3,3598485371,"[532, 33282, 336, 140, 1552, 536, 2054, 33026, 4736, 515, 592, 8225, 4136, 2568, 10248, 11264, 176, 140, 4416, 40976, 36868, 1092, 704, 16904, 49664, 32864, 261, 1058, 3136, 4120, 17410, 32792]"
code_n32_k16_cw3_005,train,32,16,16,0.5,3,3598485372,"[292, 2624, 4256, 4130, 16514, 5248, 35072, 24577, 7168, 16456, 33032, 16418, 545, 518, 33056, 34304, 9220, 8210, 16644, 3074, 2088, 524, 35840, 8226, 328, 392, 324, 16544, 6208, 16520, 35, 10752]"
code_n32_k16_cw3_006,train,32,16,16,0.5,3,3598485373,"[194, 8336, 16418, 162, 134, 8260, 6656, 16393, 34832, 2144, 42, 20481, 24640, 648, 896, 2058, 648, 5124, 49153, 4168, 145, 8204, 34824, 1042, 644, 194, 34832, 4102, 8204, 11, 24640, 8202]"
code_n32_k16_cw3_007,test,32,16,16,0.5,3,3598485374,"[13312, 580, 1792, 656, 16480, 12800, 16432, 8512, 10248, 32778, 2178, 324, 32788, 57344, 6208, 5128, 3104, 49153, 16449, 18436, 1156, 17412, 5128, 321, 164, 2562, 3074, 2688, 1029, 1544, 304, 51200]"
code_n32_k16_cw3_008,validation,32,16,16,0.5,3,3598485375,"[34818, 28672, 16648, 20488, 12290, 385, 4356, 12296, 40964, 49156, 592, 5376, 4353, 2208, 4101, 2306, 21, 69, 8328, 32904, 1792, 1408, 32778, 9344, 20736, 8736, 416, 3104, 3088, 12352, 578, 8216]"
code_n32_k16_cw3_009,validation,32,16,16,0.5,3,3598485376,"[4624, 7168, 73, 196, 34880, 4356, 16450, 36928, 17416, 51200, 8258, 18560, 33088, 35328, 648, 33796, 784, 8258, 17409, 8195, 2177, 8708, 4288, 5122, 4116, 2054, 6152, 22528, 289, 8324, 9472, 1154]"
code_n32_k16_cw3_010,train,32,16,16,0.5,3,3598485377,"[10241, 16960, 8336, 88, 16648, 33536, 49153, 296, 704, 4176, 28672, 35840, 4288, 2816, 43008, 5121, 577, 10304, 32848, 16904, 134, 1216, 24584, 772, 10248, 25600, 578, 4384, 8216, 224, 4176, 2057]"
code_n32_k16_cw3_011,test,32,16,16,0.5,3,3598485378,"[16418, 88, 131, 4136, 32904, 10272, 2305, 1544, 1544, 2081, 33408, 32804, 9232, 12352, 32833, 1216, 8272, 776, 40976, 8260, 49153, 140, 40968, 644, 32777, 8260, 1096, 642, 1064, 17409, 10272, 4106]"
code_n32_k16_cw3_012,train,32,16,16,0.5,3,3598485379,"[641, 6146, 8705, 16402, 4106, 6146, 32833, 4480, 34944, 16528, 545, 2054, 2688, 14336, 517, 44, 4168, 8197, 1057, 517, 1058, 1042, 25088, 592, 35840, 2564, 36865, 5152, 34304, 2192, 16642, 1154]"
code_n32_k16_cw3_013,test,32,16,16,0.5,3,3598485380,"[8216, 33536, 20484, 32898, 12320, 176, 49408, 32792, 2053, 9472, 16576, 8512, 4116, 33856, 16897, 36865, 32833, 8464, 8209, 386, 36992, 4480, 25088, 7, 41088, 16480, 32780, 4120, 49280, 32801, 131, 32771]"
code_n32_k16_cw3_014,train,32,16,16,0.5,3,3598485381,"[33288, 8720, 49184, 1544, 33856, 8321, 1120, 4144, 1344, 2624, 33032, 168, 2320, 18560, 2072, 41088, 8202, 4226, 37, 49664, 33028, 34880, 2308, 41, 22528, 33408, 4164, 16904, 1408, 140, 8240, 5632]"
code_n32_k16_cw3_015,validation,32,16,16,0.5,3,3598485382,"[1792, 4609, 131, 518, 32960, 4640, 4610, 2432, 1540, 32912, 24640, 13312, 2066, 16912, 33793, 146, 17409, 49280, 259, 8232, 4108, 32960, 20488, 289, 1792, 35, 34880, 10496, 1089, 33793, 51200, 32804]"
code_n32_k16_cw3_016,test,32,16,16,0.5,3,3598485383,"[1060, 36872, 546, 641, 22528, 35, 321, 1027, 6148, 13312, 578, 4368, 8736, 18434, 140, 20544, 12800, 584, 6208, 148, 32840, 9280, 16408, 18433, 1153, 4226, 208, 9344, 1552, 2128, 33056, 8480]"
code_n32_k16_cw3_017,train,32,16,16,0.5,3,3598485384,"[8456, 273, 6656, 148, 98, 13312, 2180, 22, 16394, 9248, 4144, 97, 16393, 164, 16912, 53248, 36868, 2305, 145, 16904, 21504, 6208, 3073, 33920, 17416, 296, 392, 49184, 16656, 1568, 37, 4353]"
code_n32_k16_cw3_018,train,32,16,16,0.5,3,3598485385,"[24578, 8450, 13312, 5152, 1034, 6160, 2308, 4176, 16904, 12289, 2116, 17416, 521, 8257, 8576, 33026, 32840, 8352, 16960, 2081, 34817, 24592, 19456, 16641, 33296, 36928, 1552, 18440, 49184, 69, 1312, 16387]"
code_n32_k16_cw3_019,train,32,16,16,0.5,3,3598485386,"[4132, 672, 32840, 2120, 49280, 32816, 50176, 2178, 14336, 20488, 4360, 49280, 56, 140, 10241, 9280, 4624, 16642, 8202, 6400, 4113, 33800, 5128, 4624, 8272, 24577, 33793, 1600, 324, 2066, 16768, 5152]"
code_n32_k16_cw3_020,test,32,16,16,0.5,3,3598485387,"[16516, 37120, 4480, 18688, 2320, 38, 1027, 8832, 1089, 33032, 52, 10241, 25, 45056, 24584, 37888, 73, 112, 3076, 580, 16420, 584, 34817, 43008, 1036, 276, 17472, 34848, 4162, 140, 8512, 4228]"
code_n32_k16_cw3_021,train,32,16,16,0.5,3,3598485388,"[10244, 1296, 4612, 32774, 32786, 2072, 16528, 4640, 3328, 33856, 49408, 10242, 32912, 8328, 10368, 560, 36868, 36928, 324, 2096, 36928, 34848, 6146, 42, 32864, 4132, 32960, 50176, 5136, 16396, 21504, 17409]"
code_n32_k16_cw3_022,train,32,16,16,0.5,3,3598485389,"[34832, 4225, 16420, 1060, 2072, 32808, 12292, 592, 36992, 84, 2336, 4353, 8708, 261, 37120, 8321, 33282, 4108, 37, 168, 12416, 648, 4164, 5128, 1284, 4162, 1030, 4136, 32816, 33344, 70, 18434]"
code_n32_k16_cw3_023,train,32,16,16,0.5,3,3598485390,"[2208, 1540, 24592, 20544, 17440, 49216, 16389, 4102, 49216, 2184, 33028, 44, 2368, 536, 1064, 16544, 4864, 194, 4105, 148, 20544, 2081, 37888, 32834, 5121, 4384, 12800, 1072, 20484, 1034, 17410, 2208]"
code_n32_k16_cw3_024,validation,32,16,16,0.5,3,3598485391,"[8195, 321, 8226, 33025, 3584, 36865, 32788, 3136, 137, 33793, 6400, 1092, 16544, 772, 44, 18436, 4624, 16394, 8576, 524, 41088, 8706, 400, 9344, 18688, 41216, 416, 3104, 2177, 36992, 1282, 1540]"
code_n32_k16_cw3_025,train,32,16,16,0.5,3,3598485392,"[4102, 4360, 16960, 49216, 1092, 17536, 26624, 4353, 50176, 32834, 12289, 16408, 8228, 50, 2312, 32898, 4132, 6208, 4226, 21, 265, 9728, 4360, 33152, 8832, 1089, 4616, 580, 18560, 6152, 16452, 16928]"
code_n32_k16_cw3_026,validation,32,16,16,0.5,3,3598485393,"[2178, 33796, 8225, 5128, 524, 530, 1041, 10244, 416, 8202, 26624, 18944, 4162, 13312, 2568, 521, 518, 4354, 20496, 34880, 16928, 2180, 521, 8288, 1552, 2180, 16516, 146, 16912, 8204, 6152, 1168]"
code_n32_k16_cw3_027,train,32,16,16,0.5,3,3598485394,"[41216, 100, 49184, 517, 524, 4232, 82, 34824, 522, 32898, 6148, 9344, 3584, 8352, 9472, 3328, 20544, 24584, 33794, 32774, 208, 81, 35, 11264, 40968, 832, 17409, 5632, 26624, 770, 4610, 8209]"
code_n32_k16_cw3_028,train,32,16,16,0.5,3,3598485395,"[4624, 2065, 44, 12296, 273, 8225, 8216, 18440, 6160, 16464, 2082, 1408, 33152, 32904, 322, 4256, 832, 1408, 16480, 17024, 16641, 2816, 16960, 2114, 560, 2592, 20484, 2178, 12416, 4102, 4106, 49184]"
code_n32_k16_cw3_029,train,32,16,16,0.5,3,3598485396,"[292, 560, 8384, 584, 392, 4168, 515, 18944, 5122, 10241, 3088, 18688, 32786, 34304, 145, 536, 148, 416, 392, 1568, 26624, 259, 26, 592, 1034, 16387, 2096, 18434, 32801, 16389, 8225, 49156]"
code_n32_k16_cw3_030,train,32,16,16,0.5,3,3598485397,"[5184, 3074, 1154, 208, 268, 280, 164, 112, 18433, 18464, 1120, 2177, 20992, 552, 517, 11264, 16704, 546, 2592, 8336, 2240, 32900, 4108, 16641, 1057, 16418, 34818, 33056, 5248, 2576, 41024, 1160]"
code_n32_k16_cw3_031,test,32,16,16,0.5,3,3598485398,"[529, 41, 10496, 4129, 208, 273, 32804, 1312, 100, 21, 21, 1064, 131, 5248, 24704, 1090, 34820, 38912, 10368, 32833, 328, 4102, 18440, 145, 2562, 16432, 1044, 32897, 49, 40964, 49156, 34824]"
code_n32_k16_cw3_032,train,32,16,16,0.5,3,3598485399,"[152, 32785, 24832, 38912, 784, 176, 8257, 8258, 12800, 4616, 20608, 1281, 9280, 800, 8480, 32904, 4240, 4129, 49408, 2053, 1288, 16960, 16672, 2084, 32912, 8204, 168, 268, 2128, 532, 176, 1041]"
code_n32_k16_cw3_033,train,32,16,16,0.5,3,3598485400,"[16387, 20496, 49664, 8384, 4225, 49153, 98, 25088, 224, 52, 8720, 24584, 33281, 8706, 2053, 49, 8336, 3074, 33920, 4232, 4240, 290, 4624, 36896, 32786, 4108, 16960, 16897, 32898, 4099, 16904, 200]"
code_n32_k16_cw3_034,test,32,16,16,0.5,3,3598485401,"[37888, 36928, 8452, 16408, 2592, 18436, 32773, 5122, 608, 1537, 2060, 33088, 16480, 32900, 17472, 16648, 772, 33793, 12289, 16402, 2312, 33408, 896, 641, 176, 36865, 33800, 2116, 529, 1160, 292, 1030]"
code_n32_k16_cw3_035,validation,32,16,16,0.5,3,3598485402,"[2082, 20736, 1034, 49, 4192, 1284, 20512, 784, 6160, 16960, 8480, 2177, 1153, 4162, 289, 69, 4130, 32792, 1408, 12800, 2084, 322, 2082, 8452, 24580, 8384, 1216, 88, 10752, 16420, 34880, 194]"
code_n32_k16_cw3_036,test,32,16,16,0.5,3,3598485403,"[12416, 32904, 17410, 8576, 1033, 33920, 4356, 280, 8264, 19, 8209, 1552, 2208, 138, 32900, 25600, 53248, 4864, 33824, 8449, 2432, 17024, 648, 10248, 22528, 36992, 304, 49664, 324, 9280, 20736, 33312]"
code_n32_k16_cw3_037,train,32,16,16,0.5,3,3598485404,"[2178, 2128, 20736, 4114, 8212, 18464, 41984, 772, 4226, 33856, 2128, 8201, 112, 12304, 4132, 33312, 3074, 16544, 33312, 8226, 2113, 3104, 8456, 548, 24578, 49280, 36928, 10241, 2568, 266, 24704, 4105]"
code_n32_k16_cw3_038,test,32,16,16,0.5,3,3598485405,"[4113, 41, 16404, 8209, 641, 2180, 8232, 33028, 8352, 19456, 52, 16408, 40976, 152, 131, 8449, 1027, 33288, 1048, 33152, 1544, 36880, 49154, 33808, 2114, 4130, 18688, 1096, 529, 1216, 2088, 1104]"
code_n32_k16_cw3_039,train,32,16,16,0.5,3,3598485406,"[161, 1600, 324, 12800, 24577, 148, 37888, 49, 8212, 13312, 134, 4609, 2816, 1792, 4130, 8736, 4114, 16704, 36880, 1568, 1120, 21504, 322, 33312, 8352, 2568, 41984, 530, 52, 4368, 1090, 16641]"
code_n32_k16_cw3_040,test,32,16,16,0.5,3,3598485407,"[2180, 17416, 273, 2624, 140, 4610, 32816, 16402, 1120, 81, 32900, 49184, 521, 33032, 1568, 32864, 1538, 17412, 672, 8210, 35, 8198, 16656, 545, 49664, 17472, 36868, 8712, 16898, 224, 18440, 3136]"
code_n32_k16_cw3_041,validation,32,16,16,0.5,3,3598485408,"[10242, 4168, 385, 12544, 67, 16394, 16417, 28672, 9472, 4225, 57344, 8712, 21504, 1538, 4864, 33800, 176, 1600, 16904, 2084, 16544, 769, 274, 2057, 16404, 37120, 12296, 161, 16404, 832, 8257, 9232]"
code_n32_k16_cw3_042,train,32,16,16,0.5,3,3598485409,"[11264, 8225, 16408, 6145, 4288, 4116, 134, 16404, 8324, 33824, 2113, 2081, 20544, 24592, 529, 44, 259, 530, 1552, 641, 296, 34817, 17412, 2177, 3073, 25088, 784, 1538, 672, 4164, 3088, 2053]"
code_n32_k16_cw3_043,validation,32,16,16,0.5,3,3598485410,"[8768, 265, 22528, 641, 32848, 1033, 9232, 1664, 776, 8202, 36880, 5152, 17024, 2096, 10752, 9472, 1057, 137, 1060, 16432, 140, 37376, 16900, 578, 208, 262, 1153, 5632, 261, 1792, 9248, 32771]"
code_n32_k16_cw3_044,test,32,16,16,0.5,3,3598485411,"[1034, 140, 16912, 608, 8288, 16960, 17410, 16387, 2088, 704, 2816, 2060, 8202, 32801, 8322, 784, 18496, 4368, 8322, 36866, 17472, 4416, 49168, 32898, 2624, 18436, 1544, 20484, 20512, 13, 2096, 8708]"
code_n32_k16_cw3_045,train,32,16,16,0.5,3,3598485412,"[8264, 6160, 1090, 49280, 33808, 545, 578, 16480, 18434, 265, 2072, 16449, 4609, 4226, 324, 4116, 6148, 2308, 25600, 1540, 16520, 32786, 20544, 32804, 2568, 8576, 33025, 33794, 20992, 4353, 16768, 17409]"
code_n32_k16_cw3_046,train,32,16,16,0.5,3,3598485413,"[16898, 16424, 33056, 16898, 16450, 1092, 4368, 17472, 51200, 32928, 1154, 2240, 1288, 41216, 1104, 16390, 69, 32900, 70, 20992, 40964, 3136, 4120, 261, 656, 49216, 8576, 388, 515, 40964, 5136, 16642]"
code_n32_k16_cw3_047,train,32,16,16,0.5,3,3598485414,"[32898, 6148, 32808, 176, 8212, 328, 49184, 38912, 5121, 2120, 200, 32777, 2060, 16387, 3328, 33281, 32864, 41088, 17412, 12304, 578, 2320, 50176, 32771, 1033, 4162, 8321, 7, 36872, 1072, 104, 8210]"
code_n32_k16_cw3_048,test,32,16,16,0.5,3,3598485415,"[32912, 145, 17920, 49168, 392, 4105, 4288, 16449, 1030, 4416, 74, 6160, 2432, 16642, 896, 49216, 32898, 896, 112, 517, 1029, 8705, 5128, 208, 37120, 25600, 17536, 193, 2081, 2120, 592, 32774]"
code_n32_k16_cw3_049,train,32,16,16,0.5,3,3598485416,"[9280, 18433, 4144, 2178, 4132, 2065, 4108, 32778, 224, 5124, 10752, 36872, 16450, 33028, 2336, 608, 36880, 3076, 20488, 43008, 4105, 17424, 161, 1058, 33344, 400, 112, 10244, 280, 8452, 16404, 644]"
code_n32_k16_cw3_050,validation,32,16,16,0.5,3,3598485417,"[2072, 1296, 6656, 16424, 22, 8512, 16387, 8204, 24577, 1552, 1540, 529, 1042, 9220, 4113, 24608, 24592, 8452, 33796, 16449, 4108, 32900, 517, 8464, 43008, 33808, 131, 2058, 49160, 2082, 3088, 3328]"
code_n32_k16_cw3_051,test,32,16,16,0.5,3,3598485418,"[1096, 290, 32840, 8260, 20488, 4192, 2113, 16768, 642, 4102, 5121, 42, 4099, 12304, 8712, 32816, 34832, 5136, 98, 8272, 584, 772, 10272, 32900, 392, 14, 521, 18944, 4228, 8768, 1044, 4640]"
code_n32_k16_cw3_052,train,32,16,16,0.5,3,3598485419,"[280, 32792, 1030, 8736, 6146, 1064, 32834, 8257, 41984, 2058, 9728, 20482, 196, 17920, 4164, 16544, 51200, 4356, 16897, 2060, 67, 262, 17412, 19456, 4480, 19456, 140, 35, 322, 8712, 8352, 70]"
code_n32_k16_cw3_053,test,32,16,16,0.5,3,3598485420,"[33281, 10242, 2060, 386, 580, 32774, 32840, 336, 656, 6145, 1027, 4640, 32900, 16960, 41216, 36868, 33793, 16480, 769, 2144, 32897, 36868, 8321, 578, 3136, 4256, 20496, 8449, 34048, 1600, 1042, 2592]"
code_n32_k16_cw3_054,train,32,16,16,0.5,3,3598485421,"[26624, 784, 6176, 33282, 26624, 8240, 1288, 4624, 56, 276, 268, 16912, 1284, 8450, 16464, 1089, 49184, 6272, 20992, 4102, 161, 9218, 1600, 280, 32836, 38, 9472, 4225, 1288, 34944, 81, 273]"
code_n32_k16_cw3_055,train,32,16,16,0.5,3,3598485422,"[16464, 34818, 5124, 17412, 4162, 2432, 137, 10256, 10368, 138, 34832, 4176, 168, 35840, 33025, 1090, 8449, 16656, 35328, 1282, 2081, 16420, 76, 224, 4864, 24578, 5121, 2177, 8706, 18434, 12800, 26624]"
code_n32_k16_cw3_056,train,32,16,16,0.5,3,3598485423,"[33808, 2072, 8228, 32788, 34304, 16449, 10752, 37, 41472, 22, 5121, 17416, 321, 17424, 33408, 530, 280, 24608, 20736, 4101, 5152, 3136, 8708, 148, 2054, 704, 33028, 70, 289, 137, 161, 1072]"
code_n32_k16_cw3_057,test,32,16,16,0.5,3,3598485424,"[1552, 36866, 32774, 2058, 1058, 280, 388, 24578, 41024, 40964, 33408, 49168, 10272, 34820, 16456, 1408, 16642, 10304, 2306, 2177, 1184, 324, 16394, 8452, 448, 1090, 772, 2576, 36992, 1048, 16897, 8708]"
code_n32_k16_cw3_058,train,32,16,16,0.5,3,3598485425,"[2368, 81, 32777, 176, 11, 2120, 704, 16401, 4736, 8712, 5128, 148, 3080, 16424, 8336, 134, 2096, 704, 88, 12800, 16672, 8706, 194, 8384, 273, 1296, 18560, 4609, 20608, 336, 224, 4161]"
code_n32_k16_cw3_059,train,32,16,16,0.5,3,3598485426,"[545, 33793, 4354, 8324, 24592, 40962, 12320, 26, 28672, 18440, 5152, 1027, 17424, 517, 49, 34048, 648, 2068, 16544, 16464, 6272, 104, 18944, 17152, 1044, 131, 2320, 1041, 1041, 12296, 32792, 1058]"
code_n32_k16_cw3_060,train,32,16,16,0.5,3,3598485427,"[16520, 16656, 8512, 517, 2592, 1408, 36992, 176, 40992, 416, 776, 518, 4360, 37, 40992, 36992, 521, 32802, 261, 2308, 32912, 32848, 12289, 5376, 16390, 4101, 18464, 290, 20608, 24578, 24578, 2084]"
code_n32_k16_cw3_061,test,32,16,16,0.5,3,3598485428,"[16900, 25600, 2096, 2305, 5124, 2576, 33800, 1281, 672, 40964, 322, 3328, 32778, 4116, 4105, 9217, 4116, 1153, 13312, 3073, 49184, 24592, 1033, 10242, 2240, 9218, 2081, 644, 32801, 4288, 13, 37120]"
code_n32_k16_cw3_062,test,32,16,16,0.5,3,3598485429,"[32774, 772, 4226, 34832, 33796, 42, 18436, 1064, 18496, 34820, 5128, 1092, 416, 36866, 161, 137, 146, 16642, 20496, 32833, 32774, 2057, 20488, 8708, 1057, 1034, 32928, 17536, 548, 8209, 4164, 4612]"
code_n32_k16_cw3_063,train,32,16,16,0.5,3,3598485430,"[530, 200, 4616, 608, 40968, 33152, 38, 16904, 35072, 35840, 4480, 6148, 38912, 16450, 22, 5376, 25600, 33920, 36866, 12544, 3328, 8456, 8225, 81, 4624, 100, 32928, 8464, 17412, 8464, 769, 40962]"
code_n32_k16_cw3_064,validation,32,16,16,0.5,3,3598485431,"[8232, 8232, 2068, 7168, 49, 33282, 1568, 17440, 8202, 259, 176, 4354, 8450, 40961, 545, 8288, 1058, 4368, 268, 1408, 280, 2178, 84, 578, 521, 2096, 28, 49168, 6400, 4113, 193, 9248]"
code_n32_k16_cw3_065,train,32,16,16,0.5,3,3598485432,"[8216, 8452, 521, 273, 4108, 2120, 276, 8216, 49168, 8452, 49184, 1042, 28, 274, 36868, 18944, 530, 6145, 8202, 32928, 4256, 9472, 8712, 35, 16464, 20608, 145, 656, 4102, 4640, 1537, 4480]"
code_n32_k16_cw3_066,validation,32,16,16,0.5,3,3598485433,"[168, 769, 49153, 546, 8232, 18448, 8216, 33793, 2113, 2308, 273, 14336, 4113, 1090, 1104, 12290, 548, 5376, 33284, 532, 25600, 67, 1792, 16514, 14336, 262, 1042, 289, 40976, 41024, 49664, 8450]"
code_n32_k16_cw3_067,train,32,16,16,0.5,3,3598485434,"[16641, 32897, 33824, 32834, 49184, 32928, 49160, 33032, 4176, 24608, 388, 2688, 10304, 776, 24577, 49408, 8768, 40968, 32864, 2120, 33344, 2177, 10496, 832, 4256, 38, 49154, 33920, 274, 18448, 32960, 448]"
code_n32_k16_cw3_068,train,32,16,16,0.5,3,3598485435,"[1041, 22528, 33025, 20544, 400, 37120, 17416, 67, 517, 4240, 13, 18448, 4736, 16450, 8260, 280, 2058, 552, 1184, 50, 33793, 224, 18496, 81, 352, 772, 8258, 1041, 578, 1041, 33025, 2114]"
code_n32_k16_cw3_069,validation,32,16,16,0.5,3,3598485436,"[36928, 8232, 644, 2562, 16672, 274, 5122, 546, 5376, 2144, 16544, 8216, 8449, 17410, 33056, 4256, 274, 1153, 33344, 161, 1664, 4354, 2306, 4616, 32774, 8272, 97, 34848, 4256, 2561, 2432, 16516]"
code_n32_k16_cw3_070,train,32,16,16,0.5,3,3598485437,"[8204, 4256, 1034, 38, 800, 24608, 8452, 37, 8322, 261, 2816, 33808, 45056, 2576, 8384, 8321, 8232, 100, 32808, 10304, 5136, 385, 2065, 1092, 36896, 33312, 18434, 24704, 131, 8258, 32792, 36865]"
code_n32_k16_cw3_071,train,32,16,16,0.5,3,3598485438,"[3080, 16404, 32834, 104, 26624, 4640, 1104, 16528, 517, 22, 1036, 32778, 8272, 1408, 8720, 16417, 6400, 8450, 2192, 321, 2178, 38, 9224, 1153, 49408, 5121, 6176, 20488, 32960, 196, 800, 1044]"
code_n32_k16_cw3_072,train,32,16,16,0.5,3,3598485439,"[17410, 32960, 14336, 4384, 280, 33856, 17410, 35328, 162, 4240, 1104, 20992, 8225, 400, 5632, 37120, 16394, 16904, 2562, 4353, 17664, 32801, 36896, 2072, 13, 262, 518, 33088, 3200, 16897, 32771, 5121]"
code_n32_k16_cw3_073,test,32,16,16,0.5,3,3598485440,"[12416, 16396, 146, 8209, 656, 832, 560, 352, 385, 33312, 32804, 548, 289, 273, 4288, 10256, 16516, 1029, 8708, 10242, 10241, 416, 8512, 1288, 16480, 1072, 2072, 16417, 448, 1042, 196, 4105]"
code_n32_k16_cw3_074,validation,32,16,16,0.5,3,3598485441,"[8232, 9218, 2084, 34304, 33028, 4130, 36868, 14, 2208, 2177, 33284, 49168, 517, 34820, 32900, 8201, 518, 196, 1284, 84, 20992, 8216, 32804, 641, 18464, 24584, 5152, 16904, 11264, 16912, 7, 14336]"
code_n32_k16_cw3_075,test,32,16,16,0.5,3,3598485442,"[9728, 16644, 146, 2128, 2144, 8705, 10241, 4256, 12289, 49184, 392, 6152, 8328, 18688, 81, 4480, 8720, 13312, 49168, 194, 4116, 8328, 2144, 16387, 38, 1154, 42, 1600, 49154, 515, 1537, 16402]"
code_n32_k16_cw3_076,train,32,16,16,0.5,3,3598485443,"[168, 17440, 16672, 16408, 8512, 22528, 33284, 400, 8384, 4120, 265, 34944, 18436, 5121, 548, 2184, 2240, 530, 2128, 4612, 3584, 642, 10304, 262, 18688, 24577, 49154, 4240, 1284, 2057, 17152, 49153]"
code_n32_k16_cw3_077,validation,32,16,16,0.5,3,3598485444,"[5136, 40964, 4228, 3074, 772, 76, 21, 577, 8706, 17440, 28, 2592, 208, 34048, 32774, 656, 84, 5124, 4116, 34848, 2180, 34880, 1184, 37120, 4384, 32802, 400, 12292, 4226, 12416, 392, 2072]"
code_n32_k16_cw3_078,train,32,16,16,0.5,3,3598485445,"[1034, 35840, 2053, 40961, 1792, 9248, 49664, 2088, 10752, 8257, 25088, 32960, 324, 261, 2308, 74, 2060, 32801, 296, 10241, 33794, 2320, 8232, 36880, 35840, 296, 32785, 515, 82, 2564, 2561, 776]"
code_n32_k16_cw3_079,train,32,16,16,0.5,3,3598485446,"[7, 515, 20482, 49153, 1092, 37120, 17024, 40992, 16642, 6146, 104, 16576, 8258, 70, 33920, 28, 16464, 8202, 4640, 1281, 17536, 32928, 35, 4672, 4368, 1027, 32778, 18464, 2564, 16513, 4130, 3104]"
code_n32_k16_cw3_080,train,32,16,16,0.5,3,3598485447,"[16528, 49153, 16528, 580, 18496, 2192, 10248, 35072, 296, 4624, 10272, 52, 521, 33312, 4226, 33920, 7, 2065, 642, 26, 8960, 641, 1544, 5632, 5124, 8197, 296, 25600, 518, 1153, 5184, 40964]"
code_n32_k16_cw3_081,test,32,16,16,0.5,3,3598485448,"[4610, 13312, 400, 25600, 33056, 4624, 1027, 26624, 12544, 17410, 4864, 656, 16641, 2114, 49160, 5248, 17024, 1058, 32808, 324, 16544, 49664, 24608, 67, 3104, 33793, 18448, 2178, 8202, 6272, 33032, 40961]"
code_n32_k16_cw3_082,validation,32,16,16,0.5,3,3598485449,"[321, 4168, 37120, 20496, 133, 81, 16396, 17424, 32792, 164, 14336, 4132, 193, 4256, 274, 772, 8195, 16387, 388, 42, 16387, 8240, 16480, 4106, 33800, 292, 35, 4609, 2082, 4616, 9220, 4624]"
code_n32_k16_cw3_083,train,32,16,16,0.5,3,3598485450,"[8202, 9220, 9218, 21504, 5152, 37376, 1120, 9217, 17409, 10244, 17152, 276, 81, 25, 4099, 8450, 1154, 4232, 2057, 1537, 4162, 388, 40962, 16928, 18464, 35072, 28, 2072, 49156, 28672, 4353, 1029]"
code_n32_k16_cw3_084,train,32,16,16,0.5,3,3598485451,"[35328, 24704, 1154, 12320, 36866, 776, 37888, 8197, 8322, 608, 16516, 2054, 35840, 34818, 2060, 49154, 20496, 10304, 32900, 20484, 772, 16408, 1664, 2114, 328, 4192, 336, 16576, 1544, 18560, 33040, 98]"
code_n32_k16_cw3_085,validation,32,16,16,0.5,3,3598485452,"[8264, 16387, 16387, 164, 33536, 32774, 1540, 40968, 16656, 546, 536, 33408, 34048, 8212, 33032, 4099, 32960, 1168, 2336, 168, 88, 2180, 17412, 10248, 12800, 3076, 17440, 262, 37120, 1058, 11, 16912]"
code_n32_k16_cw3_086,train,32,16,16,0.5,3,3598485453,"[18688, 35328, 82, 9217, 4640, 530, 152, 11, 2240, 3076, 4416, 35072, 5376, 515, 32840, 16394, 14336, 10242, 268, 17920, 16544, 5632, 24584, 33040, 4360, 16394, 2144, 328, 388, 4609, 8384, 33793]"
code_n32_k16_cw3_087,train,32,16,16,0.5,3,3598485454,"[16480, 608, 1034, 32780, 131, 4226, 35, 5184, 8212, 11, 6208, 41, 4192, 10242, 6208, 6148, 518, 82, 10256, 6272, 40968, 322, 16641, 138, 385, 16520, 608, 57344, 4144, 8225, 1029, 12544]"
code_n32_k16_cw3_088,train,32,16,16,0.5,3,3598485455,"[12289, 1568, 6656, 145, 1538, 194, 2084, 16544, 8452, 53248, 16452, 1184, 8264, 6145, 2336, 524, 2432, 1120, 24580, 8452, 16389, 16904, 16390, 8324, 6148, 608, 17410, 4162, 578, 3328, 1216, 24584]"
code_n32_k16_cw3_089,test,32,16,16,0.5,3,3598485456,"[259, 8288, 4612, 1281, 33284, 769, 6656, 34832, 17536, 6152, 11, 8204, 146, 17440, 33288, 532, 4356, 1041, 3104, 352, 1033, 2116, 6145, 17440, 34048, 33796, 9344, 40992, 1034, 131, 134, 33920]"
code_n32_k16_cw3_090,train,32,16,16,0.5,3,3598485457,"[4136, 1044, 16420, 32897, 1156, 176, 524, 16912, 16393, 8736, 4144, 42, 4105, 8480, 4168, 20488, 4164, 6145, 641, 24584, 6208, 1042, 8384, 4228, 2305, 4176, 6208, 4480, 2192, 274, 3584, 4384]"
code_n32_k16_cw3_091,validation,32,16,16,0.5,3,3598485458,"[2305, 24577, 6208, 32833, 12800, 168, 4480, 33028, 2240, 32792, 16394, 273, 13, 8456, 16424, 19, 8225, 36868, 8197, 536, 28672, 772, 262, 8197, 10272, 4129, 41024, 70, 770, 1044, 49160, 448]"
code_n32_k16_cw3_092,train,32,16,16,0.5,3,3598485459,"[16704, 1552, 1030, 1408, 41216, 17440, 580, 34848, 8706, 515, 56, 8264, 322, 8272, 16768, 36992, 16928, 5152, 2128, 304, 524, 18464, 34048, 8452, 259, 32785, 8328, 2576, 8452, 4232, 2054, 3136]"
code_n32_k16_cw3_093,test,32,16,16,0.5,3,3598485460,"[2081, 36896, 16464, 265, 16656, 37888, 16401, 8216, 18433, 1042, 321, 16672, 9217, 4113, 32848, 104, 388, 33920, 4114, 536, 2082, 2180, 1281, 35840, 32778, 26624, 4116, 5136, 194, 1058, 33025, 70]"
code_n32_k16_cw3_094,train,32,16,16,0.5,3,3598485461,"[608, 8452, 548, 8288, 82, 16452, 34824, 4416, 9217, 8216, 8960, 1034, 37888, 5122, 17412, 5136, 98, 24584, 3136, 4101, 76, 268, 16960, 8322, 34304, 36896, 9217, 50176, 1072, 4672, 292, 21504]"
code_n32_k16_cw3_095,train,32,16,16,0.5,3,3598485462,"[8384, 6400, 70, 17440, 4610, 8228, 208, 2192, 41984, 50, 17412, 100, 4416, 32912, 70, 16424, 20484, 49664, 1089, 33288, 642, 8708, 17416, 4168, 580, 20736, 16402, 8480, 73, 20608, 33793, 33040]"
code_n32_k16_cw3_096,train,32,16,16,0.5,3,3598485463,"[17472, 6208, 36880, 17412, 2562, 10368, 1058, 8960, 24584, 584, 32774, 2177, 32788, 16432, 20488, 8212, 532, 16389, 34880, 289, 2320, 2308, 164, 32786, 16452, 49168, 16418, 8216, 5152, 44, 6152, 10241]"
code_n32_k16_cw3_097,train,32,16,16,0.5,3,3598485464,"[290, 32801, 2320, 4609, 1090, 16450, 262, 200, 292, 8480, 2308, 8352, 33281, 2320, 832, 42, 8449, 1048, 20608, 32780, 388, 138, 4144, 168, 22528, 8232, 16912, 8257, 32836, 37376, 448, 1033]"
code_n32_k16_cw3_098,train,32,16,16,0.5,3,3598485465,"[10256, 20992, 32834, 38912, 385, 32836, 4416, 289, 800, 515, 16928, 1288, 49156, 4240, 1060, 4384, 194, 2068, 5128, 776, 6145, 642, 280, 208, 16452, 17536, 49280, 4116, 4288, 2192, 656, 304]"
code_n32_k16_cw3_099,validation,32,16,16,0.5,3,3598485466,"[4624, 16513, 1153, 18944, 9248, 4480, 37888, 8384, 1184, 34848, 560, 18448, 20512, 4616, 22, 2082, 8832, 4624, 9224, 11, 5632, 25088, 290, 8204, 6160, 18464, 34832, 35, 16401, 2432, 1089, 304]"
code_n32_k16_cw3_100,train,32,16,16,0.5,3,3598485467,"[4168, 5376, 32774, 529, 1072, 8576, 17472, 2051, 9220, 2066, 32898, 608, 17410, 4225, 385, 32840, 529, 16576, 12544, 5632, 20496, 608, 546, 16401, 4864, 28, 32898, 8464, 1792, 8480, 35840, 4609]"
code_n32_k16_cw3_101,validation,32,16,16,0.5,3,3598485468,"[546, 4354, 1034, 41984, 2312, 112, 2208, 1153, 52, 6176, 84, 515, 18433, 5248, 32802, 4101, 32833, 546, 37376, 131, 32833, 5184, 16528, 8228, 2184, 134, 1044, 18433, 24577, 28, 148, 33793]"
code_n32_k16_cw3_102,train,32,16,16,0.5,3,3598485469,"[8712, 2144, 12352, 2240, 34817, 4105, 1153, 49408, 1540, 2320, 33312, 4864, 161, 3080, 546, 4192, 321, 4672, 148, 24832, 49280, 392, 4616, 16544, 161, 4105, 16960, 33824, 2336, 4736, 2561, 21504]"
code_n32_k16_cw3_103,train,32,16,16,0.5,3,3598485470,"[2082, 34818, 32836, 8197, 37120, 9218, 14336, 352, 20481, 49408, 16513, 5632, 8204, 8240, 5128, 560, 33040, 1540, 8352, 33040, 42, 2432, 273, 16417, 546, 8232, 138, 40962, 2592, 38912, 19456, 24592]"
code_n32_k16_cw3_104,validation,32,16,16,0.5,3,3598485471,"[36872, 32897, 3584, 1284, 4132, 8512, 13, 8452, 5152, 8225, 32900, 8264, 34832, 1033, 17536, 3080, 44, 2180, 2308, 134, 12352, 4228, 5121, 2336, 776, 8464, 36868, 208, 9218, 73, 12352, 18688]"
code_n32_k16_cw3_105,train,32,16,16,0.5,3,3598485472,"[32912, 5136, 43008, 36872, 36992, 262, 2576, 10304, 161, 45056, 2058, 656, 19456, 2192, 8960, 37888, 8288, 4099, 67, 2368, 32840, 352, 1537, 6272, 16449, 20496, 1096, 518, 41472, 10272, 20544, 8195]"
code_n32_k16_cw3_106,train,32,16,16,0.5,3,3598485473,"[22528, 8195, 33793, 8209, 3080, 4168, 74, 37376, 292, 4226, 25, 17664, 34820, 140, 3200, 22, 1029, 10241, 9472, 26, 4228, 18464, 5184, 4228, 40968, 641, 8720, 1281, 5122, 32771, 18464, 33796]"
code_n32_k16_cw3_107,train,32,16,16,0.5,3,3598485474,"[34824, 49664, 386, 20482, 8216, 51200, 10256, 1408, 133, 336, 84, 8512, 296, 1296, 2562, 41024, 261, 16960, 34818, 24704, 385, 1284, 3200, 5184, 16528, 1408, 17416, 16424, 32928, 2072, 276, 196]"
code_n32_k16_cw3_108,train,32,16,16,0.5,3,3598485475,"[20992, 16449, 49216, 1216, 2592, 20482, 1030, 2306, 24577, 336, 40968, 16514, 33152, 193, 36872, 1044, 2312, 6272, 32898, 4384, 36872, 138, 146, 81, 37376, 35328, 268, 8198, 1029, 16904, 4101, 16401]"
code_n32_k16_cw3_109,train,32,16,16,0.5,3,3598485476,"[1344, 769, 36868, 4101, 16480, 32777, 2068, 4368, 8210, 32771, 9224, 35840, 3088, 10496, 18560, 321, 6176, 32786, 2305, 4864, 16450, 16394, 1033, 2177, 32960, 3584, 13312, 18496, 37888, 4864, 41, 529]"
code_n32_k16_cw3_110,validation,32,16,16,0.5,3,3598485477,"[41216, 2432, 2561, 4240, 672, 266, 2561, 36896, 8456, 33536, 7, 69, 8272, 1057, 2096, 152, 2065, 776, 560, 16928, 2081, 648, 9224, 5124, 14, 67, 33920, 1664, 32904, 1153, 2432, 176]"
code_n32_k16_cw3_111,validation,32,16,16,0.5,3,3598485478,"[81, 4672, 32785, 9218, 1288, 10241, 580, 8328, 34817, 18944, 32833, 16452, 8216, 36992, 16417, 40964, 4113, 2084, 196, 268, 1408, 51200, 1282, 1168, 49184, 1184, 2068, 4136, 32904, 2192, 16432, 34304]"
code_n32_k16_cw3_112,train,32,16,16,0.5,3,3598485479,"[4360, 6176, 33344, 265, 16656, 131, 268, 176, 56, 2081, 33056, 4101, 81, 34304, 2320, 1540, 6176, 16514, 33920, 17424, 8195, 1312, 33152, 1092, 32808, 2177, 33288, 522, 41984, 25088, 5632, 8336]"
code_n32_k16_cw3_113,train,32,16,16,0.5,3,3598485480,"[4624, 4640, 2114, 9248, 784, 6656, 3088, 16642, 648, 4161, 1027, 9472, 6656, 4480, 4368, 1568, 43008, 16576, 4161, 33152, 36896, 17416, 16387, 8258, 24592, 5136, 35328, 8201, 1156, 20482, 1664, 26]"
code_n32_k16_cw3_114,train,32,16,16,0.5,3,3598485481,"[70, 560, 6148, 1048, 11, 4353, 8322, 7, 10248, 7168, 265, 4114, 704, 20512, 546, 33312, 10241, 32804, 3074, 3104, 10256, 8960, 37376, 36866, 577, 672, 18688, 97, 784, 17536, 49160, 33088]"
code_n32_k16_cw3_115,test,32,16,16,0.5,3,3598485482,"[16768, 2562, 32960, 52, 18496, 8272, 49154, 592, 448, 352, 33088, 14, 18448, 24584, 9232, 2072, 32780, 2068, 98, 580, 4360, 24704, 800, 49153, 3088, 26624, 16513, 12416, 8258, 274, 9248, 1540]"
code_n32_k16_cw3_116,validation,32,16,16,0.5,3,3598485483,"[10248, 2624, 336, 41024, 521, 12304, 16897, 40992, 33344, 224, 32904, 2432, 1060, 49154, 4225, 2562, 265, 69, 385, 50176, 33040, 4225, 266, 548, 385, 36866, 148, 36928, 4354, 24580, 1153, 10752]"
code_n32_k16_cw3_117,train,32,16,16,0.5,3,3598485484,"[8321, 10304, 49216, 2096, 49153, 22528, 20481, 20512, 642, 1041, 33296, 517, 8576, 8321, 517, 16401, 33284, 49408, 18688, 56, 12544, 100, 32912, 33288, 8209, 304, 6160, 5248, 24578, 16928, 33312, 40962]"
code_n32_k16_cw3_118,validation,32,16,16,0.5,3,3598485485,"[416, 274, 32802, 584, 200, 546, 1296, 34944, 1060, 4106, 34848, 13, 16417, 4164, 36868, 36872, 4225, 16520, 4113, 18434, 4164, 9280, 1089, 392, 44, 584, 22, 4130, 6148, 8384, 12304, 36880]"
code_n32_k16_cw3_119,train,32,16,16,0.5,3,3598485486,"[448, 4353, 32774, 3073, 18440, 8960, 16642, 33025, 28672, 3104, 9224, 3074, 4136, 16449, 138, 1030, 32904, 10244, 1288, 1312, 73, 52, 2096, 21504, 1029, 17472, 3074, 52, 16544, 45056, 4106, 1544]"
