graph_id,split,n,e0,kappa0,tau_stratum,tau0,log_tau0,seed,edges
g_n24_e48_k2_low_00,train,24,48,2,low,12927665736,23.28263548257405,2284268588,"[[0, 1], [0, 2], [0, 5], [0, 8], [0, 9], [0, 11], [1, 3], [1, 4], [1, 5], [1, 11], [2, 5], [2, 7], [2, 9], [2, 11], [3, 5], [4, 7], [4, 8], [4, 21], [5, 6], [5, 10], [6, 10], [7, 9], [8, 11], [9, 11], [10, 17], [12, 15], [12, 17], [13, 14], [13, 15], [13, 16], [13, 17], [13, 18], [13, 20], [13, 23], [14, 19], [15, 17], [15, 18], [16, 17], [16, 18], [16, 22], [16, 23], [17, 18], [17, 19], [17, 21], [17, 22], [18, 21], [19, 20], [19, 23]]"
g_n24_e48_k2_low_01,test,24,48,2,low,16027837407,23.4975928853589,2284268604,"[[0, 1], [0, 3], [0, 4], [0, 5], [0, 6], [0, 9], [0, 10], [0, 11], [1, 3], [1, 5], [1, 6], [1, 11], [2, 3], [2, 11], [3, 5], [3, 10], [4, 8], [4, 12], [5, 6], [5, 8], [5, 10], [6, 9], [7, 9], [7, 10], [10, 16], [12, 13], [12, 18], [12, 22], [12, 23], [13, 14], [13, 16], [13, 20], [13, 22], [14, 16], [14, 19], [14, 22], [15, 16], [15, 19], [16, 17], [16, 18], [16, 19], [16, 22], [17, 19], [17, 21], [18, 20], [18, 21], [18, 23], [20, 23]]"
g_n24_e48_k2_low_02,validation,24,48,2,low,18420474639,23.63672863503117,2284268607,"[[0, 5], [0, 6], [0, 8], [0, 9], [0, 11], [1, 7], [1, 10], [1, 16], [2, 8], [2, 9], [2, 10], [2, 11], [3, 4], [3, 5], [4, 8], [4, 10], [4, 11], [5, 7], [5, 8], [5, 9], [5, 10], [6, 10], [7, 12], [8, 9], [9, 11], [12, 13], [12, 14], [12, 16], [12, 17], [12, 19], [12, 23], [13, 18], [13, 19], [13, 21], [13, 23], [14, 15], [14, 18], [14, 19], [14, 20], [14, 21], [14, 22], [15, 22], [16, 20], [16, 22], [16, 23], [17, 19], [18, 21], [19, 21]]"
g_n24_e48_k2_low_03,train,24,48,2,low,20784129888,23.75745554627776,2284268559,"[[0, 3], [0, 5], [0, 8], [0, 18], [1, 3], [1, 6], [1, 10], [1, 11], [2, 8], [2, 11], [3, 4], [3, 5], [3, 6], [3, 9], [3, 11], [4, 5], [4, 10], [5, 6], [5, 11], [6, 10], [7, 8], [7, 11], [9, 11], [10, 11], [10, 20], [12, 13], [12, 15], [12, 16], [12, 20], [12, 22], [13, 19], [13, 20], [13, 21], [14, 15], [14, 23], [15, 17], [15, 18], [15, 19], [16, 20], [16, 22], [17, 18], [17, 19], [17, 21], [17, 22], [18, 23], [19, 21], [19, 22], [20, 22]]"
g_n24_e48_k2_low_04,train,24,48,2,low,21086640069,23.771905504805023,2284268586,"[[0, 3], [0, 7], [0, 10], [1, 2], [1, 4], [1, 10], [1, 11], [2, 7], [2, 9], [3, 7], [3, 8], [3, 11], [3, 20], [4, 6], [4, 8], [4, 10], [5, 8], [5, 10], [6, 10], [7, 9], [7, 10], [7, 14], [8, 10], [8, 11], [9, 11], [12, 16], [12, 21], [13, 15], [13, 17], [13, 19], [13, 20], [14, 16], [14, 20], [15, 17], [15, 18], [15, 19], [15, 20], [15, 22], [16, 19], [16, 20], [16, 23], [17, 18], [17, 20], [17, 23], [18, 20], [20, 21], [20, 22], [21, 23]]"
g_n24_e48_k2_mid_05,train,24,48,2,mid,31863261258,24.18471949833656,2284268603,"[[0, 2], [0, 4], [0, 10], [0, 15], [1, 6], [1, 7], [1, 11], [1, 16], [2, 4], [2, 6], [2, 7], [2, 8], [2, 11], [3, 4], [3, 5], [3, 6], [4, 6], [4, 8], [5, 7], [5, 8], [6, 9], [7, 11], [8, 10], [8, 11], [9, 10], [12, 14], [12, 19], [12, 23], [13, 15], [13, 21], [14, 16], [14, 18], [14, 21], [15, 17], [15, 18], [15, 20], [15, 21], [15, 22], [15, 23], [16, 17], [16, 21], [17, 21], [18, 20], [18, 21], [19, 22], [19, 23], [20, 21], [22, 23]]"
g_n24_e48_k2_mid_06,validation,24,48,2,mid,32435464375,24.20251824060467,2284268576,"[[0, 1], [0, 3], [0, 11], [1, 3], [1, 4], [1, 6], [1, 7], [1, 11], [2, 6], [2, 8], [2, 16], [3, 5], [3, 6], [3, 9], [4, 6], [4, 7], [4, 8], [5, 8], [6, 9], [7, 8], [7, 9], [7, 10], [7, 18], [9, 11], [10, 11], [12, 15], [12, 17], [12, 21], [13, 16], [13, 17], [13, 18], [13, 22], [14, 15], [14, 17], [14, 23], [15, 22], [15, 23], [16, 18], [16, 21], [16, 22], [17, 19], [17, 22], [19, 20], [19, 22], [20, 23], [21, 22], [21, 23], [22, 23]]"
g_n24_e48_k2_mid_07,train,24,48,2,mid,32573310408,24.2067590908608,2284268583,"[[0, 1], [0, 2], [0, 9], [1, 8], [1, 10], [2, 5], [2, 8], [2, 11], [3, 4], [3, 6], [3, 8], [3, 9], [3, 17], [4, 8], [4, 9], [5, 6], [5, 7], [5, 8], [5, 9], [5, 10], [5, 11], [6, 10], [7, 9], [8, 11], [9, 12], [12, 15], [12, 17], [13, 15], [13, 18], [13, 22], [14, 15], [14, 17], [14, 18], [14, 21], [15, 17], [15, 18], [16, 17], [16, 19], [16, 22], [17, 21], [17, 22], [17, 23], [18, 19], [18, 22], [19, 20], [19, 21], [20, 21], [20, 23]]"
g_n24_e48_k2_mid_08,test,24,48,2,mid,33291158290,24.228557681860163,2284268561,"[[0, 2], [0, 3], [1, 2], [1, 3], [1, 4], [1, 5], [1, 9], [1, 12], [2, 6], [2, 11], [3, 6], [3, 7], [3, 11], [4, 8], [4, 11], [5, 7], [5, 11], [6, 8], [6, 10], [7, 8], [7, 11], [7, 20], [8, 9], [8, 10], [8, 11], [12, 15], [12, 16], [12, 20], [12, 21], [12, 23], [13, 15], [13, 16], [13, 17], [13, 19], [13, 23], [14, 17], [14, 20], [14, 22], [15, 16], [15, 17], [16, 21], [16, 23], [17, 18], [17, 20], [18, 23], [19, 20], [19, 21], [22, 23]]"
g_n24_e48_k2_mid_09,train,24,48,2,mid,33331450624,24.229767251391266,2284268543,"[[0, 1], [0, 4], [0, 6], [0, 8], [0, 10], [0, 11], [1, 4], [1, 5], [1, 6], [1, 10], [2, 3], [2, 9], [3, 4], [3, 11], [5, 6], [5, 11], [6, 7], [6, 8], [6, 9], [7, 8], [7, 11], [8, 23], [9, 11], [9, 16], [10, 11], [12, 18], [12, 20], [12, 22], [13, 17], [13, 21], [14, 18], [14, 19], [14, 23], [15, 17], [15, 21], [16, 18], [16, 20], [16, 21], [16, 22], [16, 23], [17, 19], [17, 20], [17, 22], [17, 23], [18, 23], [19, 21], [20, 23], [22, 23]]"
g_n24_e48_k2_high_10,train,24,48,2,high,58654444621,24.794929191288812,2284268552,"[[0, 3], [0, 6], [0, 11], [1, 5], [1, 9], [2, 4], [2, 5], [2, 9], [2, 10], [3, 4], [3, 10], [4, 6], [4, 7], [4, 9], [4, 11], [5, 7], [5, 11], [6, 7], [6, 8], [7, 9], [7, 12], [8, 10], [8, 11], [9, 11], [10, 13], [12, 13], [12, 14], [12, 19], [12, 21], [13, 20], [13, 23], [14, 18], [14, 20], [14, 21], [15, 16], [15, 20], [15, 21], [16, 17], [16, 18], [16, 20], [17, 18], [17, 21], [17, 23], [18, 20], [18, 22], [19, 20], [20, 22], [22, 23]]"
g_n24_e48_k2_high_11,train,24,48,2,high,60279734444,24.822261805320085,2284268596,"[[0, 1], [0, 2], [0, 5], [0, 6], [0, 7], [0, 11], [1, 3], [1, 4], [1, 8], [1, 9], [2, 3], [2, 6], [2, 9], [2, 10], [3, 4], [3, 11], [4, 5], [4, 7], [5, 6], [5, 8], [6, 9], [7, 12], [8, 9], [8, 10], [11, 20], [12, 14], [12, 15], [12, 19], [12, 22], [13, 14], [13, 16], [13, 19], [13, 20], [14, 15], [14, 20], [15, 18], [15, 19], [16, 17], [16, 18], [17, 21], [17, 22], [17, 23], [18, 19], [19, 22], [19, 23], [20, 21], [20, 23], [22, 23]]"
g_n24_e48_k2_high_12,test,24,48,2,high,60908648384,24.832641011169347,2284268613,"[[0, 2], [0, 5], [0, 6], [0, 7], [0, 10], [0, 11], [1, 3], [1, 7], [1, 8], [2, 7], [2, 8], [2, 9], [2, 10], [3, 6], [3, 8], [4, 8], [4, 9], [4, 10], [5, 7], [5, 10], [6, 7], [6, 19], [7, 11], [9, 11], [10, 18], [12, 18], [12, 21], [12, 22], [13, 15], [13, 19], [13, 20], [14, 16], [14, 17], [14, 19], [14, 22], [15, 16], [15, 19], [15, 20], [16, 19], [16, 23], [17, 18], [17, 23], [18, 19], [18, 21], [19, 21], [20, 22], [21, 23], [22, 23]]"
g_n24_e48_k2_high_13,train,24,48,2,high,64165690288,24.884734485599463,2284268569,"[[0, 4], [0, 11], [1, 6], [1, 7], [1, 8], [1, 10], [2, 3], [2, 7], [2, 9], [2, 11], [3, 4], [3, 5], [3, 8], [3, 11], [4, 9], [4, 12], [5, 6], [5, 10], [6, 9], [6, 16], [7, 9], [8, 9], [8, 11], [9, 10], [9, 11], [12, 18], [12, 19], [12, 22], [13, 17], [13, 19], [13, 23], [14, 16], [14, 19], [14, 20], [15, 16], [15, 20], [15, 23], [16, 18], [16, 20], [16, 21], [16, 22], [17, 19], [17, 22], [18, 20], [18, 21], [19, 21], [21, 23], [22, 23]]"
g_n24_e48_k2_high_14,validation,24,48,2,high,65093785560,24.899094921696513,2284268554,"[[0, 2], [0, 6], [0, 9], [0, 10], [0, 11], [1, 4], [1, 8], [1, 9], [1, 10], [2, 6], [2, 10], [2, 11], [3, 5], [3, 6], [4, 8], [4, 9], [4, 11], [5, 7], [5, 8], [5, 10], [5, 11], [6, 18], [7, 9], [7, 17], [8, 11], [12, 14], [12, 16], [12, 23], [13, 14], [13, 18], [13, 19], [13, 20], [13, 21], [14, 20], [14, 22], [15, 20], [15, 21], [15, 23], [16, 19], [16, 21], [17, 18], [17, 19], [17, 21], [18, 22], [18, 23], [19, 20], [20, 23], [21, 23]]"
g_n24_e48_k3_low_00,validation,24,48,3,low,76043942923,25.054577206496898,2285268574,"[[0, 2], [0, 3], [0, 6], [1, 2], [1, 7], [1, 9], [1, 21], [2, 5], [3, 6], [3, 9], [3, 11], [4, 5], [4, 6], [4, 10], [5, 8], [5, 10], [6, 8], [7, 10], [7, 11], [7, 13], [8, 10], [8, 11], [9, 11], [10, 11], [11, 18], [12, 13], [12, 15], [12, 19], [13, 18], [13, 20], [14, 16], [14, 21], [14, 23], [15, 16], [15, 18], [15, 20], [15, 21], [16, 21], [16, 22], [16, 23], [17, 18], [17, 19], [17, 21], [17, 22], [18, 20], [19, 21], [21, 23], [22, 23]]"
g_n24_e48_k3_low_01,train,24,48,3,low,76518634302,25.06080013376379,2285268548,"[[0, 1], [0, 2], [0, 8], [1, 2], [1, 3], [1, 6], [2, 3], [2, 5], [2, 8], [3, 5], [4, 5], [4, 8], [4, 11], [5, 6], [5, 7], [6, 7], [6, 10], [7, 9], [7, 13], [8, 10], [8, 11], [9, 10], [9, 11], [9, 17], [11, 14], [12, 14], [12, 16], [12, 19], [12, 21], [13, 17], [13, 21], [13, 22], [14, 20], [14, 21], [15, 20], [15, 21], [15, 23], [16, 17], [16, 21], [16, 23], [17, 18], [17, 22], [18, 19], [18, 22], [19, 20], [19, 21], [20, 21], [20, 23]]"
g_n24_e48_k3_low_02,test,24,48,3,low,78381376788,25.08485219511606,2285268607,"[[0, 2], [0, 4], [0, 11], [1, 3], [1, 6], [1, 7], [1, 8], [1, 13], [2, 3], [2, 5], [2, 21], [3, 6], [3, 7], [3, 8], [4, 9], [4, 11], [5, 6], [5, 7], [5, 10], [5, 14], [6, 10], [7, 8], [8, 11], [9, 10], [9, 11], [12, 15], [12, 17], [12, 22], [13, 16], [13, 17], [13, 19], [13, 22], [14, 18], [14, 19], [14, 20], [14, 21], [15, 21], [15, 23], [16, 20], [16, 23], [17, 18], [18, 19], [18, 20], [18, 21], [18, 22], [18, 23], [20, 21], [20, 22]]"
g_n24_e48_k3_low_03,train,24,48,3,low,78481573866,25.086129706360232,2285268587,"[[0, 1], [0, 4], [0, 5], [0, 7], [1, 9], [1, 10], [2, 5], [2, 6], [2, 10], [3, 7], [3, 8], [3, 11], [4, 6], [4, 8], [4, 10], [4, 11], [5, 6], [5, 11], [6, 7], [6, 21], [8, 11], [9, 10], [9, 11], [9, 22], [11, 15], [12, 13], [12, 16], [12, 22], [13, 17], [13, 19], [14, 15], [14, 16], [14, 17], [14, 18], [14, 19], [14, 20], [14, 21], [14, 22], [14, 23], [15, 17], [15, 21], [16, 23], [17, 23], [18, 19], [18, 21], [19, 20], [20, 23], [22, 23]]"
g_n24_e48_k3_low_04,train,24,48,3,low,78874326468,25.091121618538367,2285268585,"[[0, 7], [0, 8], [0, 9], [1, 2], [1, 6], [1, 9], [1, 11], [2, 3], [2, 4], [2, 5], [2, 6], [3, 9], [3, 10], [3, 11], [4, 6], [4, 11], [5, 8], [5, 10], [7, 9], [7, 11], [8, 9], [8, 21], [9, 10], [9, 12], [10, 13], [12, 15], [12, 18], [12, 20], [12, 21], [12, 22], [13, 15], [13, 16], [13, 22], [14, 19], [14, 20], [14, 21], [15, 23], [16, 17], [16, 18], [17, 18], [17, 20], [17, 21], [17, 22], [19, 20], [19, 23], [21, 22], [21, 23], [22, 23]]"
g_n24_e48_k3_mid_05,train,24,48,3,mid,100804994800,25.33645374294334,2285268603,"[[0, 1], [0, 3], [0, 4], [0, 7], [0, 10], [0, 11], [1, 4], [1, 6], [1, 9], [1, 19], [2, 5], [2, 10], [2, 11], [3, 7], [3, 8], [4, 6], [4, 9], [5, 9], [5, 10], [6, 8], [6, 12], [7, 8], [8, 11], [9, 10], [10, 18], [12, 13], [12, 14], [12, 20], [12, 23], [13, 17], [13, 21], [14, 15], [14, 16], [15, 16], [15, 17], [15, 18], [15, 21], [16, 18], [16, 19], [16, 20], [16, 22], [17, 19], [17, 22], [18, 21], [19, 23], [20, 23], [21, 22], [22, 23]]"
g_n24_e48_k3_mid_06,train,24,48,3,mid,101332216577,25.341670229002084,2285268565,"[[0, 1], [0, 2], [0, 5], [0, 14], [1, 4], [1, 8], [1, 9], [1, 11], [2, 6], [2, 8], [2, 10], [2, 20], [3, 4], [3, 6], [3, 7], [3, 8], [3, 11], [4, 9], [5, 10], [5, 11], [6, 7], [6, 23], [7, 9], [8, 9], [8, 10], [12, 14], [12, 15], [12, 17], [13, 17], [13, 19], [13, 20], [13, 23], [14, 19], [14, 20], [14, 21], [15, 16], [15, 18], [15, 21], [15, 22], [16, 18], [16, 21], [16, 22], [17, 23], [18, 19], [19, 20], [19, 22], [21, 22], [21, 23]]"
g_n24_e48_k3_mid_07,test,24,48,3,mid,101384778710,25.342188805494438,2285268598,"[[0, 1], [0, 4], [0, 5], [0, 7], [0, 11], [1, 3], [1, 6], [1, 8], [1, 22], [2, 7], [2, 9], [2, 10], [2, 13], [3, 5], [3, 10], [3, 11], [4, 7], [4, 9], [5, 6], [6, 8], [7, 9], [7, 11], [7, 18], [8, 9], [9, 10], [12, 21], [12, 22], [12, 23], [13, 14], [13, 16], [13, 19], [13, 20], [14, 15], [14, 21], [14, 22], [15, 16], [15, 18], [15, 19], [15, 22], [16, 17], [16, 20], [16, 22], [17, 20], [17, 21], [18, 19], [18, 23], [19, 21], [19, 23]]"
g_n24_e48_k3_mid_08,train,24,48,3,mid,101427384091,25.342608951712872,2285268600,"[[0, 2], [0, 3], [0, 5], [0, 11], [1, 2], [1, 10], [1, 11], [2, 6], [2, 8], [2, 18], [3, 4], [3, 7], [3, 10], [4, 7], [4, 8], [5, 6], [5, 9], [5, 20], [6, 8], [6, 9], [7, 8], [7, 10], [8, 9], [8, 11], [8, 19], [12, 14], [12, 18], [12, 19], [13, 15], [13, 19], [13, 21], [13, 22], [14, 16], [14, 17], [14, 19], [15, 18], [15, 20], [15, 21], [16, 19], [16, 21], [17, 20], [17, 22], [18, 21], [18, 22], [19, 23], [20, 22], [20, 23], [21, 23]]"
g_n24_e48_k3_mid_09,validation,24,48,3,mid,102024443056,25.34847825932605,2285268602,"[[0, 1], [0, 3], [0, 4], [0, 7], [0, 9], [1, 3], [1, 9], [1, 20], [2, 4], [2, 7], [2, 8], [2, 15], [3, 6], [4, 8], [4, 10], [4, 11], [5, 7], [5, 10], [5, 11], [6, 8], [6, 9], [7, 10], [8, 9], [10, 11], [11, 22], [12, 14], [12, 17], [12, 18], [12, 19], [13, 19], [13, 20], [13, 21], [14, 15], [14, 21], [14, 23], [15, 16], [15, 17], [15, 21], [15, 22], [16, 20], [16, 21], [16, 22], [17, 18], [17, 19], [18, 20], [19, 23], [21, 22], [22, 23]]"
g_n24_e48_k3_high_10,validation,24,48,3,high,137855924310,25.649474949988946,2285268604,"[[0, 1], [0, 5], [0, 7], [1, 5], [1, 8], [1, 10], [1, 11], [2, 3], [2, 4], [2, 9], [2, 13], [3, 7], [3, 8], [3, 11], [4, 9], [4, 11], [5, 9], [6, 8], [6, 9], [6, 10], [7, 10], [7, 22], [8, 10], [9, 11], [10, 16], [12, 15], [12, 18], [12, 19], [12, 20], [13, 14], [13, 18], [13, 21], [13, 23], [14, 15], [14, 21], [14, 22], [15, 16], [15, 20], [16, 19], [16, 23], [17, 18], [17, 20], [17, 21], [18, 22], [19, 20], [20, 23], [21, 23], [22, 23]]"
g_n24_e48_k3_high_11,train,24,48,3,high,141439987280,25.675141345903615,2285268567,"[[0, 2], [0, 8], [0, 10], [0, 11], [1, 5], [1, 6], [1, 7], [1, 10], [2, 3], [2, 4], [2, 9], [3, 5], [3, 7], [3, 11], [4, 6], [4, 9], [5, 8], [5, 9], [6, 8], [6, 13], [7, 11], [8, 10], [8, 16], [9, 10], [11, 14], [12, 15], [12, 18], [12, 19], [12, 20], [13, 14], [13, 17], [13, 18], [13, 19], [13, 22], [14, 15], [14, 18], [14, 21], [15, 17], [15, 23], [16, 19], [16, 22], [16, 23], [17, 18], [17, 20], [17, 23], [18, 21], [19, 20], [21, 22]]"
g_n24_e48_k3_high_12,train,24,48,3,high,141913121672,25.678480888098655,2285268615,"[[0, 2], [0, 5], [0, 8], [0, 10], [0, 18], [1, 4], [1, 7], [1, 10], [1, 11], [1, 16], [2, 6], [2, 9], [2, 11], [3, 4], [3, 5], [3, 10], [4, 9], [5, 6], [6, 7], [6, 8], [7, 8], [8, 9], [9, 11], [10, 11], [11, 21], [12, 15], [12, 19], [12, 21], [13, 18], [13, 20], [13, 23], [14, 15], [14, 20], [14, 21], [15, 17], [15, 23], [16, 19], [16, 22], [16, 23], [17, 18], [17, 21], [17, 22], [18, 19], [18, 20], [18, 21], [19, 23], [20, 22], [20, 23]]"
g_n24_e48_k3_high_13,test,24,48,3,high,143230676437,25.6877222894597,2285268610,"[[0, 4], [0, 6], [0, 9], [1, 5], [1, 7], [1, 8], [1, 21], [2, 3], [2, 7], [2, 10], [3, 5], [3, 8], [3, 9], [3, 11], [4, 5], [4, 7], [4, 11], [5, 22], [6, 7], [6, 8], [6, 10], [6, 11], [6, 18], [9, 10], [9, 11], [12, 17], [12, 18], [12, 19], [12, 21], [13, 14], [13, 19], [13, 20], [13, 22], [14, 19], [14, 21], [14, 22], [15, 20], [15, 22], [15, 23], [16, 17], [16, 19], [16, 21], [16, 23], [17, 18], [17, 21], [17, 22], [18, 23], [20, 23]]"
g_n24_e48_k3_high_14,train,24,48,3,high,143563073400,25.690040311466987,2285268573,"[[0, 3], [0, 7], [0, 11], [1, 5], [1, 7], [1, 9], [1, 10], [2, 3], [2, 5], [2, 7], [2, 9], [3, 5], [3, 7], [4, 5], [4, 6], [4, 8], [4, 9], [5, 11], [6, 7], [6, 10], [8, 10], [8, 11], [8, 20], [9, 16], [11, 22], [12, 13], [12, 19], [12, 21], [12, 22], [12, 23], [13, 14], [13, 19], [13, 21], [14, 17], [14, 18], [14, 20], [15, 19], [15, 20], [15, 23], [16, 18], [16, 20], [16, 21], [16, 22], [17, 21], [17, 23], [18, 19], [19, 21], [22, 23]]"
g_n24_e72_k2_low_00,train,24,72,2,low,980395096754232,34.518976766299325,1562888638,"[[0, 2], [0, 7], [0, 8], [0, 11], [1, 3], [1, 5], [1, 7], [1, 10], [2, 3], [2, 4], [2, 5], [2, 6], [2, 7], [2, 10], [2, 11], [2, 14], [3, 7], [3, 8], [3, 9], [3, 10], [3, 11], [4, 6], [4, 7], [4, 11], [5, 6], [5, 8], [5, 10], [5, 11], [6, 8], [6, 10], [6, 11], [7, 11], [7, 18], [8, 9], [8, 11], [9, 11], [10, 11], [12, 14], [12, 15], [12, 16], [12, 17], [12, 18], [12, 21], [12, 22], [12, 23], [13, 14], [13, 17], [13, 22], [14, 16], [14, 17], [14, 18], [14, 19], [14, 20], [15, 17], [15, 18], [16, 17], [16, 18], [16, 20], [16, 21], [16, 23], [17, 18], [17, 19], [17, 20], [18, 19], [18, 20], [18, 22], [18, 23], [19, 21], [19, 22], [20, 22], [21, 22], [21, 23]]"
g_n24_e72_k2_low_01,validation,24,72,2,low,992542087952674,34.53129053358844,1562888640,"[[0, 2], [0, 4], [0, 8], [1, 2], [1, 3], [1, 5], [1, 7], [1, 8], [1, 9], [1, 10], [1, 11], [1, 18], [2, 4], [2, 5], [2, 6], [2, 7], [2, 8], [2, 10], [2, 11], [3, 5], [3, 8], [3, 10], [4, 5], [4, 6], [4, 10], [5, 6], [5, 9], [5, 11], [6, 7], [6, 8], [6, 10], [6, 11], [7, 10], [8, 10], [8, 11], [9, 21], [10, 11], [12, 13], [12, 15], [12, 16], [12, 19], [12, 22], [12, 23], [13, 18], [13, 22], [13, 23], [14, 15], [14, 18], [14, 20], [14, 21], [15, 16], [15, 17], [15, 18], [15, 19], [15, 23], [16, 17], [16, 19], [16, 21], [16, 22], [16, 23], [17, 19], [17, 20], [18, 20], [18, 21], [18, 22], [18, 23], [19, 21], [19, 23], [20, 21], [20, 23], [21, 23], [22, 23]]"
g_n24_e72_k2_low_02,train,24,72,2,low,1008868096485371,34.54760540076476,1562888608,"[[0, 2], [0, 3], [0, 4], [0, 5], [0, 6], [0, 7], [0, 8], [0, 9], [1, 2], [1, 3], [1, 5], [1, 9], [1, 11], [2, 3], [2, 5], [2, 9], [2, 10], [2, 11], [2, 17], [3, 4], [3, 5], [4, 5], [4, 7], [4, 9], [4, 10], [4, 11], [5, 7], [5, 9], [5, 10], [5, 11], [6, 7], [6, 11], [7, 11], [8, 9], [9, 10], [9, 11], [11, 14], [12, 15], [12, 16], [12, 19], [12, 20], [12, 21], [12, 22], [12, 23], [13, 18], [13, 20], [13, 22], [14, 15], [14, 17], [14, 18], [14, 19], [14, 22], [14, 23], [15, 16], [15, 18], [15, 19], [15, 23], [16, 20], [16, 21], [16, 22], [16, 23], [17, 19], [17, 21], [17, 22], [17, 23], [18, 20], [18, 21], [18, 23], [19, 20], [19, 23], [20, 22], [22, 23]]"
g_n24_e72_k2_low_03,train,24,72,2,low,1011981657377304,34.55068684049046,1562888615,"[[0, 2], [0, 4], [0, 7], [0, 9], [0, 10], [1, 7], [1, 8], [1, 11], [2, 3], [2, 5], [2, 6], [2, 7], [2, 8], [2, 11], [3, 6], [3, 7], [3, 9], [3, 11], [4, 10], [4, 11], [4, 18], [5, 9], [5, 10], [6, 7], [6, 8], [6, 10], [6, 11], [7, 8], [7, 9], [7, 11], [8, 9], [8, 10], [8, 11], [9, 10], [9, 11], [10, 11], [10, 12], [12, 14], [12, 15], [12, 17], [12, 18], [12, 19], [12, 20], [12, 21], [12, 22], [13, 14], [13, 15], [13, 18], [13, 19], [13, 22], [13, 23], [14, 16], [14, 17], [14, 19], [14, 22], [14, 23], [15, 16], [15, 17], [15, 21], [16, 22], [17, 18], [17, 19], [17, 20], [17, 21], [17, 22], [18, 21], [18, 22], [18, 23], [20, 21], [20, 22], [21, 22], [21, 23]]"
g_n24_e72_k2_low_04,test,24,72,2,low,1055264835025856,34.59256815879687,1562888654,"[[0, 7], [0, 8], [0, 9], [0, 10], [0, 11], [0, 13], [1, 3], [1, 4], [1, 6], [2, 3], [2, 4], [2, 8], [2, 9], [2, 10], [3, 5], [3, 6], [3, 8], [3, 9], [4, 5], [4, 6], [4, 7], [4, 8], [4, 9], [4, 10], [4, 11], [5, 6], [5, 7], [5, 8], [5, 11], [6, 8], [6, 9], [6, 11], [7, 11], [7, 15], [8, 9], [8, 11], [10, 11], [12, 13], [12, 14], [12, 15], [12, 16], [12, 17], [12, 18], [12, 21], [13, 15], [13, 17], [13, 19], [13, 20], [13, 21], [13, 22], [13, 23], [14, 15], [14, 16], [14, 17], [14, 18], [15, 17], [15, 19], [15, 21], [15, 22], [16, 17], [16, 19], [16, 21], [16, 23], [17, 19], [17, 21], [17, 22], [18, 20], [18, 21], [19, 20], [19, 21], [19, 23], [21, 22]]"
g_n24_e72_k2_mid_05,test,24,72,2,mid,1491189748892480,34.93835068543474,1562888623,"[[0, 1], [0, 4], [0, 7], [0, 9], [1, 2], [1, 7], [1, 9], [1, 10], [1, 11], [2, 3], [2, 5], [2, 6], [2, 8], [2, 9], [2, 11], [2, 16], [3, 5], [3, 7], [3, 9], [3, 11], [4, 5], [4, 6], [4, 7], [4, 8], [4, 9], [4, 10], [4, 11], [5, 8], [5, 9], [6, 7], [6, 10], [7, 9], [7, 10], [7, 11], [8, 9], [10, 11], [10, 13], [12, 14], [12, 16], [12, 19], [12, 20], [12, 23], [13, 16], [13, 17], [13, 18], [13, 19], [13, 20], [13, 21], [13, 23], [14, 15], [14, 17], [14, 19], [14, 22], [14, 23], [15, 16], [15, 17], [15, 18], [15, 19], [15, 21], [15, 22], [15, 23], [16, 17], [16, 21], [16, 23], [17, 19], [17, 20], [18, 20], [18, 23], [19, 20], [19, 22], [19, 23], [22, 23]]"
g_n24_e72_k2_mid_06,train,24,72,2,mid,1493327058176800,34.93978295054689,1562888653,"[[0, 1], [0, 2], [0, 4], [0, 7], [0, 8], [1, 3], [1, 9], [1, 11], [2, 5], [2, 6], [2, 7], [2, 8], [2, 9], [2, 11], [3, 7], [3, 8], [3, 11], [3, 12], [4, 6], [4, 9], [4, 10], [5, 7], [5, 8], [5, 9], [5, 11], [6, 7], [6, 8], [6, 10], [6, 11], [7, 8], [7, 9], [7, 10], [8, 9], [8, 10], [8, 11], [10, 11], [10, 14], [12, 14], [12, 16], [12, 18], [12, 23], [13, 15], [13, 16], [13, 17], [13, 19], [13, 20], [13, 23], [14, 15], [14, 16], [14, 17], [14, 18], [14, 19], [14, 22], [14, 23], [15, 17], [15, 20], [15, 21], [16, 18], [16, 19], [16, 21], [16, 22], [16, 23], [17, 19], [17, 21], [17, 22], [17, 23], [18, 20], [18, 23], [19, 20], [19, 23], [20, 23], [22, 23]]"
g_n24_e72_k2_mid_07,validation,24,72,2,mid,1496392909865320,34.94183388026335,1562888588,"[[0, 2], [0, 4], [0, 5], [0, 8], [0, 9], [0, 10], [0, 16], [1, 5], [1, 7], [1, 8], [1, 9], [1, 10], [1, 11], [2, 6], [2, 7], [2, 11], [3, 4], [3, 7], [3, 8], [3, 9], [3, 11], [4, 5], [4, 8], [4, 11], [5, 6], [5, 7], [5, 8], [5, 10], [5, 11], [5, 23], [6, 9], [6, 10], [6, 11], [7, 9], [7, 11], [8, 10], [9, 10], [12, 13], [12, 14], [12, 15], [12, 18], [12, 22], [13, 14], [13, 15], [13, 18], [13, 22], [13, 23], [14, 16], [14, 18], [14, 19], [14, 21], [15, 16], [15, 18], [15, 20], [15, 22], [15, 23], [16, 17], [16, 18], [16, 19], [16, 22], [16, 23], [17, 18], [17, 19], [17, 20], [17, 21], [17, 22], [17, 23], [18, 20], [18, 23], [19, 23], [20, 22], [22, 23]]"
g_n24_e72_k2_mid_08,train,24,72,2,mid,1498289780189296,34.94310070601685,1562888606,"[[0, 1], [0, 4], [0, 5], [0, 6], [0, 8], [0, 9], [0, 10], [1, 4], [1, 5], [2, 3], [2, 4], [2, 5], [2, 10], [2, 11], [3, 7], [3, 8], [3, 9], [3, 21], [4, 6], [4, 8], [4, 9], [4, 10], [4, 11], [4, 19], [5, 6], [5, 7], [5, 10], [6, 7], [6, 11], [7, 8], [7, 11], [8, 9], [8, 10], [8, 11], [9, 10], [9, 11], [10, 11], [12, 14], [12, 17], [12, 19], [12, 22], [13, 17], [13, 20], [13, 21], [13, 22], [14, 16], [14, 17], [14, 18], [14, 19], [14, 20], [14, 23], [15, 18], [15, 20], [15, 22], [15, 23], [16, 17], [16, 18], [16, 20], [16, 23], [17, 18], [17, 21], [17, 22], [17, 23], [18, 20], [18, 21], [18, 23], [19, 20], [20, 21], [20, 22], [20, 23], [21, 22], [22, 23]]"
g_n24_e72_k2_mid_09,train,24,72,2,mid,1514903988892467,34.954128458195484,1562888611,"[[0, 1], [0, 5], [0, 8], [1, 2], [1, 5], [1, 8], [1, 9], [1, 10], [2, 3], [2, 5], [2, 6], [2, 7], [2, 8], [3, 4], [3, 6], [3, 7], [3, 8], [3, 11], [4, 6], [4, 8], [4, 9], [4, 10], [4, 11], [5, 7], [5, 8], [5, 9], [5, 11], [5, 22], [6, 7], [6, 8], [6, 10], [6, 11], [7, 8], [7, 9], [8, 23], [9, 10], [9, 11], [12, 13], [12, 14], [12, 15], [12, 16], [12, 17], [13, 14], [13, 15], [13, 16], [13, 18], [13, 19], [13, 21], [13, 23], [14, 18], [14, 19], [15, 16], [15, 20], [15, 23], [16, 18], [16, 19], [16, 20], [16, 21], [16, 22], [16, 23], [17, 18], [17, 20], [17, 21], [18, 20], [18, 21], [18, 22], [18, 23], [19, 20], [19, 21], [19, 23], [20, 21], [22, 23]]"
g_n24_e72_k2_high_10,validation,24,72,2,high,2285019589310501,35.36515099222251,1562888591,"[[0, 1], [0, 3], [0, 7], [0, 8], [1, 3], [1, 6], [1, 9], [1, 11], [2, 3], [2, 4], [2, 6], [2, 10], [2, 11], [3, 5], [3, 10], [4, 5], [4, 6], [4, 7], [4, 8], [4, 9], [4, 11], [5, 8], [5, 10], [5, 11], [6, 7], [6, 8], [6, 9], [6, 10], [6, 11], [7, 8], [7, 11], [8, 9], [8, 10], [9, 10], [9, 11], [10, 23], [11, 19], [12, 13], [12, 14], [12, 16], [12, 19], [12, 21], [12, 22], [13, 16], [13, 17], [13, 18], [13, 19], [13, 21], [14, 16], [14, 17], [14, 20], [14, 21], [14, 23], [15, 17], [15, 18], [15, 20], [15, 21], [15, 22], [15, 23], [16, 18], [16, 20], [16, 22], [16, 23], [17, 18], [17, 19], [17, 21], [17, 23], [18, 19], [18, 22], [18, 23], [19, 22], [19, 23]]"
g_n24_e72_k2_high_11,train,24,72,2,high,2354694821004966,35.39518752629819,1562888614,"[[0, 1], [0, 3], [0, 5], [0, 7], [0, 8], [1, 2], [1, 4], [1, 6], [1, 8], [1, 9], [1, 10], [2, 5], [2, 7], [2, 8], [2, 9], [3, 4], [3, 7], [3, 9], [3, 11], [4, 5], [4, 6], [4, 10], [4, 11], [5, 7], [5, 9], [5, 11], [5, 13], [6, 7], [6, 8], [6, 9], [6, 18], [7, 11], [8, 9], [8, 10], [9, 10], [9, 11], [10, 11], [12, 13], [12, 14], [12, 15], [12, 18], [12, 20], [12, 21], [12, 23], [13, 14], [13, 17], [13, 18], [14, 15], [14, 16], [14, 17], [14, 21], [14, 23], [15, 18], [15, 19], [15, 22], [15, 23], [16, 17], [16, 18], [16, 21], [16, 23], [17, 18], [17, 20], [17, 21], [17, 22], [18, 19], [18, 21], [18, 22], [19, 20], [20, 21], [20, 23], [21, 22], [22, 23]]"
g_n24_e72_k2_high_12,train,24,72,2,high,2569893392985302,35.48264081162876,1562888642,"[[0, 1], [0, 3], [0, 6], [0, 8], [0, 9], [0, 11], [1, 2], [1, 3], [1, 6], [1, 7], [1, 10], [2, 5], [2, 7], [2, 9], [2, 10], [2, 11], [3, 5], [3, 8], [3, 9], [3, 11], [4, 6], [4, 7], [4, 8], [4, 9], [4, 10], [4, 11], [5, 7], [5, 11], [6, 7], [6, 8], [6, 11], [7, 11], [8, 9], [8, 10], [8, 17], [9, 10], [11, 21], [12, 13], [12, 14], [12, 16], [12, 17], [12, 18], [12, 20], [12, 22], [13, 14], [13, 18], [13, 19], [13, 20], [13, 22], [14, 15], [14, 17], [14, 19], [14, 20], [14, 21], [14, 22], [14, 23], [15, 17], [15, 19], [15, 20], [15, 21], [15, 23], [16, 17], [16, 19], [16, 21], [16, 22], [17, 20], [17, 22], [18, 19], [18, 23], [19, 22], [21, 23], [22, 23]]"
g_n24_e72_k2_high_13,train,24,72,2,high,2574492316233198,35.484428750843655,1562888604,"[[0, 2], [0, 3], [0, 5], [0, 6], [0, 9], [0, 11], [0, 13], [1, 2], [1, 3], [1, 4], [1, 7], [1, 8], [1, 10], [2, 7], [2, 8], [2, 9], [2, 10], [2, 11], [3, 6], [3, 8], [3, 9], [3, 10], [4, 5], [4, 6], [4, 10], [4, 11], [5, 8], [5, 9], [5, 10], [5, 18], [6, 7], [6, 8], [7, 8], [7, 10], [7, 11], [8, 10], [9, 11], [12, 13], [12, 16], [12, 21], [12, 22], [12, 23], [13, 15], [13, 16], [13, 20], [13, 21], [13, 22], [13, 23], [14, 15], [14, 16], [14, 17], [14, 18], [14, 19], [14, 23], [15, 17], [15, 19], [15, 21], [15, 22], [16, 17], [16, 18], [16, 22], [16, 23], [17, 18], [17, 19], [17, 20], [17, 23], [18, 19], [18, 21], [18, 22], [19, 22], [20, 21], [21, 23]]"
g_n24_e72_k2_high_14,test,24,72,2,high,2675397025309590,35.522874184921875,1562888599,"[[0, 2], [0, 3], [0, 5], [0, 6], [0, 8], [0, 10], [0, 11], [0, 14], [1, 3], [1, 4], [1, 6], [1, 10], [1, 11], [2, 5], [2, 8], [2, 9], [2, 10], [2, 11], [3, 4], [3, 6], [3, 7], [3, 10], [3, 11], [3, 21], [4, 7], [4, 8], [4, 9], [5, 10], [5, 11], [6, 8], [6, 9], [7, 8], [7, 9], [7, 11], [8, 9], [8, 10], [10, 11], [12, 14], [12, 15], [12, 17], [12, 18], [12, 20], [13, 14], [13, 16], [13, 18], [13, 20], [13, 21], [14, 20], [14, 22], [14, 23], [15, 17], [15, 19], [15, 20], [15, 21], [15, 23], [16, 17], [16, 18], [16, 19], [16, 22], [16, 23], [17, 19], [17, 20], [17, 21], [18, 19], [18, 21], [18, 22], [19, 21], [19, 23], [20, 22], [20, 23], [21, 22], [21, 23]]"
g_n24_e72_k3_low_00,validation,24,72,3,low,1358556154065787,34.84519887928538,1563888610,"[[0, 2], [0, 6], [0, 11], [1, 3], [1, 5], [1, 6], [1, 8], [1, 10], [1, 11], [1, 15], [2, 4], [2, 5], [2, 6], [2, 8], [2, 10], [3, 8], [3, 10], [3, 19], [4, 5], [4, 7], [4, 8], [5, 6], [5, 7], [5, 8], [5, 9], [5, 11], [6, 7], [6, 8], [6, 9], [6, 10], [6, 11], [7, 8], [7, 14], [8, 9], [8, 11], [9, 10], [10, 11], [12, 14], [12, 17], [12, 19], [13, 15], [13, 19], [13, 21], [13, 22], [13, 23], [14, 15], [14, 16], [14, 17], [14, 19], [14, 20], [14, 22], [14, 23], [15, 16], [15, 18], [15, 19], [15, 21], [15, 22], [16, 18], [16, 21], [16, 22], [16, 23], [17, 18], [18, 19], [18, 20], [18, 21], [19, 21], [19, 22], [20, 22], [20, 23], [21, 22], [21, 23], [22, 23]]"
g_n24_e72_k3_low_01,test,24,72,3,low,1433901925179840,34.899175742266564,1563888603,"[[0, 2], [0, 4], [0, 6], [0, 7], [0, 8], [0, 9], [0, 11], [0, 15], [1, 2], [1, 4], [1, 6], [1, 8], [1, 11], [2, 4], [2, 5], [2, 6], [2, 7], [2, 8], [2, 9], [2, 10], [2, 11], [2, 17], [3, 5], [3, 7], [3, 8], [3, 16], [4, 5], [4, 6], [4, 8], [4, 9], [4, 11], [5, 9], [6, 9], [7, 8], [7, 10], [9, 10], [9, 11], [12, 13], [12, 14], [12, 15], [12, 16], [12, 17], [12, 19], [12, 21], [13, 14], [13, 16], [13, 18], [13, 19], [13, 20], [13, 22], [14, 16], [14, 17], [14, 18], [14, 19], [14, 21], [14, 22], [15, 17], [15, 18], [15, 20], [15, 22], [15, 23], [16, 17], [16, 19], [16, 21], [16, 22], [17, 18], [17, 19], [17, 20], [18, 23], [19, 20], [19, 22], [22, 23]]"
g_n24_e72_k3_low_02,train,24,72,3,low,1440574470707528,34.90381836693533,1563888586,"[[0, 2], [0, 9], [0, 10], [0, 12], [1, 2], [1, 3], [1, 4], [1, 6], [1, 7], [1, 10], [1, 11], [2, 3], [2, 5], [2, 6], [2, 9], [3, 5], [3, 6], [3, 7], [3, 9], [3, 10], [4, 5], [4, 6], [4, 7], [4, 8], [4, 10], [4, 11], [4, 17], [5, 6], [5, 10], [6, 9], [7, 10], [8, 9], [8, 10], [9, 10], [9, 11], [10, 11], [10, 22], [12, 13], [12, 14], [12, 15], [12, 16], [12, 17], [12, 19], [12, 20], [12, 22], [13, 14], [13, 15], [13, 16], [13, 17], [13, 19], [13, 20], [13, 21], [13, 22], [13, 23], [14, 16], [14, 20], [14, 22], [14, 23], [15, 20], [15, 21], [15, 23], [16, 18], [17, 21], [18, 21], [18, 23], [19, 20], [19, 22], [20, 21], [20, 22], [21, 22], [21, 23], [22, 23]]"
g_n24_e72_k3_low_03,train,24,72,3,low,1537791563612295,34.969123732500584,1563888625,"[[0, 2], [0, 4], [0, 8], [0, 9], [1, 3], [1, 4], [1, 8], [1, 9], [1, 11], [2, 4], [2, 8], [2, 9], [2, 11], [3, 4], [3, 5], [3, 10], [3, 11], [4, 6], [4, 7], [4, 8], [4, 11], [5, 6], [5, 7], [5, 11], [5, 14], [6, 7], [6, 8], [6, 9], [6, 10], [6, 11], [7, 11], [8, 9], [8, 11], [9, 11], [10, 11], [10, 21], [11, 23], [12, 15], [12, 17], [12, 18], [12, 19], [12, 20], [12, 21], [12, 22], [13, 14], [13, 18], [13, 21], [13, 23], [14, 15], [14, 16], [14, 19], [14, 21], [14, 22], [14, 23], [15, 16], [15, 17], [15, 18], [15, 20], [15, 23], [16, 18], [16, 21], [17, 18], [17, 20], [17, 21], [17, 23], [18, 21], [18, 23], [19, 20], [19, 21], [20, 21], [21, 23], [22, 23]]"
g_n24_e72_k3_low_04,train,24,72,3,low,1619087740403410,35.02063926233378,1563888632,"[[0, 2], [0, 3], [0, 5], [0, 6], [0, 7], [0, 8], [0, 11], [1, 6], [1, 7], [1, 8], [1, 10], [2, 4], [2, 5], [2, 6], [2, 8], [2, 9], [2, 10], [3, 5], [3, 10], [4, 5], [4, 7], [4, 8], [4, 10], [5, 6], [5, 7], [5, 8], [5, 10], [5, 11], [6, 7], [6, 9], [8, 9], [8, 10], [8, 11], [8, 19], [9, 11], [9, 22], [11, 13], [12, 13], [12, 18], [12, 19], [12, 22], [12, 23], [13, 15], [13, 17], [13, 19], [13, 22], [14, 15], [14, 16], [14, 17], [14, 18], [14, 19], [14, 21], [14, 22], [15, 16], [15, 18], [15, 19], [15, 21], [15, 23], [16, 17], [16, 18], [16, 19], [16, 20], [16, 21], [16, 22], [17, 19], [18, 19], [18, 22], [18, 23], [19, 23], [20, 22], [20, 23], [22, 23]]"
g_n24_e72_k3_mid_05,train,24,72,3,mid,2536094395032676,35.46940165280898,1563888639,"[[0, 1], [0, 2], [0, 4], [0, 5], [0, 6], [0, 8], [0, 10], [0, 11], [1, 2], [1, 6], [1, 8], [1, 10], [1, 11], [2, 4], [2, 6], [3, 7], [3, 8], [3, 9], [3, 10], [3, 11], [4, 9], [4, 10], [5, 7], [5, 9], [5, 10], [6, 8], [6, 9], [6, 11], [7, 8], [7, 10], [7, 11], [7, 12], [8, 9], [8, 21], [9, 11], [10, 11], [10, 23], [12, 13], [12, 15], [12, 17], [12, 18], [12, 20], [13, 14], [13, 15], [13, 17], [13, 18], [13, 19], [14, 15], [14, 16], [14, 17], [14, 18], [14, 19], [14, 22], [14, 23], [15, 18], [15, 19], [15, 20], [15, 21], [15, 22], [16, 22], [16, 23], [17, 19], [17, 20], [17, 21], [17, 22], [17, 23], [18, 21], [18, 22], [18, 23], [19, 23], [20, 22], [20, 23]]"
g_n24_e72_k3_mid_06,train,24,72,3,mid,2536322539912701,35.46949160790656,1563888600,"[[0, 1], [0, 3], [0, 4], [0, 6], [0, 8], [0, 9], [0, 22], [1, 2], [1, 7], [1, 8], [1, 9], [1, 10], [1, 11], [2, 4], [2, 5], [2, 6], [2, 7], [2, 9], [3, 7], [3, 10], [3, 11], [4, 8], [4, 9], [4, 10], [4, 11], [5, 9], [5, 10], [6, 7], [6, 9], [6, 10], [7, 8], [7, 9], [7, 11], [7, 14], [8, 9], [8, 11], [8, 18], [12, 13], [12, 15], [12, 16], [12, 17], [12, 20], [12, 21], [12, 22], [12, 23], [13, 14], [13, 16], [13, 18], [13, 19], [13, 20], [13, 21], [13, 22], [13, 23], [14, 16], [14, 19], [14, 20], [14, 22], [15, 16], [15, 20], [16, 17], [16, 18], [16, 19], [17, 18], [17, 21], [17, 22], [18, 19], [18, 20], [19, 23], [20, 21], [21, 22], [21, 23], [22, 23]]"
g_n24_e72_k3_mid_07,train,24,72,3,mid,2545488829538100,35.47309910094393,1563888597,"[[0, 2], [0, 6], [0, 7], [0, 8], [0, 9], [0, 10], [1, 3], [1, 5], [1, 7], [1, 9], [1, 10], [1, 11], [2, 3], [2, 4], [2, 5], [2, 6], [2, 7], [2, 9], [2, 10], [2, 11], [3, 9], [3, 11], [3, 15], [4, 7], [4, 10], [4, 11], [5, 7], [5, 11], [5, 20], [6, 8], [6, 11], [7, 8], [7, 9], [8, 9], [8, 10], [9, 11], [11, 21], [12, 15], [12, 16], [12, 18], [12, 20], [12, 21], [12, 23], [13, 14], [13, 18], [13, 19], [13, 22], [13, 23], [14, 16], [14, 20], [15, 16], [15, 17], [15, 18], [15, 19], [15, 20], [15, 22], [15, 23], [16, 17], [16, 19], [16, 23], [17, 19], [17, 20], [17, 21], [17, 23], [18, 20], [18, 21], [18, 23], [19, 21], [19, 22], [19, 23], [20, 21], [21, 22]]"
g_n24_e72_k3_mid_08,test,24,72,3,mid,2546367982296076,35.47344441810393,1563888644,"[[0, 1], [0, 4], [0, 5], [0, 9], [1, 3], [1, 4], [1, 5], [1, 7], [1, 8], [1, 9], [1, 11], [1, 15], [2, 3], [2, 7], [2, 8], [2, 10], [3, 5], [3, 6], [3, 7], [3, 8], [3, 23], [4, 5], [4, 6], [4, 7], [4, 8], [5, 6], [5, 10], [5, 11], [6, 7], [6, 8], [6, 9], [6, 11], [7, 8], [8, 9], [8, 10], [9, 10], [11, 22], [12, 14], [12, 16], [12, 20], [12, 21], [12, 22], [13, 15], [13, 17], [13, 19], [13, 20], [13, 21], [14, 16], [14, 17], [14, 18], [14, 19], [14, 22], [14, 23], [15, 17], [15, 21], [16, 17], [16, 20], [16, 22], [16, 23], [17, 18], [17, 19], [17, 20], [17, 23], [18, 19], [18, 20], [18, 23], [19, 21], [19, 23], [20, 21], [20, 23], [21, 22], [22, 23]]"
g_n24_e72_k3_mid_09,validation,24,72,3,mid,2570558998336725,35.48289977924658,1563888631,"[[0, 1], [0, 2], [0, 3], [0, 6], [0, 7], [0, 8], [0, 10], [1, 2], [1, 3], [1, 7], [1, 11], [2, 7], [2, 8], [2, 9], [2, 10], [2, 11], [3, 4], [3, 6], [3, 8], [3, 11], [4, 5], [4, 9], [4, 10], [4, 11], [4, 22], [5, 6], [5, 7], [5, 10], [6, 9], [6, 11], [7, 10], [7, 15], [8, 9], [8, 10], [8, 11], [10, 11], [10, 21], [12, 15], [12, 17], [12, 20], [12, 23], [13, 14], [13, 15], [13, 16], [13, 17], [13, 18], [13, 21], [13, 23], [14, 15], [14, 16], [14, 17], [14, 20], [14, 23], [15, 16], [15, 17], [15, 19], [15, 20], [15, 22], [15, 23], [16, 17], [16, 18], [16, 19], [16, 21], [17, 18], [18, 20], [18, 21], [18, 22], [19, 23], [20, 21], [20, 23], [21, 23], [22, 23]]"
g_n24_e72_k3_high_10,train,24,72,3,high,3510478511546403,35.79452875117253,1563888608,"[[0, 3], [0, 5], [0, 6], [0, 9], [0, 10], [1, 5], [1, 7], [1, 9], [1, 10], [1, 11], [1, 14], [2, 3], [2, 4], [2, 5], [2, 7], [2, 8], [2, 9], [2, 10], [3, 4], [3, 6], [3, 8], [3, 22], [4, 6], [4, 7], [4, 9], [5, 6], [5, 7], [5, 9], [5, 11], [6, 7], [6, 9], [6, 10], [6, 11], [6, 20], [7, 10], [8, 9], [8, 11], [12, 14], [12, 15], [12, 16], [12, 18], [12, 19], [13, 14], [13, 15], [13, 16], [13, 18], [13, 19], [13, 22], [13, 23], [14, 17], [14, 19], [14, 21], [14, 22], [14, 23], [15, 16], [15, 17], [15, 18], [15, 20], [15, 21], [16, 17], [16, 22], [16, 23], [17, 21], [18, 19], [18, 21], [18, 22], [18, 23], [19, 20], [20, 21], [20, 23], [21, 23], [22, 23]]"
g_n24_e72_k3_high_11,train,24,72,3,high,3534771777090288,35.80142513123881,1563888634,"[[0, 1], [0, 3], [0, 4], [0, 5], [0, 6], [0, 7], [0, 9], [0, 10], [1, 2], [1, 4], [1, 8], [1, 9], [1, 10], [1, 11], [2, 3], [2, 4], [2, 5], [2, 8], [2, 10], [2, 11], [3, 5], [3, 7], [3, 11], [4, 6], [4, 10], [4, 11], [5, 8], [5, 10], [5, 11], [5, 21], [6, 7], [6, 9], [6, 19], [7, 8], [7, 9], [9, 10], [11, 18], [12, 13], [12, 15], [12, 16], [12, 17], [12, 18], [12, 20], [12, 23], [13, 15], [13, 17], [13, 18], [13, 20], [13, 21], [13, 22], [14, 15], [14, 16], [14, 17], [14, 19], [14, 20], [14, 21], [14, 23], [15, 18], [15, 19], [15, 22], [16, 19], [16, 22], [17, 23], [18, 19], [18, 20], [18, 22], [18, 23], [19, 22], [20, 21], [20, 23], [21, 22], [21, 23]]"
g_n24_e72_k3_high_12,test,24,72,3,high,3549694676367504,35.805637988042186,1563888589,"[[0, 3], [0, 4], [0, 5], [0, 6], [0, 7], [0, 9], [0, 10], [1, 2], [1, 3], [1, 4], [1, 5], [1, 8], [2, 3], [2, 4], [2, 7], [2, 9], [2, 11], [3, 6], [3, 8], [3, 10], [3, 11], [4, 5], [4, 7], [4, 10], [5, 6], [5, 7], [5, 11], [6, 8], [6, 10], [6, 19], [7, 8], [7, 9], [7, 11], [7, 12], [8, 11], [9, 11], [11, 18], [12, 15], [12, 16], [12, 17], [12, 18], [12, 20], [12, 21], [12, 22], [13, 14], [13, 15], [13, 17], [13, 19], [13, 20], [13, 21], [13, 22], [14, 15], [14, 19], [14, 22], [15, 17], [15, 19], [15, 23], [16, 18], [16, 19], [16, 20], [16, 21], [16, 23], [17, 18], [17, 21], [18, 19], [18, 20], [19, 21], [19, 22], [20, 23], [21, 22], [21, 23], [22, 23]]"
g_n24_e72_k3_high_13,train,24,72,3,high,3583959994844412,35.815244727808285,1563888592,"[[0, 4], [0, 5], [0, 6], [0, 7], [0, 8], [0, 11], [1, 3], [1, 6], [1, 8], [1, 10], [1, 11], [2, 3], [2, 4], [2, 5], [2, 6], [2, 7], [2, 9], [2, 11], [3, 4], [3, 6], [3, 8], [3, 9], [3, 10], [4, 6], [4, 8], [4, 11], [4, 23], [5, 7], [5, 9], [6, 8], [6, 9], [6, 10], [7, 10], [9, 10], [9, 21], [10, 11], [11, 15], [12, 15], [12, 16], [12, 18], [12, 19], [12, 22], [13, 15], [13, 16], [13, 17], [13, 19], [13, 21], [14, 15], [14, 19], [14, 21], [14, 23], [15, 17], [15, 19], [15, 20], [15, 22], [16, 18], [16, 19], [16, 20], [16, 21], [16, 22], [17, 18], [17, 20], [17, 21], [17, 22], [17, 23], [18, 21], [18, 22], [18, 23], [19, 20], [19, 21], [20, 23], [22, 23]]"
g_n24_e72_k3_high_14,validation,24,72,3,high,3780517762300256,35.868637369315586,1563888588,"[[0, 3], [0, 5], [0, 8], [0, 9], [0, 19], [1, 2], [1, 3], [1, 4], [1, 6], [1, 8], [1, 10], [2, 3], [2, 5], [2, 6], [2, 11], [3, 5], [3, 9], [3, 11], [4, 5], [4, 6], [4, 7], [4, 8], [4, 9], [4, 11], [5, 6], [5, 8], [5, 9], [5, 10], [5, 23], [6, 7], [6, 9], [7, 9], [7, 10], [7, 11], [7, 22], [8, 10], [9, 11], [12, 15], [12, 18], [12, 19], [12, 20], [12, 22], [12, 23], [13, 15], [13, 19], [13, 20], [13, 22], [13, 23], [14, 15], [14, 16], [14, 17], [14, 19], [14, 20], [14, 21], [14, 23], [15, 17], [15, 18], [15, 19], [16, 17], [16, 18], [16, 19], [16, 20], [16, 22], [17, 19], [17, 20], [17, 21], [17, 23], [18, 21], [18, 23], [19, 21], [20, 22], [22, 23]]"
g_n32_e64_k2_low_00,train,32,64,2,low,70592389369440,31.887943455317266,2660471522,"[[0, 5], [0, 15], [1, 9], [1, 12], [2, 4], [2, 9], [2, 10], [2, 12], [2, 15], [3, 7], [3, 9], [3, 11], [3, 13], [3, 15], [4, 7], [4, 11], [4, 12], [5, 15], [6, 7], [6, 13], [7, 8], [7, 10], [7, 13], [7, 28], [8, 9], [8, 15], [9, 10], [9, 12], [9, 14], [10, 12], [11, 12], [12, 14], [13, 25], [16, 17], [16, 20], [16, 22], [16, 30], [17, 19], [17, 22], [17, 27], [17, 30], [17, 31], [18, 22], [18, 26], [18, 29], [19, 23], [19, 30], [19, 31], [20, 24], [20, 31], [21, 29], [21, 31], [22, 25], [22, 31], [23, 25], [23, 31], [24, 27], [25, 28], [26, 28], [26, 30], [27, 30], [27, 31], [28, 29], [28, 30]]"
g_n32_e64_k2_low_01,train,32,64,2,low,86212122853027,32.087831920055855,2660471555,"[[0, 3], [0, 5], [0, 9], [0, 10], [0, 11], [0, 13], [1, 3], [1, 6], [1, 14], [2, 5], [2, 9], [3, 4], [3, 5], [3, 13], [3, 15], [4, 6], [4, 7], [4, 13], [4, 21], [5, 9], [6, 8], [6, 13], [6, 14], [6, 15], [7, 8], [8, 10], [8, 12], [8, 14], [9, 13], [9, 15], [11, 15], [12, 13], [15, 19], [16, 25], [16, 26], [17, 18], [17, 19], [17, 26], [17, 28], [18, 22], [18, 23], [18, 26], [18, 28], [18, 29], [18, 31], [19, 20], [19, 22], [19, 24], [19, 30], [20, 25], [20, 27], [21, 27], [21, 28], [22, 24], [22, 27], [22, 29], [22, 31], [23, 26], [23, 29], [24, 27], [24, 31], [26, 31], [29, 30], [29, 31]]"
g_n32_e64_k2_low_02,train,32,64,2,low,88139735771600,32.10994457751171,2660471561,"[[0, 1], [0, 3], [0, 6], [0, 7], [0, 8], [0, 11], [1, 4], [1, 5], [2, 4], [2, 10], [3, 8], [3, 9], [3, 12], [4, 8], [4, 13], [4, 14], [4, 30], [5, 7], [5, 8], [6, 8], [6, 10], [6, 15], [6, 17], [7, 8], [8, 13], [8, 14], [9, 10], [9, 13], [9, 15], [10, 13], [11, 12], [13, 15], [14, 15], [16, 19], [16, 21], [16, 23], [16, 25], [16, 26], [16, 27], [16, 28], [16, 30], [17, 19], [17, 23], [17, 26], [17, 31], [18, 20], [18, 24], [18, 25], [18, 29], [18, 30], [19, 20], [19, 21], [19, 24], [19, 25], [22, 27], [22, 30], [23, 24], [23, 29], [23, 30], [24, 25], [25, 30], [25, 31], [27, 28], [28, 31]]"
g_n32_e64_k2_low_03,validation,32,64,2,low,92170563115776,32.15466192344975,2660471541,"[[0, 6], [0, 7], [1, 3], [1, 12], [1, 14], [2, 5], [2, 6], [2, 11], [2, 12], [2, 15], [2, 24], [3, 6], [3, 8], [3, 11], [4, 5], [4, 8], [4, 9], [6, 11], [6, 12], [7, 9], [7, 10], [7, 12], [7, 13], [7, 15], [9, 13], [10, 11], [10, 12], [10, 13], [10, 15], [11, 12], [12, 15], [13, 14], [14, 27], [16, 22], [16, 24], [16, 29], [17, 18], [17, 20], [17, 25], [17, 26], [18, 19], [18, 22], [19, 21], [19, 22], [19, 31], [20, 24], [21, 22], [21, 23], [21, 25], [21, 27], [21, 29], [21, 30], [22, 25], [22, 27], [22, 30], [23, 25], [23, 27], [23, 29], [23, 31], [24, 25], [24, 30], [25, 28], [26, 28], [29, 30]]"
g_n32_e64_k2_low_04,test,32,64,2,low,94553162375760,32.18018335707083,2660471562,"[[0, 14], [0, 15], [1, 5], [1, 7], [1, 10], [1, 11], [1, 12], [1, 14], [2, 4], [2, 6], [2, 7], [2, 8], [2, 15], [3, 7], [3, 8], [3, 13], [4, 7], [4, 9], [5, 9], [6, 8], [6, 10], [6, 12], [6, 13], [7, 8], [7, 11], [7, 14], [8, 10], [8, 12], [8, 14], [9, 15], [11, 13], [12, 27], [14, 19], [16, 20], [16, 21], [16, 22], [16, 26], [16, 28], [16, 29], [16, 30], [16, 31], [17, 18], [17, 19], [17, 24], [17, 26], [17, 27], [18, 22], [18, 24], [19, 22], [19, 25], [19, 26], [19, 27], [20, 30], [20, 31], [21, 23], [21, 29], [22, 24], [22, 29], [22, 31], [23, 27], [25, 26], [25, 29], [26, 31], [28, 31]]"
g_n32_e64_k2_mid_05,test,32,64,2,mid,175284043235440,32.79742887824455,2660471565,"[[0, 2], [0, 5], [0, 8], [0, 9], [0, 11], [0, 13], [0, 15], [0, 30], [1, 7], [1, 12], [2, 7], [2, 14], [3, 4], [3, 11], [3, 14], [4, 5], [4, 7], [4, 9], [4, 10], [4, 14], [4, 15], [4, 26], [5, 9], [6, 12], [6, 15], [7, 13], [8, 13], [8, 14], [9, 15], [10, 13], [11, 13], [12, 14], [13, 15], [16, 20], [16, 21], [16, 23], [16, 28], [17, 19], [17, 23], [17, 30], [18, 21], [18, 25], [18, 26], [18, 27], [18, 29], [19, 23], [19, 28], [20, 28], [20, 31], [21, 25], [21, 28], [22, 26], [22, 27], [22, 28], [23, 25], [23, 29], [24, 27], [24, 28], [25, 27], [25, 31], [26, 30], [27, 29], [27, 30], [28, 31]]"
g_n32_e64_k2_mid_06,train,32,64,2,mid,180084881233200,32.82444941807481,2660471547,"[[0, 9], [0, 11], [1, 2], [1, 5], [1, 9], [2, 7], [2, 14], [3, 4], [3, 5], [3, 12], [4, 7], [4, 10], [5, 6], [5, 9], [5, 11], [5, 14], [5, 15], [6, 9], [6, 14], [6, 15], [7, 10], [7, 12], [7, 14], [7, 27], [8, 9], [8, 15], [9, 13], [10, 11], [10, 12], [11, 13], [11, 15], [11, 19], [13, 15], [16, 17], [16, 18], [16, 19], [16, 24], [16, 27], [16, 30], [16, 31], [17, 28], [17, 31], [18, 20], [18, 27], [18, 30], [19, 22], [19, 30], [20, 26], [21, 30], [21, 31], [22, 23], [22, 27], [22, 30], [23, 26], [23, 28], [23, 31], [24, 29], [24, 31], [25, 26], [25, 30], [25, 31], [26, 27], [28, 29], [29, 31]]"
g_n32_e64_k2_mid_07,train,32,64,2,mid,184723479937222,32.84988111978186,2660471533,"[[0, 8], [0, 9], [0, 10], [0, 14], [0, 15], [1, 4], [1, 9], [2, 7], [2, 8], [2, 11], [2, 13], [3, 10], [3, 14], [4, 6], [4, 10], [4, 14], [5, 7], [5, 9], [6, 10], [6, 13], [7, 8], [7, 10], [7, 12], [7, 15], [8, 12], [8, 13], [8, 17], [10, 11], [10, 13], [11, 12], [11, 15], [13, 15], [15, 22], [16, 18], [16, 21], [16, 23], [16, 29], [17, 19], [17, 20], [17, 23], [17, 28], [17, 30], [18, 20], [18, 25], [18, 26], [18, 28], [19, 24], [19, 26], [19, 27], [19, 28], [20, 22], [20, 23], [21, 22], [21, 25], [21, 26], [21, 28], [21, 29], [21, 31], [22, 27], [23, 24], [25, 27], [25, 28], [25, 30], [30, 31]]"
g_n32_e64_k2_mid_08,train,32,64,2,mid,185235424121208,32.85264869480243,2660471511,"[[0, 2], [0, 8], [0, 9], [0, 11], [0, 12], [1, 2], [1, 10], [1, 14], [2, 7], [2, 13], [3, 6], [3, 9], [3, 13], [4, 11], [4, 15], [5, 7], [5, 9], [5, 10], [6, 11], [6, 13], [6, 14], [7, 11], [8, 10], [8, 12], [10, 11], [10, 12], [10, 13], [10, 14], [10, 15], [11, 13], [12, 13], [13, 25], [15, 18], [16, 18], [16, 23], [16, 24], [16, 29], [17, 19], [17, 24], [18, 21], [18, 22], [18, 26], [19, 26], [19, 27], [19, 31], [20, 22], [20, 31], [21, 22], [21, 25], [21, 26], [21, 31], [22, 24], [22, 25], [23, 25], [23, 27], [24, 26], [24, 30], [25, 26], [25, 29], [26, 31], [27, 29], [28, 29], [28, 31], [30, 31]]"
g_n32_e64_k2_mid_09,validation,32,64,2,mid,186942618986723,32.861822835356556,2660471535,"[[0, 1], [0, 6], [0, 9], [0, 13], [0, 18], [1, 3], [1, 7], [1, 13], [2, 5], [2, 12], [2, 14], [3, 6], [3, 8], [3, 12], [4, 6], [4, 12], [5, 6], [5, 7], [5, 10], [5, 11], [5, 13], [5, 14], [6, 7], [6, 8], [6, 9], [8, 9], [8, 12], [9, 12], [9, 15], [9, 29], [10, 11], [11, 15], [12, 13], [16, 22], [16, 24], [16, 28], [17, 20], [17, 24], [17, 30], [18, 22], [18, 26], [19, 21], [19, 27], [19, 28], [20, 22], [20, 28], [20, 31], [21, 25], [21, 26], [21, 30], [22, 24], [22, 25], [22, 28], [23, 24], [23, 26], [23, 30], [24, 25], [24, 27], [25, 31], [26, 30], [27, 31], [28, 29], [28, 31], [29, 30]]"
g_n32_e64_k2_high_10,train,32,64,2,high,317128264704510,33.39032742848798,2660471540,"[[0, 2], [0, 3], [0, 4], [0, 11], [0, 12], [1, 11], [1, 13], [1, 14], [2, 5], [2, 6], [2, 8], [2, 9], [3, 5], [3, 8], [3, 9], [4, 7], [4, 9], [4, 14], [5, 9], [6, 7], [6, 12], [7, 8], [7, 14], [8, 11], [8, 13], [9, 26], [10, 13], [10, 15], [12, 13], [12, 14], [12, 15], [12, 27], [14, 15], [16, 17], [16, 25], [16, 28], [16, 30], [17, 19], [17, 22], [17, 24], [17, 28], [18, 22], [18, 26], [19, 20], [19, 21], [19, 24], [19, 28], [19, 31], [20, 22], [20, 26], [20, 28], [20, 29], [21, 23], [21, 26], [21, 27], [21, 28], [23, 26], [23, 30], [23, 31], [25, 26], [25, 27], [25, 31], [27, 28], [29, 30]]"
g_n32_e64_k2_high_11,validation,32,64,2,high,339490751654457,33.458467821479545,2660471543,"[[0, 3], [0, 6], [0, 14], [1, 4], [1, 6], [1, 14], [2, 4], [2, 7], [2, 11], [2, 13], [2, 15], [3, 9], [3, 10], [3, 12], [3, 15], [4, 8], [5, 10], [5, 11], [5, 15], [5, 30], [6, 7], [6, 10], [6, 13], [7, 21], [8, 10], [9, 10], [9, 11], [9, 12], [9, 15], [10, 12], [10, 13], [11, 14], [12, 14], [16, 17], [16, 31], [17, 18], [17, 19], [17, 29], [18, 19], [18, 24], [18, 26], [18, 27], [18, 28], [18, 30], [19, 20], [19, 21], [19, 22], [19, 24], [19, 31], [20, 25], [20, 28], [21, 23], [21, 27], [21, 29], [22, 23], [22, 26], [22, 31], [23, 25], [23, 30], [25, 29], [25, 31], [26, 28], [27, 29], [27, 31]]"
g_n32_e64_k2_high_12,test,32,64,2,high,341994247827924,33.46581503363311,2660471513,"[[0, 1], [0, 7], [0, 10], [0, 11], [1, 11], [1, 15], [2, 3], [2, 4], [2, 6], [2, 8], [2, 9], [2, 13], [3, 9], [3, 10], [3, 15], [4, 7], [4, 10], [4, 11], [5, 7], [5, 13], [6, 9], [6, 13], [7, 10], [7, 12], [7, 13], [7, 14], [7, 15], [8, 11], [8, 15], [9, 12], [11, 17], [12, 23], [13, 14], [16, 17], [16, 19], [16, 23], [16, 25], [17, 21], [17, 26], [18, 19], [18, 22], [18, 28], [18, 30], [19, 27], [19, 30], [20, 23], [20, 24], [20, 29], [21, 24], [21, 25], [21, 27], [22, 25], [22, 30], [23, 31], [24, 27], [24, 29], [24, 31], [25, 26], [25, 28], [25, 30], [26, 28], [26, 31], [29, 31], [30, 31]]"
g_n32_e64_k2_high_13,train,32,64,2,high,398588752138037,33.61895130488972,2660471569,"[[0, 1], [0, 3], [0, 11], [0, 15], [1, 5], [1, 9], [1, 10], [2, 5], [2, 6], [2, 10], [2, 15], [3, 8], [3, 9], [3, 14], [4, 7], [4, 8], [4, 13], [5, 7], [6, 7], [6, 9], [6, 12], [6, 14], [7, 9], [7, 15], [8, 14], [8, 15], [9, 10], [9, 13], [9, 31], [11, 14], [12, 15], [13, 15], [13, 27], [16, 18], [16, 20], [16, 27], [16, 28], [16, 29], [17, 19], [17, 23], [17, 26], [18, 20], [18, 26], [18, 27], [18, 28], [19, 20], [19, 22], [19, 25], [19, 26], [19, 29], [20, 21], [20, 29], [21, 25], [21, 28], [21, 31], [22, 30], [23, 24], [23, 28], [23, 30], [24, 27], [24, 30], [25, 30], [26, 29], [26, 31]]"
g_n32_e64_k2_high_14,train,32,64,2,high,423675861199511,33.679989800494916,2660471549,"[[0, 2], [0, 7], [1, 2], [1, 11], [1, 13], [2, 3], [2, 5], [2, 10], [2, 11], [2, 14], [3, 4], [3, 14], [4, 7], [4, 9], [4, 15], [4, 17], [5, 10], [5, 11], [5, 12], [6, 7], [6, 8], [6, 9], [6, 13], [6, 14], [7, 14], [8, 11], [8, 14], [8, 15], [9, 12], [9, 15], [10, 14], [12, 13], [12, 23], [16, 17], [16, 21], [16, 22], [16, 25], [16, 27], [16, 29], [17, 19], [17, 27], [18, 22], [18, 23], [18, 28], [18, 30], [19, 25], [19, 26], [19, 29], [20, 21], [20, 26], [20, 27], [20, 30], [20, 31], [21, 24], [22, 25], [22, 31], [23, 25], [24, 29], [25, 26], [25, 28], [27, 31], [28, 29], [28, 30], [28, 31]]"
g_n32_e64_k3_low_00,train,32,64,3,low,463720461315817,33.7703030325457,2661471540,"[[0, 8], [0, 12], [0, 14], [1, 4], [1, 7], [1, 9], [1, 11], [1, 15], [2, 3], [2, 5], [2, 15], [3, 6], [3, 10], [4, 8], [4, 10], [5, 7], [5, 11], [6, 12], [6, 15], [6, 24], [7, 9], [7, 11], [7, 13], [7, 15], [8, 10], [8, 14], [9, 13], [9, 25], [10, 14], [11, 13], [12, 13], [12, 23], [14, 15], [16, 17], [16, 20], [16, 24], [17, 23], [17, 24], [18, 22], [18, 27], [18, 31], [19, 26], [19, 28], [19, 29], [20, 23], [20, 26], [21, 24], [21, 26], [21, 27], [21, 31], [22, 24], [22, 26], [22, 27], [23, 25], [23, 28], [24, 25], [24, 27], [24, 29], [24, 30], [25, 29], [25, 31], [26, 27], [27, 30], [28, 30]]"
g_n32_e64_k3_low_01,train,32,64,3,low,493314853211336,33.83216873361022,2661471550,"[[0, 3], [0, 4], [0, 5], [0, 7], [0, 10], [0, 12], [0, 13], [0, 15], [0, 29], [1, 2], [1, 11], [1, 13], [1, 14], [2, 5], [2, 9], [3, 7], [3, 12], [4, 7], [4, 9], [4, 14], [5, 9], [5, 19], [6, 8], [6, 13], [6, 14], [8, 9], [8, 14], [9, 13], [10, 12], [10, 15], [10, 27], [11, 13], [11, 15], [16, 19], [16, 22], [16, 24], [16, 27], [17, 23], [17, 25], [17, 27], [18, 19], [18, 21], [18, 28], [18, 29], [19, 21], [19, 23], [19, 25], [19, 30], [20, 22], [20, 24], [20, 25], [20, 31], [21, 26], [22, 28], [22, 30], [23, 26], [23, 31], [24, 27], [25, 26], [25, 31], [26, 31], [27, 28], [27, 29], [29, 30]]"
g_n32_e64_k3_low_02,test,32,64,3,low,500625842861305,33.84688011736784,2661471602,"[[0, 7], [0, 8], [0, 9], [1, 10], [1, 11], [1, 13], [2, 10], [2, 11], [2, 14], [2, 15], [3, 6], [3, 10], [3, 13], [3, 18], [4, 5], [4, 9], [4, 11], [5, 7], [5, 8], [5, 9], [5, 12], [5, 14], [5, 24], [6, 12], [6, 13], [7, 11], [7, 12], [7, 15], [8, 12], [9, 13], [11, 15], [12, 17], [14, 15], [16, 17], [16, 28], [16, 29], [17, 18], [17, 23], [18, 20], [18, 21], [18, 24], [19, 26], [19, 30], [19, 31], [20, 25], [20, 26], [20, 28], [20, 30], [21, 24], [21, 28], [21, 29], [22, 25], [22, 27], [22, 31], [23, 25], [23, 26], [23, 28], [24, 28], [25, 29], [25, 31], [26, 27], [26, 30], [27, 31], [28, 29]]"
g_n32_e64_k3_low_03,train,32,64,3,low,526094243221184,33.89650148223932,2661471539,"[[0, 1], [0, 3], [0, 7], [0, 11], [0, 13], [0, 24], [1, 5], [1, 6], [1, 11], [2, 8], [2, 14], [2, 15], [3, 8], [3, 11], [3, 14], [3, 22], [4, 9], [4, 12], [4, 13], [4, 19], [5, 7], [5, 13], [6, 9], [6, 10], [7, 8], [8, 10], [8, 15], [9, 10], [10, 13], [12, 14], [12, 15], [13, 15], [14, 15], [16, 20], [16, 26], [16, 29], [17, 18], [17, 21], [17, 29], [18, 19], [18, 22], [18, 24], [18, 25], [18, 26], [18, 27], [18, 30], [19, 22], [19, 23], [19, 24], [20, 21], [20, 26], [20, 31], [21, 28], [22, 23], [22, 24], [22, 28], [23, 25], [24, 31], [25, 29], [25, 30], [26, 27], [27, 28], [27, 31], [28, 30]]"
g_n32_e64_k3_low_04,validation,32,64,3,low,526601915425224,33.8974660003279,2661471593,"[[0, 1], [0, 5], [0, 8], [0, 9], [1, 2], [1, 9], [1, 12], [1, 14], [2, 4], [2, 6], [2, 14], [2, 15], [2, 18], [3, 7], [3, 11], [3, 15], [4, 7], [4, 13], [5, 11], [5, 12], [6, 14], [6, 15], [6, 28], [7, 10], [8, 10], [8, 12], [9, 13], [9, 23], [10, 15], [11, 12], [12, 14], [12, 15], [13, 14], [16, 17], [16, 19], [16, 20], [16, 30], [17, 21], [17, 22], [17, 23], [17, 24], [17, 27], [17, 30], [18, 20], [18, 21], [18, 23], [18, 25], [18, 29], [19, 26], [19, 28], [20, 29], [21, 22], [21, 25], [21, 26], [22, 26], [22, 31], [23, 31], [24, 27], [24, 30], [25, 29], [26, 29], [27, 30], [28, 30], [28, 31]]"
g_n32_e64_k3_mid_05,validation,32,64,3,mid,770148453706942,34.27760440921532,2661471543,"[[0, 5], [0, 10], [0, 12], [0, 29], [1, 3], [1, 8], [1, 10], [1, 15], [2, 11], [2, 13], [2, 15], [3, 7], [3, 12], [3, 14], [4, 8], [4, 10], [4, 15], [5, 9], [5, 13], [5, 24], [6, 10], [6, 13], [6, 15], [7, 9], [7, 10], [8, 15], [9, 11], [9, 28], [10, 14], [11, 12], [12, 13], [12, 15], [14, 15], [16, 17], [16, 23], [16, 31], [17, 20], [17, 27], [17, 31], [18, 19], [18, 20], [18, 22], [18, 23], [18, 29], [18, 31], [19, 24], [19, 28], [19, 30], [20, 21], [20, 26], [20, 30], [21, 23], [21, 24], [21, 31], [22, 25], [22, 29], [22, 30], [23, 28], [23, 31], [24, 29], [25, 26], [25, 28], [26, 27], [27, 28]]"
g_n32_e64_k3_mid_06,train,32,64,3,mid,773775447778939,34.28230282827692,2661471586,"[[0, 3], [0, 7], [0, 10], [0, 11], [0, 21], [1, 4], [1, 12], [1, 14], [2, 5], [2, 9], [2, 12], [2, 15], [3, 5], [3, 6], [3, 13], [4, 5], [4, 6], [4, 7], [4, 10], [5, 6], [6, 20], [7, 15], [7, 30], [8, 10], [8, 13], [8, 14], [9, 10], [9, 13], [10, 14], [10, 15], [11, 12], [11, 13], [11, 14], [16, 17], [16, 24], [16, 31], [17, 20], [17, 24], [17, 31], [18, 21], [18, 27], [18, 31], [19, 22], [19, 27], [19, 28], [19, 31], [20, 21], [20, 26], [20, 30], [21, 23], [21, 26], [22, 25], [22, 28], [22, 30], [23, 24], [23, 26], [25, 29], [25, 31], [26, 29], [27, 29], [27, 31], [28, 29], [28, 30], [29, 31]]"
g_n32_e64_k3_mid_07,train,32,64,3,mid,775123611617150,34.28404363142414,2661471618,"[[0, 6], [0, 11], [0, 14], [1, 5], [1, 10], [1, 12], [2, 3], [2, 4], [2, 11], [2, 13], [3, 4], [3, 5], [3, 7], [3, 9], [3, 13], [3, 22], [4, 7], [4, 8], [5, 6], [5, 13], [6, 15], [7, 8], [7, 11], [7, 12], [8, 9], [9, 14], [9, 15], [10, 12], [10, 13], [12, 14], [12, 15], [12, 16], [14, 20], [16, 17], [16, 19], [16, 20], [16, 28], [17, 18], [17, 21], [17, 22], [17, 23], [17, 29], [18, 24], [18, 29], [19, 23], [19, 25], [19, 30], [20, 23], [20, 30], [21, 22], [21, 25], [21, 27], [22, 30], [23, 24], [23, 27], [23, 31], [24, 25], [24, 27], [26, 27], [26, 29], [26, 31], [27, 31], [28, 29], [28, 31]]"
g_n32_e64_k3_mid_08,train,32,64,3,mid,786218469696303,34.29825582100402,2661471638,"[[0, 4], [0, 5], [0, 7], [0, 8], [0, 9], [0, 10], [1, 2], [1, 3], [1, 6], [1, 12], [2, 5], [2, 14], [2, 30], [3, 6], [3, 14], [4, 12], [4, 13], [5, 7], [5, 8], [5, 11], [6, 12], [6, 15], [7, 13], [7, 29], [8, 9], [9, 11], [9, 13], [9, 15], [10, 14], [10, 15], [11, 12], [11, 14], [13, 28], [16, 17], [16, 27], [16, 29], [17, 23], [17, 24], [17, 25], [17, 30], [18, 19], [18, 22], [18, 23], [18, 25], [18, 26], [18, 29], [18, 31], [19, 27], [19, 28], [20, 21], [20, 27], [20, 30], [21, 24], [21, 29], [22, 25], [22, 31], [23, 26], [23, 28], [24, 25], [24, 31], [25, 26], [25, 29], [26, 30], [28, 30]]"
g_n32_e64_k3_mid_09,test,32,64,3,mid,790583501612862,34.30379239838829,2661471626,"[[0, 5], [0, 8], [0, 12], [0, 29], [1, 4], [1, 11], [1, 14], [2, 5], [2, 8], [2, 15], [3, 4], [3, 10], [3, 13], [4, 9], [4, 18], [5, 6], [5, 7], [5, 10], [5, 15], [6, 12], [6, 13], [7, 8], [7, 12], [8, 10], [8, 13], [9, 10], [9, 11], [9, 24], [10, 13], [11, 12], [12, 14], [13, 15], [14, 15], [16, 19], [16, 21], [16, 24], [16, 30], [17, 18], [17, 21], [17, 23], [17, 26], [18, 19], [18, 22], [18, 23], [18, 26], [19, 26], [20, 21], [20, 28], [20, 30], [20, 31], [21, 25], [21, 27], [21, 29], [22, 27], [22, 29], [23, 24], [23, 27], [24, 29], [25, 28], [25, 29], [25, 31], [26, 29], [27, 28], [30, 31]]"
g_n32_e64_k3_high_10,train,32,64,3,high,1082666191341305,34.61820308950986,2661471639,"[[0, 4], [0, 5], [0, 12], [0, 29], [1, 9], [1, 14], [1, 15], [2, 4], [2, 6], [2, 10], [2, 11], [3, 5], [3, 6], [3, 7], [3, 13], [3, 15], [4, 12], [4, 13], [4, 28], [5, 8], [5, 12], [6, 7], [6, 9], [7, 10], [7, 11], [8, 14], [8, 15], [8, 30], [9, 10], [9, 13], [11, 12], [12, 14], [13, 15], [16, 18], [16, 25], [16, 27], [16, 28], [17, 24], [17, 26], [17, 28], [17, 30], [18, 20], [18, 25], [19, 21], [19, 22], [19, 24], [19, 28], [20, 23], [20, 27], [21, 22], [21, 23], [22, 26], [22, 27], [23, 30], [23, 31], [24, 30], [24, 31], [25, 29], [25, 30], [26, 29], [27, 28], [27, 31], [28, 29], [30, 31]]"
g_n32_e64_k3_high_11,test,32,64,3,high,1089789401501136,34.62476086285237,2661471640,"[[0, 3], [0, 6], [0, 12], [1, 11], [1, 12], [1, 15], [2, 4], [2, 7], [2, 12], [2, 15], [3, 4], [3, 6], [3, 7], [3, 25], [4, 11], [5, 10], [5, 13], [5, 14], [6, 7], [6, 13], [7, 9], [8, 9], [8, 10], [8, 11], [8, 15], [9, 10], [9, 13], [11, 13], [11, 15], [12, 14], [12, 17], [14, 15], [14, 24], [16, 21], [16, 22], [16, 24], [16, 26], [16, 31], [17, 18], [17, 21], [17, 22], [17, 27], [17, 29], [18, 24], [18, 26], [18, 29], [19, 22], [19, 29], [19, 30], [20, 22], [20, 23], [20, 31], [21, 28], [22, 24], [22, 30], [23, 25], [23, 28], [23, 30], [25, 26], [25, 28], [26, 27], [26, 28], [27, 30], [29, 31]]"
g_n32_e64_k3_high_12,train,32,64,3,high,1099251735921017,34.633406103174956,2661471588,"[[0, 2], [0, 4], [0, 14], [0, 15], [1, 7], [1, 11], [1, 12], [1, 14], [2, 3], [2, 12], [3, 4], [3, 6], [3, 17], [4, 5], [4, 8], [4, 11], [4, 15], [5, 8], [5, 9], [6, 7], [6, 13], [6, 14], [7, 15], [8, 9], [8, 10], [8, 12], [9, 13], [9, 16], [10, 11], [10, 13], [10, 15], [11, 12], [14, 18], [16, 22], [16, 24], [16, 26], [17, 19], [17, 23], [17, 27], [17, 29], [17, 30], [17, 31], [18, 20], [18, 22], [18, 27], [19, 24], [19, 26], [19, 28], [20, 23], [20, 29], [20, 30], [21, 26], [21, 27], [21, 30], [22, 31], [23, 26], [24, 26], [24, 29], [25, 29], [25, 30], [25, 31], [26, 28], [27, 28], [27, 30]]"
g_n32_e64_k3_high_13,train,32,64,3,high,1099616477462625,34.63373785706792,2661471556,"[[0, 2], [0, 3], [0, 4], [0, 5], [1, 5], [1, 8], [1, 15], [2, 8], [2, 12], [2, 14], [3, 9], [3, 10], [3, 11], [3, 14], [4, 12], [4, 13], [4, 26], [5, 6], [5, 8], [5, 11], [6, 8], [6, 10], [7, 12], [7, 13], [7, 15], [8, 14], [8, 21], [9, 13], [9, 14], [10, 15], [11, 15], [11, 17], [13, 14], [16, 20], [16, 21], [16, 27], [16, 29], [17, 19], [17, 21], [17, 28], [18, 26], [18, 27], [18, 29], [18, 30], [19, 22], [19, 24], [19, 27], [20, 24], [20, 31], [21, 23], [21, 26], [22, 25], [22, 31], [23, 24], [23, 27], [23, 29], [24, 31], [25, 26], [25, 30], [27, 29], [27, 30], [28, 29], [28, 31], [30, 31]]"
g_n32_e64_k3_high_14,validation,32,64,3,high,1138763036048752,34.66871901211996,2661471534,"[[0, 1], [0, 5], [0, 9], [0, 10], [0, 12], [0, 13], [1, 3], [1, 4], [2, 3], [2, 10], [2, 14], [2, 15], [2, 30], [3, 14], [3, 15], [4, 10], [4, 12], [5, 8], [5, 12], [5, 22], [6, 7], [6, 8], [6, 9], [6, 11], [7, 10], [7, 13], [7, 18], [8, 9], [8, 14], [9, 15], [11, 13], [11, 15], [13, 14], [16, 21], [16, 22], [16, 23], [16, 25], [16, 28], [16, 31], [17, 23], [17, 26], [17, 27], [17, 28], [17, 31], [18, 22], [18, 28], [18, 30], [19, 20], [19, 22], [19, 25], [20, 24], [20, 26], [20, 27], [20, 30], [21, 23], [21, 30], [22, 24], [22, 29], [23, 24], [23, 27], [25, 28], [25, 29], [26, 29], [26, 31]]"
g_n32_e96_k2_low_00,validation,32,96,2,low,168398767208032349236,46.57286645505687,1939091589,"[[0, 3], [0, 9], [0, 10], [0, 11], [0, 15], [1, 3], [1, 6], [1, 9], [1, 14], [1, 15], [2, 5], [2, 9], [2, 10], [2, 11], [2, 12], [3, 4], [3, 5], [3, 7], [3, 9], [3, 10], [3, 12], [3, 15], [3, 28], [4, 6], [4, 9], [4, 12], [4, 13], [4, 14], [5, 6], [5, 8], [5, 11], [6, 7], [6, 8], [6, 9], [6, 11], [6, 12], [6, 14], [7, 8], [7, 9], [8, 13], [8, 25], [9, 15], [10, 11], [10, 13], [10, 15], [11, 13], [11, 14], [11, 15], [12, 15], [16, 17], [16, 18], [16, 19], [16, 22], [16, 23], [16, 25], [17, 18], [17, 19], [17, 22], [17, 24], [17, 25], [17, 28], [17, 29], [18, 19], [18, 21], [18, 22], [18, 25], [18, 26], [19, 20], [19, 21], [19, 24], [19, 25], [19, 28], [19, 30], [20, 22], [20, 25], [21, 23], [21, 24], [21, 25], [21, 27], [21, 28], [21, 30], [21, 31], [22, 23], [22, 24], [22, 28], [22, 29], [23, 24], [23, 26], [23, 28], [24, 25], [24, 28], [25, 29], [26, 27], [26, 31], [27, 29], [28, 29]]"
g_n32_e96_k2_low_01,train,32,96,2,low,168804646469816746200,46.57527378215579,1939091564,"[[0, 1], [0, 2], [0, 3], [0, 5], [0, 6], [0, 9], [0, 13], [0, 28], [1, 3], [1, 5], [1, 7], [1, 9], [1, 13], [1, 14], [2, 4], [2, 5], [2, 9], [2, 11], [2, 13], [2, 15], [3, 4], [3, 5], [3, 6], [3, 7], [3, 13], [3, 14], [4, 5], [4, 6], [5, 8], [5, 10], [5, 14], [6, 11], [6, 12], [6, 13], [8, 9], [8, 10], [8, 11], [8, 12], [8, 14], [9, 10], [9, 11], [9, 14], [9, 16], [10, 13], [10, 14], [11, 14], [12, 14], [13, 14], [13, 15], [16, 18], [16, 19], [16, 20], [16, 21], [16, 22], [16, 23], [16, 26], [16, 28], [17, 18], [17, 19], [17, 21], [17, 23], [17, 27], [18, 24], [18, 26], [19, 20], [19, 24], [19, 25], [19, 29], [19, 30], [19, 31], [20, 21], [20, 22], [20, 23], [20, 24], [20, 25], [20, 27], [20, 28], [20, 30], [20, 31], [21, 25], [21, 28], [21, 29], [21, 30], [22, 27], [22, 28], [22, 29], [23, 27], [23, 28], [23, 29], [25, 28], [26, 29], [26, 31], [27, 29], [28, 31], [29, 31], [30, 31]]"
g_n32_e96_k2_low_02,train,32,96,2,low,195642950506428266175,46.722822990754835,1939091566,"[[0, 2], [0, 6], [0, 7], [0, 8], [0, 9], [0, 10], [0, 19], [1, 3], [1, 4], [1, 12], [1, 13], [1, 14], [1, 15], [2, 3], [2, 5], [2, 8], [2, 9], [2, 11], [2, 13], [3, 8], [3, 11], [3, 12], [3, 13], [3, 14], [3, 15], [4, 7], [4, 12], [5, 11], [5, 14], [5, 15], [6, 8], [7, 10], [7, 12], [7, 13], [7, 14], [8, 11], [8, 12], [8, 15], [9, 11], [9, 15], [10, 11], [10, 13], [10, 14], [10, 15], [11, 12], [12, 15], [13, 15], [14, 15], [15, 20], [16, 20], [16, 23], [16, 31], [17, 19], [17, 25], [17, 26], [17, 29], [17, 30], [17, 31], [18, 20], [18, 23], [18, 26], [18, 27], [18, 29], [18, 30], [19, 21], [19, 22], [19, 26], [19, 27], [19, 28], [19, 29], [20, 22], [20, 27], [20, 28], [20, 29], [21, 27], [21, 28], [21, 30], [22, 25], [22, 26], [22, 28], [22, 30], [23, 25], [23, 28], [23, 30], [23, 31], [24, 27], [24, 29], [25, 27], [25, 28], [26, 28], [26, 29], [26, 30], [27, 29], [27, 30], [28, 29], [29, 30]]"
g_n32_e96_k2_low_03,test,32,96,2,low,201360920231554324204,46.75163059479066,1939091549,"[[0, 2], [0, 5], [0, 6], [0, 7], [0, 8], [0, 13], [0, 15], [1, 4], [1, 5], [1, 6], [1, 8], [1, 14], [2, 3], [2, 11], [2, 15], [3, 5], [3, 8], [3, 11], [3, 12], [3, 13], [3, 15], [4, 5], [4, 7], [4, 8], [4, 9], [4, 12], [4, 13], [4, 15], [5, 11], [5, 15], [6, 13], [6, 14], [7, 11], [7, 15], [7, 18], [8, 10], [8, 11], [8, 14], [9, 12], [10, 11], [10, 12], [11, 12], [11, 15], [12, 14], [12, 15], [12, 20], [13, 14], [13, 15], [14, 15], [16, 17], [16, 22], [16, 26], [16, 28], [16, 29], [16, 30], [16, 31], [17, 18], [17, 20], [17, 23], [17, 24], [17, 26], [17, 30], [18, 20], [18, 21], [18, 24], [18, 27], [18, 30], [19, 20], [19, 23], [19, 28], [19, 31], [20, 21], [20, 22], [20, 23], [20, 24], [20, 26], [20, 28], [20, 31], [21, 25], [21, 26], [21, 28], [22, 23], [22, 26], [22, 29], [23, 26], [23, 28], [23, 29], [24, 25], [24, 29], [25, 26], [25, 28], [26, 29], [26, 30], [26, 31], [27, 31], [29, 31]]"
g_n32_e96_k2_low_04,train,32,96,2,low,203187056695679642666,46.76065869020461,1939091567,"[[0, 1], [0, 5], [0, 7], [0, 11], [0, 12], [0, 13], [0, 14], [1, 3], [1, 8], [1, 14], [2, 7], [2, 14], [3, 4], [3, 9], [3, 10], [3, 15], [4, 5], [4, 6], [4, 7], [4, 10], [4, 13], [4, 14], [5, 7], [5, 10], [5, 11], [5, 14], [5, 21], [6, 12], [6, 13], [6, 14], [6, 15], [7, 9], [7, 11], [7, 12], [7, 14], [8, 9], [9, 10], [9, 11], [9, 13], [10, 11], [10, 13], [10, 14], [11, 12], [11, 14], [12, 13], [12, 15], [13, 14], [13, 15], [13, 31], [16, 17], [16, 22], [16, 24], [16, 25], [16, 26], [16, 27], [17, 19], [17, 30], [17, 31], [18, 21], [18, 23], [18, 24], [18, 25], [18, 28], [18, 30], [19, 22], [19, 28], [20, 22], [20, 23], [20, 25], [20, 26], [20, 27], [20, 30], [21, 22], [21, 23], [21, 24], [21, 29], [21, 31], [22, 23], [22, 24], [22, 25], [22, 26], [22, 27], [22, 31], [23, 30], [23, 31], [24, 25], [24, 26], [24, 30], [24, 31], [25, 28], [25, 31], [26, 28], [27, 29], [27, 30], [28, 30], [29, 31]]"
g_n32_e96_k2_mid_05,train,32,96,2,mid,324532144465298099966,47.228916263575684,1939091576,"[[0, 2], [0, 4], [0, 5], [0, 9], [0, 11], [0, 15], [1, 6], [1, 9], [1, 11], [1, 12], [2, 3], [2, 9], [2, 10], [2, 15], [3, 8], [3, 10], [3, 13], [3, 14], [3, 15], [4, 5], [4, 6], [4, 13], [5, 6], [5, 7], [5, 9], [5, 10], [5, 11], [5, 12], [5, 13], [5, 14], [5, 25], [6, 10], [6, 11], [7, 9], [7, 11], [7, 13], [7, 14], [8, 15], [9, 12], [9, 14], [10, 11], [10, 14], [10, 15], [11, 13], [11, 15], [12, 13], [12, 14], [12, 15], [12, 30], [16, 17], [16, 19], [16, 25], [16, 26], [16, 27], [17, 19], [17, 21], [17, 23], [17, 26], [17, 27], [17, 29], [17, 30], [18, 22], [18, 24], [18, 28], [19, 20], [19, 21], [19, 22], [19, 29], [19, 30], [19, 31], [20, 22], [20, 23], [20, 27], [20, 29], [20, 31], [21, 28], [21, 30], [22, 29], [23, 26], [23, 28], [23, 29], [23, 30], [24, 29], [24, 30], [24, 31], [25, 26], [25, 30], [25, 31], [26, 27], [26, 28], [26, 30], [27, 29], [27, 31], [28, 30], [28, 31], [30, 31]]"
g_n32_e96_k2_mid_06,validation,32,96,2,mid,333571212663695346110,47.25638804767943,1939091552,"[[0, 1], [0, 6], [0, 9], [0, 11], [0, 12], [1, 8], [1, 9], [1, 10], [1, 14], [1, 15], [1, 24], [2, 3], [2, 4], [2, 5], [2, 7], [2, 10], [2, 12], [2, 13], [3, 6], [3, 8], [3, 9], [3, 10], [3, 13], [3, 15], [4, 5], [4, 6], [4, 7], [4, 8], [4, 12], [4, 15], [5, 7], [5, 12], [5, 14], [5, 26], [6, 10], [6, 11], [6, 13], [7, 9], [7, 10], [8, 15], [9, 10], [9, 13], [9, 14], [9, 15], [10, 13], [10, 15], [11, 13], [12, 15], [13, 15], [16, 19], [16, 21], [16, 22], [16, 23], [16, 28], [16, 30], [16, 31], [17, 18], [17, 22], [17, 23], [17, 27], [17, 31], [18, 22], [18, 23], [18, 25], [18, 27], [18, 28], [19, 21], [19, 23], [20, 21], [20, 23], [20, 24], [20, 25], [20, 26], [20, 29], [21, 22], [21, 23], [21, 24], [21, 25], [21, 27], [21, 28], [22, 24], [22, 26], [22, 29], [23, 25], [23, 26], [23, 27], [23, 29], [23, 30], [24, 27], [24, 29], [24, 30], [25, 27], [26, 28], [26, 29], [26, 31], [28, 29]]"
g_n32_e96_k2_mid_07,train,32,96,2,mid,344406209576516951826,47.288353476413114,1939091590,"[[0, 1], [0, 4], [0, 5], [0, 10], [1, 7], [1, 8], [1, 9], [1, 10], [1, 12], [1, 13], [1, 14], [1, 15], [2, 3], [2, 6], [2, 9], [2, 10], [2, 14], [3, 7], [4, 5], [4, 6], [4, 10], [4, 11], [4, 12], [4, 14], [4, 15], [4, 24], [5, 6], [5, 7], [5, 9], [5, 13], [5, 14], [5, 15], [6, 9], [6, 10], [6, 13], [7, 15], [8, 9], [8, 13], [9, 14], [9, 15], [10, 11], [10, 12], [10, 14], [10, 29], [11, 12], [11, 15], [12, 13], [12, 14], [13, 14], [16, 18], [16, 19], [16, 20], [16, 26], [16, 29], [17, 18], [17, 19], [17, 20], [17, 25], [17, 29], [17, 31], [18, 21], [18, 24], [18, 30], [19, 23], [19, 25], [19, 26], [19, 27], [19, 28], [19, 29], [19, 30], [20, 21], [20, 22], [20, 25], [20, 26], [20, 30], [21, 23], [21, 24], [21, 28], [21, 30], [21, 31], [22, 23], [22, 26], [22, 31], [23, 26], [23, 27], [23, 30], [24, 25], [24, 26], [24, 28], [24, 31], [25, 26], [25, 27], [26, 27], [26, 28], [27, 31], [29, 30]]"
g_n32_e96_k2_mid_08,test,32,96,2,mid,347398366227216213336,47.297003824831016,1939091619,"[[0, 3], [0, 4], [0, 6], [0, 14], [0, 23], [1, 3], [1, 4], [1, 8], [1, 9], [1, 14], [1, 15], [2, 7], [2, 9], [2, 12], [2, 13], [2, 15], [3, 4], [3, 6], [3, 12], [3, 13], [3, 14], [3, 15], [4, 6], [4, 9], [4, 10], [4, 11], [4, 12], [4, 14], [5, 6], [5, 8], [5, 13], [5, 14], [6, 8], [6, 10], [6, 12], [6, 13], [7, 11], [8, 10], [8, 11], [8, 12], [9, 10], [9, 11], [9, 14], [10, 11], [10, 12], [11, 15], [12, 14], [13, 22], [14, 15], [16, 23], [16, 26], [16, 28], [16, 29], [16, 30], [17, 18], [17, 24], [17, 28], [17, 29], [18, 19], [18, 20], [18, 21], [18, 22], [18, 24], [18, 26], [18, 28], [18, 29], [18, 30], [19, 22], [19, 24], [19, 29], [20, 22], [20, 23], [20, 27], [21, 23], [21, 28], [21, 30], [22, 23], [22, 25], [22, 27], [22, 31], [23, 24], [23, 30], [23, 31], [24, 26], [24, 27], [24, 29], [24, 31], [25, 26], [25, 29], [25, 31], [26, 31], [27, 29], [27, 30], [28, 29], [28, 31], [29, 31]]"
g_n32_e96_k2_mid_09,train,32,96,2,mid,364276727103737736816,47.34444549199003,1939091572,"[[0, 1], [0, 4], [0, 7], [0, 9], [0, 11], [0, 23], [1, 3], [1, 5], [1, 8], [1, 10], [1, 11], [1, 13], [2, 3], [2, 7], [2, 8], [2, 10], [2, 12], [2, 13], [3, 8], [3, 14], [3, 15], [4, 5], [4, 7], [4, 9], [4, 13], [4, 14], [4, 15], [5, 7], [5, 8], [5, 9], [5, 14], [5, 20], [6, 7], [6, 13], [6, 14], [7, 8], [7, 9], [7, 12], [7, 14], [7, 15], [8, 13], [8, 15], [9, 10], [10, 14], [11, 12], [11, 15], [12, 13], [13, 14], [14, 15], [16, 19], [16, 23], [16, 26], [16, 27], [16, 29], [17, 19], [17, 24], [17, 25], [17, 27], [17, 31], [18, 20], [18, 22], [18, 26], [19, 27], [19, 28], [20, 21], [20, 22], [20, 23], [20, 26], [20, 28], [20, 29], [20, 30], [20, 31], [21, 22], [21, 27], [21, 29], [22, 25], [22, 28], [22, 29], [22, 31], [23, 24], [23, 27], [23, 30], [23, 31], [24, 27], [24, 28], [24, 31], [25, 30], [26, 27], [26, 28], [26, 29], [26, 31], [27, 31], [28, 29], [28, 31], [29, 30], [30, 31]]"
g_n32_e96_k2_high_10,train,32,96,2,high,679948259066336705976,47.968548379559685,1939091581,"[[0, 1], [0, 4], [0, 7], [0, 10], [0, 11], [0, 13], [0, 14], [1, 8], [1, 9], [1, 11], [1, 12], [1, 14], [2, 3], [2, 8], [2, 9], [2, 10], [2, 14], [3, 5], [3, 8], [3, 9], [3, 12], [3, 13], [3, 29], [4, 5], [4, 6], [4, 12], [4, 13], [4, 15], [5, 10], [5, 13], [5, 15], [6, 8], [6, 9], [6, 12], [7, 8], [7, 11], [7, 12], [7, 13], [7, 15], [8, 10], [8, 11], [8, 12], [8, 14], [9, 10], [9, 15], [10, 13], [10, 15], [13, 20], [14, 15], [16, 19], [16, 21], [16, 24], [16, 27], [16, 28], [16, 31], [17, 18], [17, 19], [17, 24], [17, 28], [17, 30], [17, 31], [18, 23], [18, 27], [18, 29], [18, 30], [18, 31], [19, 23], [19, 27], [19, 29], [20, 22], [20, 25], [20, 26], [20, 27], [20, 28], [21, 23], [21, 25], [21, 26], [21, 30], [22, 24], [22, 27], [22, 29], [23, 24], [23, 25], [23, 27], [23, 30], [24, 27], [24, 28], [25, 29], [26, 28], [26, 29], [26, 30], [27, 28], [27, 29], [27, 30], [28, 29], [28, 30]]"
g_n32_e96_k2_high_11,train,32,96,2,high,699941332800688666356,47.99752819513922,1939091603,"[[0, 1], [0, 2], [0, 5], [0, 7], [0, 12], [0, 15], [1, 5], [1, 6], [1, 9], [1, 15], [2, 4], [2, 8], [2, 9], [2, 10], [2, 12], [2, 14], [3, 6], [3, 7], [3, 9], [3, 10], [4, 5], [4, 7], [4, 8], [4, 9], [4, 10], [4, 14], [4, 15], [5, 7], [5, 8], [5, 9], [5, 11], [5, 12], [5, 13], [5, 14], [5, 17], [6, 8], [6, 11], [6, 12], [6, 15], [7, 12], [7, 15], [8, 13], [9, 14], [10, 13], [11, 13], [11, 14], [12, 14], [12, 15], [13, 22], [16, 17], [16, 19], [16, 21], [16, 24], [16, 28], [16, 31], [17, 23], [17, 29], [18, 22], [18, 25], [18, 26], [18, 29], [19, 20], [19, 24], [19, 26], [19, 28], [20, 21], [20, 22], [20, 25], [20, 27], [20, 31], [21, 23], [21, 24], [21, 26], [21, 30], [22, 27], [22, 28], [22, 30], [23, 24], [23, 27], [23, 28], [23, 30], [23, 31], [24, 28], [24, 30], [25, 26], [25, 27], [25, 29], [25, 31], [26, 27], [26, 28], [26, 30], [27, 28], [27, 29], [28, 29], [28, 30], [29, 31]]"
g_n32_e96_k2_high_12,validation,32,96,2,high,706311761073580568081,48.00658840183773,1939091602,"[[0, 2], [0, 3], [0, 4], [0, 6], [0, 12], [1, 5], [1, 6], [1, 8], [1, 9], [1, 13], [1, 14], [2, 3], [2, 8], [2, 11], [2, 12], [2, 15], [3, 4], [3, 6], [3, 7], [3, 11], [4, 6], [4, 10], [4, 12], [4, 14], [5, 6], [5, 10], [5, 12], [5, 13], [5, 26], [6, 8], [6, 11], [6, 15], [7, 8], [7, 10], [7, 15], [8, 9], [8, 12], [8, 14], [9, 10], [9, 11], [9, 13], [9, 14], [10, 12], [11, 14], [11, 15], [12, 15], [13, 14], [13, 15], [14, 18], [16, 17], [16, 18], [16, 21], [16, 22], [16, 26], [16, 30], [17, 19], [17, 20], [17, 21], [17, 23], [17, 26], [17, 31], [18, 19], [18, 21], [18, 23], [18, 24], [18, 30], [19, 20], [19, 24], [19, 25], [19, 28], [19, 29], [19, 30], [20, 22], [20, 24], [20, 26], [20, 28], [20, 31], [21, 22], [21, 23], [21, 30], [22, 24], [22, 25], [22, 27], [22, 29], [23, 24], [23, 26], [23, 27], [23, 28], [24, 30], [24, 31], [25, 31], [26, 28], [26, 29], [26, 30], [27, 29], [28, 30]]"
g_n32_e96_k2_high_13,test,32,96,2,high,714233413382646300883,48.017741492308645,1939091555,"[[0, 1], [0, 4], [0, 5], [0, 11], [0, 12], [0, 13], [1, 2], [1, 3], [1, 6], [1, 8], [1, 10], [1, 12], [1, 15], [1, 27], [2, 5], [2, 7], [2, 9], [2, 11], [2, 15], [3, 4], [3, 6], [3, 7], [3, 8], [3, 12], [4, 5], [4, 9], [4, 10], [4, 14], [5, 7], [5, 8], [5, 11], [5, 12], [5, 13], [5, 14], [6, 8], [6, 9], [6, 12], [6, 13], [7, 8], [7, 13], [8, 10], [8, 12], [9, 11], [9, 17], [10, 14], [10, 15], [11, 12], [11, 14], [13, 15], [16, 18], [16, 21], [16, 25], [16, 27], [16, 28], [16, 29], [16, 30], [17, 20], [17, 25], [17, 27], [17, 30], [18, 19], [18, 20], [18, 24], [18, 28], [18, 29], [18, 31], [19, 25], [19, 28], [19, 30], [19, 31], [20, 23], [20, 29], [20, 30], [21, 22], [21, 24], [21, 27], [21, 28], [22, 28], [22, 29], [22, 30], [22, 31], [23, 24], [23, 26], [23, 29], [24, 26], [25, 26], [25, 27], [26, 27], [26, 30], [26, 31], [27, 31], [28, 29], [28, 30], [28, 31], [29, 31], [30, 31]]"
g_n32_e96_k2_high_14,train,32,96,2,high,839189842626357949524,48.178968627262904,1939091571,"[[0, 2], [0, 5], [0, 6], [0, 8], [0, 13], [1, 4], [1, 8], [1, 10], [1, 13], [1, 14], [2, 4], [2, 6], [2, 8], [2, 11], [2, 15], [2, 21], [3, 5], [3, 7], [3, 8], [3, 10], [3, 11], [3, 13], [3, 14], [3, 15], [4, 5], [4, 8], [4, 10], [5, 6], [5, 8], [5, 14], [6, 7], [6, 11], [6, 15], [7, 11], [7, 12], [7, 13], [7, 15], [8, 9], [9, 11], [9, 13], [9, 14], [10, 13], [11, 13], [11, 14], [11, 15], [12, 13], [12, 14], [12, 15], [14, 28], [16, 17], [16, 18], [16, 22], [16, 23], [16, 26], [16, 27], [17, 19], [17, 21], [17, 23], [17, 25], [17, 27], [17, 31], [18, 20], [18, 21], [18, 22], [18, 28], [18, 30], [18, 31], [19, 22], [19, 24], [19, 27], [19, 30], [20, 21], [20, 25], [20, 27], [21, 24], [21, 25], [21, 27], [21, 28], [21, 29], [22, 25], [22, 26], [22, 29], [23, 24], [23, 25], [23, 28], [23, 29], [24, 26], [24, 30], [25, 26], [25, 28], [25, 29], [26, 30], [26, 31], [27, 29], [28, 31], [29, 30]]"
g_n32_e96_k3_low_00,train,32,96,3,low,341523076404957834262,47.27994692428087,1940091619,"[[0, 2], [0, 4], [0, 6], [0, 12], [1, 2], [1, 4], [1, 11], [1, 13], [1, 15], [2, 3], [2, 4], [2, 11], [2, 14], [2, 15], [3, 8], [3, 10], [3, 11], [3, 15], [3, 22], [4, 7], [4, 14], [5, 7], [5, 11], [5, 12], [5, 15], [6, 8], [6, 10], [6, 11], [6, 14], [6, 18], [7, 10], [7, 11], [8, 10], [8, 11], [8, 13], [8, 14], [8, 15], [9, 10], [9, 11], [9, 13], [9, 15], [10, 13], [10, 14], [11, 13], [11, 14], [11, 15], [12, 14], [13, 15], [13, 30], [16, 22], [16, 23], [16, 25], [17, 18], [17, 19], [17, 22], [17, 23], [17, 25], [17, 26], [17, 27], [18, 20], [18, 21], [18, 22], [18, 23], [18, 24], [18, 26], [18, 29], [18, 30], [18, 31], [19, 20], [19, 22], [19, 25], [19, 28], [19, 29], [19, 30], [19, 31], [20, 25], [20, 27], [20, 29], [20, 31], [21, 28], [21, 31], [22, 24], [22, 25], [22, 26], [22, 29], [22, 31], [23, 26], [24, 25], [25, 28], [25, 30], [26, 27], [27, 28], [27, 29], [27, 31], [29, 30], [30, 31]]"
g_n32_e96_k3_low_01,train,32,96,3,low,374096508626432932998,47.37104548247531,1940091552,"[[0, 2], [0, 8], [0, 12], [1, 2], [1, 3], [1, 4], [2, 4], [2, 5], [2, 8], [2, 13], [3, 6], [3, 8], [3, 9], [3, 10], [3, 11], [3, 12], [3, 15], [4, 9], [4, 10], [4, 11], [4, 15], [5, 8], [5, 11], [5, 12], [5, 13], [5, 15], [6, 7], [6, 8], [6, 10], [6, 13], [6, 15], [6, 21], [7, 8], [7, 13], [8, 9], [8, 12], [8, 14], [8, 15], [9, 10], [9, 13], [9, 14], [10, 15], [12, 13], [12, 15], [13, 14], [13, 15], [14, 15], [14, 27], [15, 24], [16, 17], [16, 19], [16, 20], [16, 21], [16, 22], [16, 24], [17, 21], [17, 29], [17, 30], [18, 20], [18, 25], [18, 28], [18, 30], [18, 31], [19, 21], [19, 24], [19, 25], [19, 26], [19, 28], [19, 29], [19, 30], [20, 24], [20, 25], [20, 27], [21, 27], [21, 29], [22, 24], [22, 25], [22, 27], [22, 29], [22, 31], [23, 24], [23, 25], [23, 26], [23, 28], [23, 30], [24, 25], [24, 27], [24, 28], [24, 30], [24, 31], [25, 28], [25, 29], [25, 31], [26, 30], [27, 30], [27, 31]]"
g_n32_e96_k3_low_02,validation,32,96,3,low,394539463055362557106,47.42425084226922,1940091559,"[[0, 3], [0, 5], [0, 6], [0, 11], [0, 15], [1, 2], [1, 6], [1, 9], [1, 11], [1, 12], [1, 13], [1, 14], [1, 24], [2, 3], [2, 4], [2, 7], [2, 12], [2, 14], [2, 15], [3, 4], [3, 7], [3, 10], [3, 12], [3, 13], [3, 15], [4, 9], [4, 12], [4, 13], [4, 15], [4, 29], [5, 6], [5, 11], [6, 7], [6, 8], [6, 15], [6, 30], [7, 9], [7, 10], [7, 15], [8, 10], [8, 12], [8, 15], [10, 13], [10, 14], [10, 15], [12, 13], [13, 14], [13, 15], [14, 15], [16, 21], [16, 23], [16, 24], [17, 20], [17, 21], [17, 22], [17, 24], [17, 26], [17, 28], [17, 31], [18, 19], [18, 20], [18, 21], [18, 24], [18, 26], [18, 30], [19, 22], [19, 30], [20, 24], [20, 26], [20, 27], [20, 28], [20, 30], [20, 31], [21, 29], [21, 31], [22, 23], [22, 24], [22, 30], [22, 31], [23, 25], [23, 28], [23, 29], [24, 25], [24, 26], [24, 27], [24, 30], [25, 28], [25, 30], [26, 27], [26, 30], [26, 31], [27, 28], [27, 29], [27, 30], [28, 31], [29, 31]]"
g_n32_e96_k3_low_03,train,32,96,3,low,418347133259557908336,47.482843224117964,1940091569,"[[0, 3], [0, 6], [0, 8], [0, 9], [0, 10], [0, 11], [0, 28], [1, 6], [1, 8], [1, 11], [1, 24], [2, 8], [2, 10], [2, 11], [2, 13], [3, 5], [3, 6], [3, 7], [3, 9], [3, 10], [3, 12], [3, 14], [3, 15], [4, 5], [4, 7], [4, 9], [4, 12], [4, 14], [4, 15], [5, 6], [5, 9], [5, 13], [5, 14], [6, 10], [6, 13], [6, 14], [7, 8], [7, 14], [8, 9], [8, 11], [8, 14], [9, 13], [9, 14], [10, 14], [10, 15], [11, 13], [12, 14], [13, 14], [14, 27], [16, 20], [16, 21], [16, 22], [16, 26], [17, 22], [17, 25], [17, 31], [18, 22], [18, 23], [18, 25], [19, 20], [19, 21], [19, 23], [19, 24], [19, 25], [19, 28], [20, 23], [20, 24], [20, 25], [20, 26], [20, 30], [20, 31], [21, 23], [21, 24], [21, 26], [21, 29], [22, 26], [22, 29], [22, 30], [23, 27], [23, 30], [23, 31], [24, 25], [24, 26], [24, 29], [24, 30], [24, 31], [25, 26], [25, 27], [25, 28], [25, 30], [26, 27], [26, 29], [27, 28], [27, 31], [28, 30], [30, 31]]"
g_n32_e96_k3_low_04,test,32,96,3,low,436110900079116491512,47.524428242877974,1940091568,"[[0, 4], [0, 5], [0, 10], [1, 2], [1, 5], [1, 9], [2, 7], [2, 10], [2, 11], [2, 15], [3, 4], [3, 5], [3, 7], [3, 9], [3, 11], [3, 12], [4, 5], [4, 6], [4, 7], [4, 11], [4, 14], [4, 15], [5, 6], [5, 7], [5, 8], [5, 9], [5, 12], [5, 13], [5, 15], [6, 10], [6, 11], [6, 19], [7, 9], [7, 11], [7, 12], [7, 13], [8, 11], [8, 13], [9, 10], [9, 13], [9, 14], [9, 15], [10, 11], [10, 15], [11, 15], [11, 22], [12, 14], [12, 15], [13, 25], [16, 17], [16, 19], [16, 20], [16, 23], [16, 24], [16, 27], [16, 28], [16, 31], [17, 23], [17, 25], [17, 27], [17, 29], [18, 20], [18, 21], [18, 23], [18, 29], [19, 21], [19, 25], [19, 28], [19, 29], [19, 30], [20, 25], [20, 26], [20, 27], [20, 29], [20, 31], [21, 23], [21, 25], [21, 28], [21, 31], [22, 24], [22, 26], [22, 27], [22, 30], [23, 24], [23, 26], [23, 29], [23, 31], [25, 30], [25, 31], [26, 27], [26, 28], [26, 31], [27, 29], [27, 30], [29, 30], [29, 31]]"
g_n32_e96_k3_mid_05,train,32,96,3,mid,679984381289051880372,47.96860150310662,1940091611,"[[0, 1], [0, 2], [0, 4], [0, 10], [0, 13], [0, 15], [1, 3], [1, 6], [1, 7], [1, 10], [1, 11], [2, 7], [2, 10], [2, 11], [2, 12], [2, 13], [3, 4], [3, 5], [3, 7], [3, 8], [3, 11], [3, 14], [4, 8], [5, 8], [5, 10], [5, 13], [5, 15], [6, 8], [6, 10], [6, 13], [7, 11], [7, 12], [7, 14], [8, 10], [8, 25], [9, 10], [9, 12], [9, 14], [9, 15], [9, 16], [10, 11], [10, 12], [10, 13], [10, 14], [10, 17], [11, 12], [11, 13], [12, 13], [13, 15], [16, 23], [16, 27], [16, 28], [16, 30], [16, 31], [17, 18], [17, 20], [17, 25], [17, 27], [17, 31], [18, 20], [18, 24], [18, 26], [18, 27], [18, 28], [18, 29], [18, 30], [19, 21], [19, 26], [19, 27], [19, 29], [19, 31], [20, 23], [20, 24], [20, 25], [20, 26], [20, 28], [21, 22], [21, 24], [21, 27], [21, 31], [22, 23], [22, 24], [22, 28], [23, 26], [23, 31], [24, 25], [24, 27], [24, 29], [24, 30], [25, 27], [26, 27], [26, 28], [27, 30], [27, 31], [28, 29], [28, 30]]"
g_n32_e96_k3_mid_06,train,32,96,3,mid,682579247703136856124,47.972410308061995,1940091570,"[[0, 4], [0, 7], [0, 10], [0, 11], [0, 14], [0, 15], [1, 2], [1, 3], [1, 5], [1, 7], [1, 8], [1, 13], [1, 14], [2, 4], [2, 5], [2, 9], [2, 10], [2, 11], [2, 14], [2, 15], [3, 6], [3, 10], [3, 13], [4, 9], [4, 11], [4, 29], [5, 10], [5, 14], [5, 15], [6, 10], [6, 12], [6, 13], [7, 11], [7, 13], [7, 14], [7, 15], [8, 10], [8, 11], [8, 13], [8, 14], [9, 12], [9, 21], [10, 13], [10, 14], [10, 25], [11, 13], [11, 15], [12, 15], [13, 14], [16, 18], [16, 20], [16, 23], [16, 25], [16, 28], [16, 29], [17, 18], [17, 21], [17, 26], [17, 27], [17, 30], [17, 31], [18, 24], [18, 27], [18, 29], [19, 20], [19, 21], [19, 23], [19, 28], [19, 30], [20, 22], [20, 23], [20, 24], [20, 28], [20, 30], [21, 22], [21, 24], [21, 28], [21, 30], [22, 24], [22, 25], [22, 26], [22, 27], [22, 28], [22, 29], [22, 30], [23, 25], [23, 26], [23, 28], [23, 31], [24, 25], [24, 28], [24, 31], [25, 26], [26, 30], [26, 31], [27, 28]]"
g_n32_e96_k3_mid_07,validation,32,96,3,mid,685427274752711182796,47.97657407646149,1940091609,"[[0, 2], [0, 3], [0, 8], [0, 9], [0, 10], [0, 12], [1, 2], [1, 4], [1, 7], [1, 9], [1, 10], [1, 12], [1, 13], [1, 15], [2, 3], [2, 4], [2, 11], [3, 6], [3, 10], [3, 11], [3, 14], [4, 11], [4, 12], [4, 25], [5, 8], [5, 9], [5, 10], [5, 11], [5, 13], [6, 9], [6, 10], [6, 11], [6, 14], [7, 9], [7, 10], [7, 14], [8, 9], [8, 12], [8, 29], [9, 12], [9, 28], [10, 11], [11, 12], [11, 15], [12, 13], [12, 14], [12, 15], [13, 14], [13, 15], [16, 22], [16, 23], [16, 24], [16, 25], [16, 26], [16, 27], [16, 28], [16, 31], [17, 21], [17, 22], [17, 24], [17, 25], [17, 26], [17, 28], [17, 30], [17, 31], [18, 20], [18, 22], [18, 24], [19, 21], [19, 25], [19, 27], [19, 28], [19, 30], [19, 31], [20, 26], [20, 31], [21, 22], [21, 27], [21, 31], [22, 27], [22, 31], [23, 25], [23, 27], [23, 28], [24, 25], [24, 28], [24, 29], [24, 30], [25, 31], [26, 28], [26, 31], [27, 29], [27, 30], [28, 29], [28, 30], [29, 31]]"
g_n32_e96_k3_mid_08,train,32,96,3,mid,687582039348842117498,47.97971282627625,1940091578,"[[0, 3], [0, 10], [0, 15], [1, 8], [1, 10], [1, 13], [1, 15], [2, 4], [2, 11], [2, 14], [2, 15], [3, 4], [3, 5], [3, 9], [3, 14], [3, 27], [4, 6], [4, 7], [4, 9], [4, 10], [4, 11], [4, 12], [4, 13], [5, 8], [5, 13], [5, 14], [5, 15], [6, 9], [6, 12], [6, 15], [7, 10], [7, 11], [7, 13], [7, 15], [8, 9], [8, 11], [8, 12], [8, 13], [8, 15], [9, 10], [9, 14], [10, 14], [10, 15], [10, 18], [11, 12], [11, 13], [12, 15], [13, 15], [13, 19], [16, 18], [16, 20], [16, 22], [16, 23], [16, 25], [16, 26], [16, 28], [16, 30], [17, 19], [17, 24], [17, 26], [17, 28], [17, 31], [18, 21], [18, 22], [18, 23], [18, 25], [18, 26], [19, 20], [19, 22], [19, 23], [19, 24], [19, 30], [20, 22], [20, 27], [20, 28], [21, 24], [21, 27], [21, 28], [21, 29], [21, 30], [22, 23], [22, 26], [22, 27], [22, 28], [23, 27], [25, 27], [25, 28], [25, 29], [25, 31], [26, 28], [26, 30], [26, 31], [27, 29], [27, 30], [27, 31], [29, 30]]"
g_n32_e96_k3_mid_09,test,32,96,3,mid,690070151363307738315,47.983324934958695,1940091592,"[[0, 1], [0, 7], [0, 8], [0, 9], [0, 11], [0, 13], [1, 2], [1, 5], [1, 6], [1, 8], [1, 14], [1, 15], [2, 6], [2, 12], [3, 5], [3, 6], [3, 7], [3, 9], [3, 12], [3, 14], [3, 15], [3, 23], [4, 5], [4, 10], [4, 13], [4, 15], [5, 7], [5, 8], [5, 12], [6, 9], [6, 11], [7, 11], [7, 13], [7, 15], [8, 9], [8, 10], [8, 13], [9, 10], [9, 11], [9, 14], [9, 15], [10, 13], [10, 22], [11, 14], [12, 13], [12, 15], [13, 14], [13, 15], [13, 16], [16, 22], [16, 24], [16, 28], [16, 30], [17, 18], [17, 19], [17, 26], [17, 30], [18, 21], [18, 22], [18, 28], [19, 22], [19, 28], [19, 31], [20, 21], [20, 23], [20, 24], [20, 25], [20, 28], [20, 29], [20, 30], [21, 24], [21, 26], [21, 29], [21, 30], [22, 25], [22, 26], [22, 28], [22, 31], [23, 27], [23, 28], [23, 29], [24, 25], [24, 27], [24, 28], [24, 29], [24, 30], [24, 31], [25, 26], [25, 30], [26, 28], [26, 31], [27, 28], [27, 29], [28, 29], [28, 31], [29, 30]]"
g_n32_e96_k3_high_10,validation,32,96,3,high,975106185762858459605,48.329078047435296,1940091589,"[[0, 2], [0, 3], [0, 8], [0, 11], [0, 13], [1, 3], [1, 9], [1, 10], [1, 14], [2, 3], [2, 5], [2, 8], [2, 14], [2, 15], [3, 5], [3, 8], [4, 5], [4, 9], [4, 10], [4, 15], [5, 7], [5, 11], [5, 12], [5, 14], [6, 7], [6, 8], [6, 9], [6, 10], [6, 13], [7, 8], [7, 11], [7, 12], [7, 13], [7, 15], [8, 11], [8, 15], [9, 10], [9, 11], [9, 12], [9, 28], [10, 11], [10, 12], [10, 13], [10, 14], [10, 27], [11, 14], [12, 13], [14, 15], [14, 18], [16, 17], [16, 20], [16, 25], [16, 30], [17, 20], [17, 21], [17, 23], [17, 28], [17, 29], [17, 30], [18, 20], [18, 24], [18, 26], [18, 27], [18, 28], [18, 30], [19, 20], [19, 25], [19, 31], [20, 22], [20, 23], [20, 24], [20, 28], [21, 22], [21, 23], [21, 25], [21, 27], [22, 23], [22, 24], [22, 31], [23, 25], [23, 29], [23, 31], [24, 25], [24, 26], [24, 27], [24, 28], [24, 29], [25, 27], [25, 28], [25, 30], [26, 27], [26, 31], [27, 30], [27, 31], [29, 30], [29, 31]]"
g_n32_e96_k3_high_11,train,32,96,3,high,1005078190432506225902,48.359352292785005,1940091555,"[[0, 1], [0, 3], [0, 6], [0, 7], [0, 12], [0, 14], [1, 2], [1, 5], [1, 9], [1, 13], [2, 6], [2, 7], [2, 12], [2, 13], [2, 14], [3, 4], [3, 5], [3, 8], [3, 10], [3, 14], [4, 5], [4, 6], [4, 7], [4, 12], [4, 13], [4, 25], [5, 9], [5, 11], [5, 12], [6, 9], [6, 10], [6, 15], [7, 9], [7, 12], [7, 15], [8, 11], [8, 14], [8, 15], [8, 28], [9, 15], [10, 11], [10, 13], [10, 14], [10, 18], [11, 15], [12, 13], [12, 15], [13, 15], [14, 15], [16, 17], [16, 20], [16, 23], [16, 26], [17, 21], [17, 24], [17, 25], [17, 29], [17, 30], [17, 31], [18, 20], [18, 21], [18, 22], [18, 23], [18, 24], [18, 25], [18, 28], [18, 31], [19, 22], [19, 26], [19, 30], [20, 24], [20, 27], [20, 30], [21, 25], [21, 26], [21, 29], [21, 30], [22, 26], [22, 27], [23, 25], [23, 31], [24, 25], [24, 26], [24, 29], [24, 30], [24, 31], [25, 28], [26, 27], [26, 28], [26, 30], [27, 29], [27, 30], [28, 29], [28, 30], [29, 30], [29, 31]]"
g_n32_e96_k3_high_12,train,32,96,3,high,1038929210498757039540,48.39247753033095,1940091605,"[[0, 2], [0, 6], [0, 7], [0, 9], [0, 11], [0, 14], [1, 7], [1, 8], [1, 9], [1, 10], [1, 13], [1, 14], [2, 4], [2, 5], [2, 8], [2, 10], [2, 13], [2, 14], [2, 15], [2, 16], [3, 9], [3, 11], [3, 12], [4, 6], [4, 7], [4, 9], [4, 10], [4, 11], [5, 12], [5, 13], [6, 10], [6, 12], [6, 14], [7, 8], [7, 11], [7, 14], [7, 15], [8, 11], [8, 12], [8, 14], [8, 15], [9, 15], [10, 15], [11, 13], [11, 15], [12, 14], [12, 29], [13, 14], [13, 27], [16, 17], [16, 22], [16, 24], [16, 30], [17, 18], [17, 19], [17, 21], [17, 24], [17, 25], [17, 31], [18, 19], [18, 23], [18, 25], [18, 28], [18, 29], [19, 22], [19, 25], [19, 27], [19, 28], [20, 21], [20, 22], [20, 25], [20, 26], [20, 27], [20, 31], [21, 22], [21, 25], [21, 26], [22, 23], [22, 26], [22, 30], [22, 31], [23, 24], [23, 28], [23, 29], [23, 30], [23, 31], [24, 26], [24, 27], [24, 30], [24, 31], [25, 28], [25, 29], [25, 31], [26, 28], [26, 29], [30, 31]]"
g_n32_e96_k3_high_13,train,32,96,3,high,1069026499062407504061,48.42103537325648,1940091593,"[[0, 2], [0, 3], [0, 8], [0, 11], [0, 12], [0, 13], [0, 15], [0, 22], [1, 5], [1, 7], [1, 10], [1, 13], [2, 6], [2, 10], [2, 12], [2, 13], [2, 15], [3, 4], [3, 5], [3, 6], [3, 7], [3, 9], [3, 10], [4, 8], [4, 11], [4, 12], [4, 13], [4, 14], [5, 9], [5, 10], [6, 9], [6, 11], [6, 12], [6, 15], [7, 12], [7, 13], [7, 14], [8, 11], [8, 14], [8, 27], [9, 13], [9, 14], [9, 15], [10, 14], [11, 13], [11, 14], [11, 26], [12, 14], [12, 15], [16, 18], [16, 19], [16, 23], [16, 26], [16, 31], [17, 19], [17, 26], [17, 28], [17, 29], [17, 31], [18, 19], [18, 21], [18, 27], [18, 28], [19, 20], [19, 25], [19, 26], [19, 27], [19, 29], [20, 23], [20, 27], [20, 29], [20, 30], [20, 31], [21, 22], [21, 26], [21, 27], [21, 29], [21, 31], [22, 24], [22, 31], [23, 24], [23, 26], [23, 30], [23, 31], [24, 25], [24, 27], [24, 28], [24, 29], [24, 31], [25, 26], [25, 28], [25, 30], [26, 30], [26, 31], [27, 30], [27, 31]]"
g_n32_e96_k3_high_14,test,32,96,3,high,1138971018132658264516,48.484412192005436,1940091563,"[[0, 4], [0, 5], [0, 6], [0, 7], [0, 10], [1, 3], [1, 4], [1, 6], [1, 9], [1, 11], [1, 13], [1, 14], [2, 6], [2, 7], [2, 11], [2, 12], [2, 15], [3, 7], [3, 10], [3, 13], [3, 14], [4, 5], [4, 13], [5, 6], [5, 8], [5, 9], [5, 11], [5, 12], [5, 15], [6, 7], [6, 8], [6, 11], [6, 14], [6, 15], [7, 12], [8, 10], [8, 11], [8, 12], [8, 14], [8, 15], [9, 10], [9, 12], [10, 11], [10, 15], [11, 13], [11, 23], [12, 15], [12, 28], [13, 17], [16, 19], [16, 22], [16, 26], [16, 27], [16, 29], [16, 31], [17, 24], [17, 26], [17, 29], [18, 19], [18, 20], [18, 23], [18, 24], [18, 25], [18, 26], [18, 27], [18, 28], [19, 23], [19, 25], [19, 26], [19, 28], [19, 31], [20, 22], [20, 24], [20, 30], [20, 31], [21, 23], [21, 25], [21, 27], [21, 29], [21, 30], [21, 31], [22, 28], [22, 30], [22, 31], [23, 24], [23, 27], [24, 26], [24, 27], [24, 29], [25, 26], [25, 27], [25, 30], [26, 28], [26, 31], [27, 28], [29, 30]]"
