primary_key,split,group_index,match_key,state_count,tail_count,log_tau_min,log_tau_max,log_tau_spread,low_mean_collapse_fraction,high_mean_collapse_fraction,low_minus_high
path_b05,train,0,"('24', '43', '1', '1', '1', '5', 2.5)",6,2,20.726600594456674,21.981444006452946,1.2548434119962728,0.328125,0.3359375,-0.0078125
path_b05,train,2,"('24', '43', '1', '1', '1', '6', 3.0)",24,8,19.916095985687296,22.020635652135518,2.104539666448222,0.33203125,0.2578125,0.07421875
path_b05,train,3,"('24', '43', '1', '1', '1', '7', 3.0)",7,2,20.3075447006194,22.080820407413185,1.773275706793786,0.2890625,0.21875,0.0703125
path_b05,train,7,"('24', '43', '1', '1', '2', '7', 3.5)",6,2,20.15402282716748,21.03368108036533,0.8796582531978494,0.390625,0.2890625,0.1015625
path_b05,train,10,"('24', '43', '1', '2', '1', '7', 3.0)",5,1,19.79263213468877,21.146934058516155,1.3543019238273857,0.53125,0.359375,0.171875
path_b05,train,16,"('24', '43', '2', '0', '2', '5', 2.5)",10,3,20.87043538039085,22.360075965502524,1.4896405851116725,0.16145833333333334,0.06770833333333333,0.09375000000000001
path_b05,train,17,"('24', '43', '2', '0', '2', '5', 3.0)",8,2,21.359378664205874,22.424121907265743,1.0647432430598691,0.171875,0.078125,0.09375
path_b05,train,19,"('24', '43', '2', '0', '2', '6', 3.0)",18,6,20.76519044128898,22.363975893110993,1.598785451822014,0.1640625,0.09375,0.0703125
path_b05,train,22,"('24', '45', '1', '1', '1', '5', 2.5)",4,1,21.829625461357875,23.20709013470272,1.3774646733448463,0.3125,0.25,0.0625
path_b05,train,25,"('24', '45', '1', '1', '1', '6', 3.0)",10,3,21.66915534113708,22.967369369869658,1.298214028732577,0.19791666666666666,0.2552083333333333,-0.05729166666666666
path_b05,train,30,"('24', '45', '1', '2', '1', '6', 3.0)",4,1,20.60487037879765,21.5924986378685,0.9876282590708492,0.390625,0.3125,0.078125
path_b05,train,34,"('24', '45', '2', '0', '2', '5', 2.5)",22,7,22.495362083241048,23.81159447842794,1.3162323951868906,0.10714285714285714,0.049107142857142856,0.05803571428571428
path_b05,train,35,"('24', '45', '2', '0', '2', '5', 3.0)",7,2,22.329763329780864,23.642284826875848,1.3125214970949841,0.125,0.0390625,0.0859375
path_b05,train,36,"('24', '45', '2', '0', '2', '6', 2.5)",10,3,22.581919785486818,23.60632435366492,1.0244045681781024,0.10416666666666667,0.078125,0.02604166666666667
path_b05,train,37,"('24', '45', '2', '0', '2', '6', 3.0)",28,9,21.19776253223651,23.58067794030455,2.3829154080680404,0.1684027777777778,0.0920138888888889,0.0763888888888889
path_b05,train,38,"('24', '45', '2', '0', '2', '7', 3.0)",6,2,21.780773812773976,22.84501693897163,1.0642431261976526,0.21875,0.0625,0.15625
path_b05,train,41,"('24', '48', '2', '0', '2', '5', 2.5)",16,5,23.12221935778457,24.893248177462365,1.7710288196777952,0.20625,0.10625,0.09999999999999999
path_b05,train,42,"('24', '48', '2', '0', '2', '5', 3.0)",6,2,23.769099440620714,24.789998625714315,1.020899185093601,0.1953125,0.125,0.0703125
path_b05,train,43,"('24', '48', '2', '0', '2', '6', 2.5)",7,2,23.792506868990042,25.007593977314542,1.2150871083245,0.109375,0.1015625,0.0078125
path_b05,train,44,"('24', '48', '2', '0', '2', '6', 3.0)",20,6,23.372437858164297,25.02543814443433,1.6530002862700321,0.18489583333333334,0.08854166666666667,0.09635416666666667
path_b05,train,48,"('24', '48', '3', '0', '3', '5', 2.5)",45,15,24.99717345114516,25.76343986973666,0.7662664185915027,0.036458333333333336,0.03958333333333333,-0.003124999999999996
path_b05,train,49,"('24', '48', '3', '0', '3', '6', 2.5)",6,2,24.85368165924696,25.53973902674031,0.6860573674933512,0.0546875,0.0390625,0.015625
path_b05,train,63,"('24', '64', '2', '0', '2', '5', 2.5)",30,10,31.213389783804427,32.20779080431886,0.9944010205144345,0.0625,0.034375,0.028124999999999997
path_b05,train,64,"('24', '64', '2', '0', '2', '6', 2.5)",4,1,31.150032633310794,31.740835051767085,0.5908024184562919,0.046875,0.046875,0.0
path_b05,train,65,"('24', '64', '2', '0', '3', '5', 2.5)",24,8,31.355900589442438,32.4487594898747,1.0928589004322653,0.0390625,0.017578125,0.021484375
path_b05,train,67,"('24', '64', '3', '0', '3', '4', 2.5)",6,2,31.809390199105902,32.79234686041326,0.9829566613073588,0.0234375,0.0,0.0234375
path_b05,train,68,"('24', '64', '3', '0', '3', '5', 2.5)",16,5,32.02427503613005,32.678955706830784,0.6546806707007349,0.01875,0.0125,0.006249999999999999
path_b05,train,76,"('24', '68', '2', '0', '2', '4', 2.5)",6,2,33.35594875654941,34.16719116184434,0.8112424052949336,0.015625,0.0234375,-0.0078125
path_b05,train,77,"('24', '68', '2', '0', '2', '5', 2.5)",26,8,32.67811039608466,33.62599431459969,0.947883918515025,0.068359375,0.04296875,0.025390625
path_b05,train,80,"('24', '68', '2', '0', '3', '5', 2.5)",31,10,33.0441671165662,33.94979287378241,0.9056257572162068,0.03125,0.0203125,0.0109375
path_b05,train,84,"('24', '68', '3', '0', '3', '4', 2.5)",10,3,33.20971643138796,34.35354163241304,1.1438252010250807,0.020833333333333332,0.010416666666666666,0.010416666666666666
path_b05,train,86,"('24', '68', '3', '0', '3', '5', 2.5)",11,3,33.428784073734015,34.24106959837228,0.8122855246382628,0.03125,0.0,0.03125
path_b05,train,90,"('24', '72', '2', '0', '2', '5', 2.5)",14,4,34.36202535290201,35.01818566717651,0.6561603142745014,0.05859375,0.0546875,0.00390625
path_b05,train,92,"('24', '72', '2', '0', '3', '5', 2.5)",23,7,34.57182992661629,35.44956386993578,0.8777339433194911,0.024553571428571428,0.022321428571428572,0.002232142857142856
path_b05,train,96,"('24', '72', '3', '0', '3', '4', 2.0)",14,4,34.86971231218409,35.7986937567014,0.928981444517305,0.00390625,0.00390625,0.0
path_b05,train,97,"('24', '72', '3', '0', '3', '4', 2.5)",8,2,34.93832650809452,35.76632158875528,0.827995080660763,0.0234375,0.0078125,0.015625
path_b05,train,104,"('32', '57', '1', '1', '1', '6', 3.0)",13,4,26.95999988049409,29.3961256091711,2.436125728677009,0.30859375,0.265625,0.04296875
path_b05,train,105,"('32', '57', '1', '1', '1', '7', 3.0)",6,2,27.334863940108352,29.610524395024957,2.275660454916604,0.34375,0.2890625,0.0546875
path_b05,train,106,"('32', '57', '1', '1', '1', '7', 3.5)",8,2,27.628082166067124,28.85173263785061,1.2236504717834862,0.3359375,0.3125,0.0234375
path_b05,train,113,"('32', '57', '1', '2', '1', '7', 3.0)",8,2,26.734206280656384,28.17702425662174,1.4428179759653545,0.5703125,0.3828125,0.1875
path_b05,train,114,"('32', '57', '1', '2', '1', '7', 3.5)",4,1,27.362901940932854,27.89951118345348,0.5366092425206261,0.5,0.484375,0.015625
path_b05,train,115,"('32', '57', '1', '2', '1', '8', 3.5)",5,1,26.54937576679173,28.278777958622705,1.7294021918309745,0.65625,0.375,0.28125
path_b05,train,125,"('32', '57', '2', '0', '2', '6', 3.0)",14,4,28.55464684141919,30.09041925655567,1.5357724151364813,0.17578125,0.1484375,0.02734375
path_b05,train,127,"('32', '57', '2', '0', '2', '7', 3.0)",14,4,28.638741973080162,30.199209575051796,1.5604676019716344,0.2109375,0.13671875,0.07421875
path_b05,train,128,"('32', '57', '2', '0', '2', '7', 3.5)",9,3,28.26252891383439,30.103009190706906,1.8404802768725155,0.22395833333333334,0.10416666666666667,0.11979166666666667
path_b05,train,131,"('32', '60', '1', '1', '1', '6', 3.0)",17,5,28.878148469104115,31.70136261369469,2.823214144590576,0.3375,0.21875,0.11875000000000002
path_b05,train,132,"('32', '60', '1', '1', '1', '7', 3.0)",14,4,28.720024602885605,31.585781578658878,2.865756975773273,0.390625,0.23046875,0.16015625
path_b05,train,141,"('32', '60', '2', '0', '2', '6', 3.0)",40,13,29.261088434219694,32.17905273092866,2.9179642967089663,0.17427884615384615,0.09014423076923077,0.08413461538461538
path_b05,train,143,"('32', '60', '2', '0', '2', '7', 3.0)",12,4,29.47465673230501,31.6590572944193,2.1844005621142877,0.1796875,0.06640625,0.11328125
path_b05,train,144,"('32', '60', '2', '0', '2', '7', 3.5)",9,3,29.968404096050513,31.59449027480113,1.6260861787506187,0.2604166666666667,0.09895833333333333,0.16145833333333337
path_b05,train,148,"('32', '64', '2', '0', '2', '6', 3.0)",28,9,31.514398904366246,33.715850942058836,2.20145203769259,0.234375,0.1232638888888889,0.1111111111111111
path_b05,train,149,"('32', '64', '2', '0', '2', '7', 3.0)",19,6,31.879800908720547,33.660716176505396,1.7809152677848488,0.20833333333333334,0.1484375,0.05989583333333334
path_b05,train,150,"('32', '64', '2', '0', '2', '7', 3.5)",4,1,32.230694193737314,33.417146422146175,1.1864522284088608,0.15625,0.109375,0.046875
path_b05,train,152,"('32', '64', '3', '0', '3', '5', 3.0)",7,2,33.707665556766514,34.634193357366634,0.9265278006001196,0.046875,0.0078125,0.0390625
path_b05,train,153,"('32', '64', '3', '0', '3', '6', 3.0)",44,14,33.454854631457096,34.8075437540659,1.3526891226088011,0.04575892857142857,0.033482142857142856,0.012276785714285712
path_b05,train,155,"('32', '86', '1', '1', '1', '5', 2.5)",5,1,42.3928661575911,43.70895373059268,1.3160875730015817,0.171875,0.203125,-0.03125
path_b05,train,157,"('32', '86', '1', '1', '1', '6', 2.5)",5,1,42.03142721240062,43.423581657066016,1.392154444665394,0.21875,0.109375,0.109375
path_b05,train,158,"('32', '86', '1', '1', '1', '6', 3.0)",4,1,42.16843085745378,42.844469672559455,0.6760388151056773,0.203125,0.140625,0.0625
path_b05,train,159,"('32', '86', '1', '1', '2', '6', 3.0)",4,1,42.23299085936153,43.25527907076892,1.0222882114073926,0.203125,0.171875,0.03125
path_b05,train,167,"('32', '86', '2', '0', '2', '5', 2.5)",26,8,42.27682652714867,44.51672915473936,2.2399026275906877,0.068359375,0.029296875,0.0390625
path_b05,train,169,"('32', '86', '2', '0', '2', '6', 2.5)",4,1,42.840550374842095,43.59018619642311,0.7496358215810162,0.046875,0.078125,-0.03125
path_b05,train,170,"('32', '86', '2', '0', '2', '6', 3.0)",11,3,42.592993583130685,43.84493204165612,1.2519384585254372,0.0625,0.0625,0.0
path_b05,train,171,"('32', '86', '2', '0', '3', '5', 2.5)",5,1,43.074081779113385,44.317498308407,1.2434165292936186,0.03125,0.0,0.03125
path_b05,train,174,"('32', '86', '2', '0', '3', '6', 3.0)",8,2,43.506209518001576,44.06014853352321,0.5539390155216353,0.0390625,0.046875,-0.0078125
path_b05,train,175,"('32', '86', '3', '0', '3', '5', 2.5)",13,4,43.29601605649311,44.545092350493796,1.2490762940006874,0.01953125,0.0078125,0.01171875
path_b05,train,186,"('32', '91', '2', '0', '2', '5', 2.5)",29,9,44.249928114418246,46.150784035285135,1.9008559208668885,0.05555555555555555,0.029513888888888888,0.026041666666666664
path_b05,train,188,"('32', '91', '2', '0', '2', '6', 2.5)",7,2,44.02644301616834,45.40974097676969,1.3832979606013467,0.09375,0.046875,0.046875
path_b05,train,190,"('32', '91', '2', '0', '3', '5', 2.5)",11,3,45.049151162120474,46.182248525568006,1.1330973634475328,0.036458333333333336,0.036458333333333336,0.0
path_b05,train,192,"('32', '91', '2', '0', '3', '6', 2.5)",7,2,45.4727007242932,46.07712740624894,0.6044266819557436,0.0234375,0.03125,-0.0078125
path_b05,train,195,"('32', '91', '3', '0', '3', '5', 2.5)",31,10,45.49735899503944,46.81100278863092,1.3136437935914813,0.025,0.015625,0.009375000000000001
path_b05,train,197,"('32', '96', '2', '0', '2', '5', 2.5)",18,6,45.96539126659035,47.362493957155074,1.3971026905647221,0.078125,0.044270833333333336,0.033854166666666664
path_b05,train,198,"('32', '96', '2', '0', '2', '6', 2.5)",7,2,46.48785707758304,47.31279033124509,0.8249332536620528,0.0625,0.0703125,-0.0078125
path_b05,train,199,"('32', '96', '2', '0', '3', '5', 2.5)",16,5,47.29096390512444,48.004970546548925,0.7140066414244828,0.034375,0.028125,0.006250000000000002
path_b05,train,201,"('32', '96', '2', '0', '3', '6', 2.5)",4,1,47.33409753609919,47.88949363355273,0.5553960974535386,0.046875,0.0,0.046875
path_b05,train,205,"('32', '96', '3', '0', '3', '5', 2.5)",43,14,46.84948344741321,48.62658319819844,1.7770997507852258,0.017857142857142856,0.010044642857142858,0.007812499999999998
path_b05,train,206,"('32', '96', '3', '0', '4', '5', 2.5)",10,3,47.60140104941209,48.75700161423656,1.1556005648244678,0.005208333333333333,0.0,0.005208333333333333
path_b05,train,208,"('40', '108', '1', '1', '1', '6', 3.0)",6,2,53.72221275887756,55.30835901978643,1.586146260908869,0.203125,0.1796875,0.0234375
path_b05,train,221,"('40', '108', '2', '0', '2', '5', 3.0)",6,2,54.169813694659936,55.95703641855335,1.7872227238934144,0.140625,0.078125,0.0625
path_b05,train,223,"('40', '108', '2', '0', '2', '6', 3.0)",42,14,53.84540218152873,56.44256278936366,2.5971606078349296,0.09040178571428571,0.044642857142857144,0.04575892857142857
path_b05,train,224,"('40', '108', '2', '0', '2', '7', 3.0)",5,1,53.656844917738425,55.331795929685526,1.6749510119471012,0.265625,0.109375,0.15625
path_b05,train,227,"('40', '108', '3', '0', '3', '5', 3.0)",4,1,54.8110811274655,56.53351023047726,1.7224291030117627,0.015625,0.0,0.015625
path_b05,train,229,"('40', '108', '3', '0', '3', '6', 3.0)",5,1,55.17214813778606,56.771503657821206,1.5993555200351466,0.03125,0.015625,0.015625
path_b05,train,239,"('40', '114', '2', '0', '2', '5', 2.5)",6,2,57.9901651947515,58.68113082676567,0.6909656320141693,0.0390625,0.0625,-0.0234375
path_b05,train,240,"('40', '114', '2', '0', '2', '5', 3.0)",6,2,56.11565380512433,58.094335316995185,1.9786815118708532,0.109375,0.0703125,0.0390625
path_b05,train,241,"('40', '114', '2', '0', '2', '6', 2.5)",6,2,57.57437972005362,58.73551318673398,1.1611334666803614,0.0234375,0.0390625,-0.015625
path_b05,train,242,"('40', '114', '2', '0', '2', '6', 3.0)",26,8,56.20014194839377,58.54785883699342,2.347716888599649,0.091796875,0.064453125,0.02734375
path_b05,train,243,"('40', '114', '2', '0', '2', '7', 3.0)",6,2,56.28452001707063,57.676630546590175,1.3921105295195417,0.0625,0.046875,0.015625
path_b05,train,245,"('40', '114', '2', '0', '3', '5', 3.0)",6,2,57.826257350424,58.68502044562487,0.8587630952008709,0.0546875,0.015625,0.0390625
path_b05,train,246,"('40', '114', '2', '0', '3', '6', 3.0)",9,3,57.01503011809559,58.632820792935895,1.6177906748403075,0.020833333333333332,0.036458333333333336,-0.015625000000000003
path_b05,train,247,"('40', '114', '3', '0', '3', '5', 2.5)",13,4,57.626535310700454,58.90080084921274,1.2742655385122887,0.03125,0.01171875,0.01953125
path_b05,train,248,"('40', '114', '3', '0', '3', '5', 3.0)",5,1,57.7241488633985,59.15932439701069,1.4351755336121954,0.03125,0.015625,0.015625
path_b05,train,249,"('40', '114', '3', '0', '3', '6', 2.5)",4,1,57.69680634807525,58.72659879290473,1.0297924448294822,0.0625,0.046875,0.015625
path_b05,train,250,"('40', '114', '3', '0', '3', '6', 3.0)",6,2,57.875382361656,58.77563356981586,0.9002512081598582,0.0234375,0.0234375,0.0
path_b05,train,254,"('40', '120', '2', '0', '2', '6', 3.0)",26,8,58.623366928025405,60.518896755063466,1.895529827038061,0.076171875,0.0625,0.013671875
path_b05,train,257,"('40', '120', '2', '0', '3', '5', 3.0)",5,1,59.83708904885316,60.82095498366455,0.9838659348113907,0.0625,0.0,0.0625
path_b05,train,258,"('40', '120', '2', '0', '3', '6', 3.0)",10,3,59.13881548424966,60.78207673459688,1.6432612503472157,0.046875,0.020833333333333332,0.026041666666666668
path_b05,train,259,"('40', '120', '2', '0', '3', '7', 3.0)",4,1,58.554596861988664,60.504184076163924,1.94958721417526,0.03125,0.015625,0.015625
path_b05,train,260,"('40', '120', '3', '0', '3', '5', 2.5)",36,12,59.692543040684875,61.40682599438128,1.7142829536964044,0.014322916666666666,0.010416666666666666,0.00390625
path_b05,train,261,"('40', '120', '3', '0', '3', '6', 2.5)",10,3,59.760974683375515,61.05517649931928,1.2942018159437652,0.020833333333333332,0.020833333333333332,0.0
path_b05,train,262,"('40', '120', '3', '0', '3', '6', 3.0)",4,1,59.90097097681711,60.48232331184034,0.5813523350232259,0.015625,0.015625,0.0
path_b05,train,268,"('40', '72', '1', '1', '1', '7', 3.5)",9,3,35.286389787341356,37.61915667383226,2.3327668864909015,0.40625,0.25,0.15625
path_b05,train,269,"('40', '72', '1', '1', '1', '8', 3.5)",16,5,34.80866529957301,37.81606429362058,3.00739899404757,0.36875,0.278125,0.09062500000000001
path_b05,train,274,"('40', '72', '1', '2', '1', '7', 3.5)",9,3,34.50960378262981,37.99851070101525,3.488906918385439,0.4895833333333333,0.3229166666666667,0.16666666666666663
path_b05,train,275,"('40', '72', '1', '2', '1', '8', 3.5)",5,1,34.30393391124159,37.264465326048935,2.960531414807342,0.515625,0.46875,0.046875
path_b05,train,276,"('40', '72', '1', '2', '1', '9', 3.5)",4,1,34.84889737942336,37.078023159653206,2.229125780229843,0.5625,0.3125,0.25
path_b05,train,290,"('40', '72', '2', '0', '2', '7', 3.5)",24,8,36.57521158426224,38.77151856025312,2.196306975990879,0.255859375,0.1484375,0.107421875
path_b05,train,291,"('40', '72', '2', '0', '2', '8', 3.5)",8,2,36.28723418127904,37.47346616213322,1.1862319808541812,0.2734375,0.203125,0.0703125
path_b05,train,295,"('40', '76', '1', '1', '1', '7', 3.5)",8,2,37.751798012925185,39.800226560195995,2.0484285472708095,0.3671875,0.2578125,0.109375
path_b05,train,296,"('40', '76', '1', '1', '1', '8', 3.5)",7,2,38.220113673127145,39.949497281233526,1.7293836081063816,0.3359375,0.28125,0.0546875
path_b05,train,305,"('40', '76', '2', '0', '2', '6', 3.0)",19,6,38.219167078974436,41.43270754550418,3.213540466529743,0.1796875,0.0859375,0.09375
path_b05,train,307,"('40', '76', '2', '0', '2', '7', 3.0)",4,1,39.61885050096308,41.21979896209939,1.600948461136312,0.171875,0.09375,0.078125
path_b05,train,308,"('40', '76', '2', '0', '2', '7', 3.5)",38,12,37.895723881177894,41.22897876811566,3.333254886937766,0.28515625,0.1015625,0.18359375
path_b05,train,309,"('40', '76', '2', '0', '2', '8', 3.5)",8,2,38.13095694676545,39.9489969602572,1.8180400134917463,0.296875,0.1796875,0.1171875
path_b05,train,314,"('40', '80', '2', '0', '2', '6', 3.0)",7,2,40.630215137858706,42.41889540522694,1.7886802673682354,0.171875,0.203125,-0.03125
path_b05,train,315,"('40', '80', '2', '0', '2', '7', 3.0)",8,2,40.37727784573861,42.45804439169159,2.080766545952976,0.21875,0.140625,0.078125
path_b05,train,316,"('40', '80', '2', '0', '2', '7', 3.5)",29,9,40.1588993407844,42.829694096540955,2.6707947557565532,0.2361111111111111,0.1284722222222222,0.1076388888888889
path_b05,train,317,"('40', '80', '2', '0', '2', '8', 3.5)",9,3,40.29042707386841,42.56224381543276,2.2718167415643507,0.19791666666666666,0.171875,0.026041666666666657
path_b05,train,319,"('40', '80', '3', '0', '3', '6', 3.0)",36,12,42.67078340993296,43.99175618227903,1.3209727723460745,0.0546875,0.04296875,0.01171875
path_b05,train,320,"('40', '80', '3', '0', '3', '7', 3.0)",16,5,42.600751757427595,43.77451704171441,1.1737652842868158,0.06875,0.0375,0.03125000000000001
path_b05,validation,1,"('24', '43', '1', '1', '1', '6', 3.0)",4,1,20.682431042344234,21.407814975048947,0.7253839327047125,0.3125,0.25,0.0625
path_b05,validation,9,"('24', '43', '2', '0', '2', '5', 3.0)",5,1,20.506098472600584,21.923081071644837,1.4169825990442533,0.234375,0.0625,0.171875
path_b05,validation,10,"('24', '43', '2', '0', '2', '6', 3.0)",10,3,20.894245704246526,21.958070857232745,1.0638251529862188,0.24479166666666666,0.16666666666666666,0.078125
path_b05,validation,20,"('24', '45', '2', '0', '2', '5', 2.5)",10,3,22.834054979769924,23.71306282891258,0.8790078491426563,0.07291666666666667,0.041666666666666664,0.03125000000000001
path_b05,validation,22,"('24', '45', '2', '0', '2', '6', 2.5)",4,1,22.824866227850052,23.78432423186822,0.9594580040181668,0.15625,0.09375,0.0625
path_b05,validation,23,"('24', '45', '2', '0', '2', '6', 3.0)",7,2,22.099542520770413,23.24670070375733,1.1471581829869173,0.09375,0.0703125,0.0234375
path_b05,validation,25,"('24', '48', '2', '0', '2', '5', 2.5)",5,1,23.849095721169,24.85161032800167,1.0025146068326691,0.171875,0.0625,0.109375
path_b05,validation,28,"('24', '48', '2', '0', '2', '6', 3.0)",8,2,23.587145247328216,24.785095213336554,1.1979499660083377,0.1953125,0.140625,0.0546875
path_b05,validation,30,"('24', '48', '3', '0', '3', '5', 2.5)",15,5,24.926664714007586,25.64158850061752,0.7149237866099334,0.046875,0.040625,0.006249999999999999
path_b05,validation,38,"('24', '64', '2', '0', '2', '5', 2.5)",14,4,31.142051933898248,32.5549249847538,1.4128730508555485,0.0703125,0.05078125,0.01953125
path_b05,validation,50,"('24', '68', '2', '0', '2', '5', 2.5)",6,2,33.180345570814744,34.1280814407146,0.9477358698998586,0.078125,0.046875,0.03125
path_b05,validation,52,"('24', '68', '2', '0', '3', '5', 2.5)",8,2,33.08295936155749,34.009137757351574,0.9261783957940821,0.03125,0.0234375,0.0078125
path_b05,validation,62,"('24', '72', '2', '0', '3', '5', 2.5)",6,2,34.531159451964385,35.03787187868713,0.5067124267227427,0.0234375,0.0234375,0.0
path_b05,validation,64,"('24', '72', '2', '0', '4', '5', 2.5)",6,2,35.01903741082953,35.52871590519277,0.5096784943632358,0.0234375,0.03125,-0.0078125
path_b05,validation,65,"('24', '72', '3', '0', '3', '4', 2.0)",7,2,34.93006015266831,35.47070738426403,0.5406472315957203,0.0,0.0,0.0
path_b05,validation,70,"('32', '57', '1', '1', '1', '6', 3.0)",7,2,28.55849366432069,29.390953541945013,0.8324598776243235,0.28125,0.2421875,0.0390625
path_b05,validation,81,"('32', '57', '2', '0', '2', '7', 3.0)",5,1,28.66941703746352,29.822350272719312,1.1529332352557908,0.15625,0.078125,0.078125
path_b05,validation,85,"('32', '60', '1', '1', '1', '7', 3.0)",4,1,30.136477096975607,31.401778279060245,1.265301182084638,0.25,0.25,0.0
path_b05,validation,91,"('32', '60', '2', '0', '2', '6', 3.0)",10,3,30.346688205441147,32.08187025478056,1.7351820493394143,0.16666666666666666,0.09895833333333333,0.06770833333333333
path_b05,validation,92,"('32', '60', '2', '0', '2', '7', 3.0)",7,2,29.569031013167738,31.795381467521462,2.2263504543537245,0.2265625,0.1015625,0.125
path_b05,validation,95,"('32', '64', '2', '0', '2', '6', 3.0)",12,4,31.95963705579409,33.66880702886958,1.7091699730754897,0.19140625,0.1171875,0.07421875
path_b05,validation,96,"('32', '64', '2', '0', '2', '7', 3.0)",5,1,32.12230764141798,33.44812837016984,1.3258207287518573,0.34375,0.15625,0.1875
path_b05,validation,98,"('32', '64', '3', '0', '3', '5', 3.0)",5,1,33.79431406344507,34.577661608071246,0.7833475446261744,0.03125,0.109375,-0.078125
path_b05,validation,99,"('32', '64', '3', '0', '3', '6', 3.0)",11,3,33.728476614298835,34.695204343835904,0.9667277295370695,0.057291666666666664,0.041666666666666664,0.015625
path_b05,validation,106,"('32', '86', '2', '0', '2', '5', 2.5)",9,3,43.05814402321316,43.87586695320141,0.8177229299882498,0.052083333333333336,0.041666666666666664,0.010416666666666671
path_b05,validation,108,"('32', '86', '2', '0', '2', '6', 3.0)",4,1,42.452201536332026,44.216470448673974,1.7642689123419473,0.109375,0.078125,0.03125
path_b05,validation,109,"('32', '86', '2', '0', '3', '5', 2.5)",4,1,43.20618661508778,44.29719179183393,1.091005176746151,0.078125,0.0625,0.015625
path_b05,validation,112,"('32', '86', '3', '0', '3', '5', 2.5)",5,1,43.90776761335382,44.45937677740613,0.5516091640523086,0.046875,0.015625,0.03125
path_b05,validation,114,"('32', '91', '1', '1', '1', '5', 2.5)",4,1,44.121385772607844,45.645205167434035,1.5238193948261909,0.1875,0.203125,-0.015625
path_b05,validation,116,"('32', '91', '2', '0', '2', '5', 2.5)",12,4,44.617554086455605,46.01397638283202,1.3964222963764144,0.0703125,0.03125,0.0390625
path_b05,validation,122,"('32', '91', '3', '0', '3', '5', 2.5)",7,2,45.151738672233634,46.63707623101825,1.4853375587846145,0.015625,0.0078125,0.0078125
path_b05,validation,124,"('32', '96', '2', '0', '2', '5', 2.5)",5,1,46.506859619775376,47.37121058734524,0.8643509675698624,0.109375,0.0625,0.046875
path_b05,validation,126,"('32', '96', '2', '0', '3', '5', 2.5)",7,2,46.78770123350778,48.01647768439653,1.2287764508887449,0.03125,0.015625,0.015625
path_b05,validation,130,"('32', '96', '3', '0', '3', '5', 2.5)",16,5,46.949257510963434,48.34842686061609,1.3991693496526523,0.015625,0.009375,0.00625
path_b05,validation,139,"('40', '108', '2', '0', '2', '6', 3.0)",14,4,53.98906623335307,56.35399050886144,2.364924275508372,0.13671875,0.05859375,0.078125
path_b05,validation,141,"('40', '108', '2', '0', '3', '6', 3.0)",5,1,55.56808619218649,56.226227186932014,0.6581409947455228,0.03125,0.046875,-0.015625
path_b05,validation,149,"('40', '114', '2', '0', '2', '6', 3.0)",11,3,56.022691613669,58.11373491098972,2.0910432973207236,0.078125,0.07291666666666667,0.005208333333333329
path_b05,validation,151,"('40', '114', '2', '0', '3', '6', 3.0)",7,2,57.11994325678753,58.499791483074496,1.379848226286967,0.0390625,0.0234375,0.015625
path_b05,validation,157,"('40', '120', '2', '0', '2', '6', 3.0)",7,2,58.848753856999316,59.91076064448361,1.0620067874842931,0.0625,0.046875,0.015625
path_b05,validation,159,"('40', '120', '2', '0', '3', '6', 3.0)",6,2,59.90877772884163,60.754183844418215,0.8454061155765871,0.0546875,0.015625,0.0390625
path_b05,validation,161,"('40', '120', '3', '0', '3', '5', 2.5)",12,4,59.8472339129794,61.308652177612856,1.4614182646334584,0.0078125,0.01171875,-0.00390625
path_b05,validation,165,"('40', '72', '1', '1', '1', '7', 3.5)",7,2,36.045985199482445,37.523379181052796,1.4773939815703514,0.4140625,0.265625,0.1484375
path_b05,validation,177,"('40', '72', '2', '0', '2', '7', 3.5)",9,3,35.00132709103921,38.3198270604441,3.31849996940489,0.2916666666666667,0.11458333333333333,0.17708333333333337
path_b05,validation,178,"('40', '72', '2', '0', '2', '8', 3.5)",4,1,37.72453811638591,38.524497882054625,0.7999597656687172,0.140625,0.109375,0.03125
path_b05,validation,179,"('40', '76', '1', '1', '1', '7', 3.5)",7,2,37.90216201554294,40.45515507593501,2.552993060392069,0.2890625,0.1875,0.1015625
path_b05,validation,187,"('40', '76', '2', '0', '2', '6', 3.0)",4,1,38.81950858145651,41.51620258306248,2.6966940016059695,0.265625,0.109375,0.15625
path_b05,validation,189,"('40', '76', '2', '0', '2', '7', 3.0)",4,1,38.08114842512162,40.9379269698254,2.8567785447037792,0.328125,0.0625,0.265625
path_b05,validation,190,"('40', '76', '2', '0', '2', '7', 3.5)",10,3,39.64853497916062,40.88981169298448,1.2412767138238578,0.13020833333333334,0.11979166666666667,0.010416666666666671
path_b05,validation,196,"('40', '80', '2', '0', '2', '7', 3.5)",9,3,40.658552741073095,42.712579305531364,2.054026564458269,0.20833333333333334,0.14583333333333334,0.0625
path_b05,validation,199,"('40', '80', '3', '0', '3', '6', 3.0)",10,3,42.85921265347836,43.9136727020425,1.0544600485641382,0.07291666666666667,0.046875,0.02604166666666667
path_b05,validation,201,"('40', '80', '3', '0', '3', '7', 3.0)",5,1,42.95433117449278,43.79869556562899,0.8443643911362102,0.03125,0.03125,0.0
path_b05,test,0,"('24', '43', '1', '1', '1', '6', 3.0)",4,1,20.67789054710097,21.20683511281934,0.5289445657183727,0.296875,0.21875,0.078125
path_b05,test,9,"('24', '43', '2', '0', '2', '5', 2.5)",6,2,21.954173318166827,22.61271875706409,0.6585454388972636,0.0859375,0.0859375,0.0
path_b05,test,11,"('24', '43', '2', '0', '2', '6', 3.0)",11,3,20.746302609145534,22.429017719219008,1.6827151100734739,0.19791666666666666,0.08333333333333333,0.11458333333333333
path_b05,test,18,"('24', '45', '2', '0', '2', '5', 2.5)",9,3,22.982640062145688,23.78745210274468,0.8048120405989927,0.07291666666666667,0.041666666666666664,0.03125000000000001
path_b05,test,21,"('24', '45', '2', '0', '2', '6', 3.0)",11,3,21.828400441989682,23.221664675174384,1.393264233184702,0.17708333333333334,0.109375,0.06770833333333334
path_b05,test,24,"('24', '48', '2', '0', '2', '5', 2.5)",6,2,23.808044974446833,24.841557405554706,1.033512431107873,0.1796875,0.1484375,0.03125
path_b05,test,27,"('24', '48', '2', '0', '2', '6', 3.0)",9,3,23.785634173133918,24.852938535134324,1.0673043620004066,0.16145833333333334,0.09375,0.06770833333333334
path_b05,test,29,"('24', '48', '3', '0', '3', '5', 2.5)",18,6,25.017604914044817,25.768123635087626,0.750518721042809,0.026041666666666668,0.0234375,0.002604166666666668
path_b05,test,36,"('24', '64', '2', '0', '2', '5', 2.5)",12,4,31.217594520769673,32.55590984598053,1.338315325210857,0.0234375,0.01171875,0.01171875
path_b05,test,40,"('24', '64', '3', '0', '3', '5', 2.5)",7,2,32.0185208050676,32.65456503609542,0.6360442310278174,0.0,0.0,0.0
path_b05,test,42,"('24', '68', '2', '0', '2', '5', 2.5)",7,2,33.02487623330502,34.04415331937134,1.0192770860663174,0.0625,0.0546875,0.0078125
path_b05,test,44,"('24', '68', '2', '0', '3', '5', 2.5)",11,3,32.67353541934326,33.83971385117392,1.1661784318306587,0.03125,0.052083333333333336,-0.020833333333333336
path_b05,test,48,"('24', '68', '3', '0', '3', '5', 2.5)",7,2,33.51797881022453,34.12661837249372,0.6086395622691967,0.0,0.0078125,-0.0078125
path_b05,test,56,"('24', '72', '2', '0', '3', '5', 2.5)",5,1,34.59254155203464,35.313733072320765,0.7211915202861263,0.03125,0.015625,0.015625
path_b05,test,59,"('24', '72', '3', '0', '3', '4', 2.0)",6,2,34.817011067268766,35.782375920289034,0.9653648530202688,0.0,0.0078125,-0.0078125
path_b05,test,60,"('24', '72', '3', '0', '3', '5', 2.0)",4,1,34.95676881489486,35.724775824815644,0.7680070099207867,0.015625,0.0,0.015625
path_b05,test,77,"('32', '57', '2', '0', '2', '6', 3.0)",6,2,28.860599339877435,30.086684060336907,1.2260847204594718,0.1875,0.09375,0.09375
path_b05,test,89,"('32', '60', '2', '0', '2', '6', 3.0)",12,4,30.6743897323155,32.1835042772543,1.5091145449388002,0.13671875,0.046875,0.08984375
path_b05,test,90,"('32', '60', '2', '0', '2', '7', 3.0)",9,3,29.755126152640297,32.09866676331508,2.3435406106747827,0.17708333333333334,0.125,0.05208333333333334
path_b05,test,93,"('32', '64', '2', '0', '2', '6', 3.0)",9,3,32.385201037864604,33.62743697329764,1.2422359354330368,0.16666666666666666,0.09895833333333333,0.06770833333333333
path_b05,test,94,"('32', '64', '2', '0', '2', '7', 3.0)",6,2,31.804692924330638,33.30725101546504,1.5025580911344036,0.203125,0.1796875,0.0234375
path_b05,test,97,"('32', '64', '3', '0', '3', '6', 3.0)",15,5,33.88238489444485,34.72737937186631,0.8449944774214657,0.059375,0.053125,0.006249999999999999
path_b05,test,106,"('32', '86', '2', '0', '2', '5', 2.5)",12,4,42.988095838734594,44.598327422974236,1.6102315842396422,0.05859375,0.01953125,0.0390625
path_b05,test,108,"('32', '86', '2', '0', '2', '6', 3.0)",4,1,42.653619074330145,43.96058431823874,1.3069652439085928,0.046875,0.078125,-0.03125
path_b05,test,109,"('32', '86', '2', '0', '3', '5', 2.5)",4,1,43.23120490858022,43.9411576164566,0.7099527078763828,0.03125,0.046875,-0.015625
path_b05,test,116,"('32', '91', '2', '0', '2', '5', 2.5)",12,4,44.53489112166876,46.189750885952236,1.6548597642834793,0.078125,0.04296875,0.03515625
path_b05,test,119,"('32', '91', '2', '0', '3', '5', 2.5)",6,2,45.028210288996455,46.0379004431735,1.0096901541770436,0.0703125,0.0,0.0703125
path_b05,test,122,"('32', '91', '3', '0', '3', '5', 2.5)",7,2,45.58787128725469,46.52311270409912,0.935241416844427,0.0234375,0.015625,0.0078125
path_b05,test,128,"('32', '96', '2', '0', '3', '5', 2.5)",9,3,46.53027086439229,48.00841241038164,1.4781415459893452,0.03125,0.03125,0.0
path_b05,test,130,"('32', '96', '3', '0', '3', '5', 2.5)",12,4,47.26004331546969,48.543949383394946,1.2839060679252583,0.01953125,0.01171875,0.0078125
path_b05,test,141,"('40', '108', '2', '0', '2', '6', 3.0)",13,4,53.93236711303064,55.93515468704304,2.0027875740124017,0.09765625,0.0546875,0.04296875
path_b05,test,146,"('40', '108', '3', '0', '3', '6', 3.0)",5,1,55.57561400689778,56.6059388350387,1.0303248281409196,0.03125,0.015625,0.015625
path_b05,test,154,"('40', '114', '2', '0', '2', '5', 2.5)",4,1,57.395775271545844,58.70380852826649,1.3080332567206483,0.03125,0.078125,-0.046875
path_b05,test,158,"('40', '114', '2', '0', '3', '6', 3.0)",6,2,57.21209005832346,58.551366645477295,1.339276587153833,0.0703125,0.0703125,0.0
path_b05,test,160,"('40', '114', '3', '0', '3', '5', 2.5)",5,1,57.44116549915201,58.90412131542395,1.4629558162719434,0.0,0.015625,-0.015625
path_b05,test,162,"('40', '114', '3', '0', '3', '6', 3.0)",4,1,57.71018781804041,58.86967194429925,1.159484126258839,0.046875,0.015625,0.03125
path_b05,test,164,"('40', '120', '2', '0', '2', '6', 3.0)",7,2,58.99599880904197,60.701792527324784,1.7057937182828127,0.0625,0.046875,0.015625
path_b05,test,167,"('40', '120', '2', '0', '3', '6', 3.0)",6,2,58.73206331714062,60.774552795767555,2.0424894786269334,0.0703125,0.0390625,0.03125
path_b05,test,168,"('40', '120', '3', '0', '3', '5', 2.5)",11,3,59.65599470361237,61.207888510564565,1.5518938069521937,0.026041666666666668,0.0,0.026041666666666668
path_b05,test,173,"('40', '72', '1', '1', '1', '7', 3.5)",6,2,35.17155994470587,37.8896040686396,2.71804412393373,0.40625,0.3203125,0.0859375
path_b05,test,187,"('40', '72', '2', '0', '2', '7', 3.5)",10,3,35.47638441578513,38.186718334212166,2.7103339184270396,0.296875,0.10416666666666667,0.19270833333333331
path_b05,test,191,"('40', '76', '1', '1', '1', '7', 3.5)",6,2,37.388292280875795,40.10279798771225,2.714505706836455,0.5078125,0.2734375,0.234375
path_b05,test,199,"('40', '76', '2', '0', '2', '7', 3.5)",11,3,38.020162111913095,41.138977595200416,3.118815483287321,0.25,0.109375,0.140625
path_b05,test,202,"('40', '80', '2', '0', '2', '6', 3.0)",5,1,40.801307670587825,42.28772597917864,1.4864183085908138,0.296875,0.109375,0.1875
path_b05,test,204,"('40', '80', '2', '0', '2', '7', 3.5)",9,3,40.710280859909595,42.329898110488415,1.6196172505788198,0.17708333333333334,0.140625,0.03645833333333334
path_b05,test,206,"('40', '80', '3', '0', '3', '6', 3.0)",8,2,42.83794985767482,43.95941497452682,1.1214651168520007,0.0234375,0.0390625,-0.015625
path_b05,test,207,"('40', '80', '3', '0', '3', '7', 3.0)",8,2,42.871077187601486,43.70912111770541,0.8380439301039218,0.0703125,0.0625,0.0078125
path_b05,all,0,"('24', '43', '1', '1', '1', '5', 2.5)",6,2,20.726600594456674,21.981444006452946,1.2548434119962728,0.328125,0.3359375,-0.0078125
path_b05,all,3,"('24', '43', '1', '1', '1', '6', 3.0)",32,10,19.916095985687296,22.020635652135518,2.104539666448222,0.3125,0.2578125,0.0546875
path_b05,all,4,"('24', '43', '1', '1', '1', '7', 3.0)",12,4,20.3075447006194,22.080820407413185,1.773275706793786,0.26953125,0.23828125,0.03125
path_b05,all,6,"('24', '43', '1', '1', '2', '6', 3.0)",5,1,20.450573718322797,21.223352495080558,0.772778776757761,0.265625,0.21875,0.046875
path_b05,all,8,"('24', '43', '1', '1', '2', '7', 3.5)",10,3,20.15402282716748,21.234077695017657,1.0800548678501762,0.3802083333333333,0.2760416666666667,0.10416666666666663
path_b05,all,12,"('24', '43', '1', '2', '1', '7', 3.0)",7,2,19.79263213468877,21.146934058516155,1.3543019238273857,0.46875,0.3671875,0.1015625
path_b05,all,20,"('24', '43', '2', '0', '2', '5', 2.5)",19,6,20.87043538039085,22.61271875706409,1.7422833766732388,0.125,0.08333333333333333,0.04166666666666667
path_b05,all,21,"('24', '43', '2', '0', '2', '5', 3.0)",14,4,20.506098472600584,22.424121907265743,1.9180234346651588,0.21484375,0.1171875,0.09765625
path_b05,all,23,"('24', '43', '2', '0', '2', '6', 3.0)",39,13,20.746302609145534,22.429017719219008,1.6827151100734739,0.18629807692307693,0.10817307692307693,0.078125
path_b05,all,24,"('24', '43', '2', '0', '2', '7', 3.0)",9,3,20.671605418334902,21.87042257293137,1.198817154596469,0.19270833333333334,0.13541666666666666,0.057291666666666685
path_b05,all,26,"('24', '45', '1', '1', '1', '5', 2.5)",6,2,21.829625461357875,23.20709013470272,1.3774646733448463,0.2734375,0.234375,0.0390625
path_b05,all,28,"('24', '45', '1', '1', '1', '6', 2.5)",5,1,22.1266705357737,23.305911497569465,1.179240961795763,0.28125,0.203125,0.078125
path_b05,all,29,"('24', '45', '1', '1', '1', '6', 3.0)",15,5,21.66915534113708,22.967369369869658,1.298214028732577,0.234375,0.28125,-0.046875
path_b05,all,36,"('24', '45', '1', '2', '1', '6', 3.0)",7,2,20.60487037879765,22.285272414334482,1.680402035536833,0.3828125,0.296875,0.0859375
path_b05,all,41,"('24', '45', '2', '0', '2', '5', 2.5)",41,13,22.495362083241048,23.81159447842794,1.3162323951868906,0.09014423076923077,0.04927884615384615,0.040865384615384616
path_b05,all,42,"('24', '45', '2', '0', '2', '5', 3.0)",10,3,22.312742362738735,23.642284826875848,1.3295424641371127,0.109375,0.057291666666666664,0.052083333333333336
path_b05,all,43,"('24', '45', '2', '0', '2', '6', 2.5)",16,5,22.581919785486818,23.78432423186822,1.2024044463814008,0.109375,0.084375,0.024999999999999994
path_b05,all,44,"('24', '45', '2', '0', '2', '6', 3.0)",46,15,21.19776253223651,23.58067794030455,2.3829154080680404,0.1625,0.08333333333333333,0.07916666666666668
path_b05,all,45,"('24', '45', '2', '0', '2', '7', 3.0)",7,2,21.780773812773976,22.84501693897163,1.0642431261976526,0.21875,0.0625,0.15625
path_b05,all,48,"('24', '45', '3', '0', '3', '5', 2.5)",4,1,23.34702120645156,24.00890514881634,0.6618839423647778,0.0625,0.046875,0.015625
path_b05,all,49,"('24', '48', '2', '0', '2', '5', 2.5)",27,9,23.12221935778457,24.893248177462365,1.7710288196777952,0.1909722222222222,0.11979166666666667,0.07118055555555554
path_b05,all,50,"('24', '48', '2', '0', '2', '5', 3.0)",8,2,23.6696563241029,24.789998625714315,1.1203423016114158,0.1953125,0.125,0.0703125
path_b05,all,51,"('24', '48', '2', '0', '2', '6', 2.5)",10,3,23.792506868990042,25.007593977314542,1.2150871083245,0.109375,0.09895833333333333,0.010416666666666671
path_b05,all,52,"('24', '48', '2', '0', '2', '6', 3.0)",37,12,23.372437858164297,25.02543814443433,1.6530002862700321,0.17708333333333334,0.09635416666666667,0.08072916666666667
path_b05,all,53,"('24', '48', '2', '0', '2', '7', 3.0)",5,1,23.700626130409304,24.717777149990763,1.0171510195814584,0.171875,0.109375,0.0625
path_b05,all,57,"('24', '48', '3', '0', '3', '5', 2.5)",78,26,24.926664714007586,25.768123635087626,0.8414589210800401,0.03786057692307692,0.034254807692307696,0.003605769230769225
path_b05,all,58,"('24', '48', '3', '0', '3', '6', 2.5)",9,3,24.85368165924696,25.56831841654514,0.7146367572981802,0.057291666666666664,0.03125,0.026041666666666664
path_b05,all,63,"('24', '64', '1', '1', '2', '5', 2.5)",4,1,30.274893692934317,31.496330086069005,1.221436393134688,0.234375,0.171875,0.0625
path_b05,all,65,"('24', '64', '1', '1', '3', '5', 2.5)",5,1,31.144610796118165,31.78050499081862,0.6358941947004553,0.203125,0.09375,0.109375
path_b05,all,72,"('24', '64', '2', '0', '2', '4', 2.5)",9,3,31.65492419658261,32.47506022662265,0.8201360300400431,0.036458333333333336,0.03125,0.005208333333333336
path_b05,all,73,"('24', '64', '2', '0', '2', '5', 2.5)",56,18,31.142051933898248,32.55590984598053,1.4138579120822818,0.059895833333333336,0.034722222222222224,0.025173611111111112
path_b05,all,74,"('24', '64', '2', '0', '2', '6', 2.5)",8,2,31.150032633310794,32.00137594754115,0.8513433142303555,0.078125,0.0234375,0.0546875
path_b05,all,75,"('24', '64', '2', '0', '3', '5', 2.5)",34,11,31.355900589442438,32.4487594898747,1.0928589004322653,0.03409090909090909,0.026988636363636364,0.0071022727272727244
path_b05,all,79,"('24', '64', '3', '0', '3', '4', 2.5)",10,3,31.809390199105902,32.79234686041326,0.9829566613073588,0.026041666666666668,0.010416666666666666,0.015625
path_b05,all,80,"('24', '64', '3', '0', '3', '5', 2.5)",26,8,32.0185208050676,32.678955706830784,0.6604349017631819,0.017578125,0.009765625,0.0078125
path_b05,all,82,"('24', '68', '1', '1', '1', '5', 2.5)",5,1,32.419215363832755,33.07327055000886,0.6540551861761017,0.21875,0.234375,-0.015625
path_b05,all,89,"('24', '68', '2', '0', '2', '4', 2.5)",7,2,33.06635989314402,34.16719116184434,1.1008312687003254,0.0390625,0.0234375,0.015625
path_b05,all,91,"('24', '68', '2', '0', '2', '5', 2.5)",39,13,32.67811039608466,34.1280814407146,1.4499710446299403,0.0673076923076923,0.04326923076923077,0.024038461538461536
path_b05,all,94,"('24', '68', '2', '0', '3', '5', 2.5)",50,16,32.67353541934326,34.009137757351574,1.3356023380083144,0.029296875,0.0302734375,-0.0009765625
path_b05,all,97,"('24', '68', '3', '0', '3', '4', 2.0)",5,1,33.46314901901818,34.26731355624696,0.8041645372287789,0.0,0.0,0.0
path_b05,all,98,"('24', '68', '3', '0', '3', '4', 2.5)",14,4,33.20971643138796,34.35354163241304,1.1438252010250807,0.015625,0.01171875,0.00390625
path_b05,all,100,"('24', '68', '3', '0', '3', '5', 2.5)",20,6,33.428784073734015,34.24106959837228,0.8122855246382628,0.018229166666666668,0.0026041666666666665,0.015625
path_b05,all,104,"('24', '72', '2', '0', '2', '4', 2.5)",6,2,34.36403458849319,35.023490876283745,0.6594562877905545,0.0625,0.0390625,0.0234375
path_b05,all,105,"('24', '72', '2', '0', '2', '5', 2.5)",22,7,34.36202535290201,35.01818566717651,0.6561603142745014,0.0625,0.04017857142857143,0.02232142857142857
path_b05,all,107,"('24', '72', '2', '0', '3', '4', 2.5)",4,1,34.648014128568065,35.35844701130523,0.710432882737166,0.03125,0.03125,0.0
path_b05,all,108,"('24', '72', '2', '0', '3', '5', 2.5)",34,11,34.531159451964385,35.44956386993578,0.918404417971395,0.022727272727272728,0.026988636363636364,-0.004261363636363636
path_b05,all,111,"('24', '72', '2', '0', '4', '5', 2.5)",19,6,35.01903741082953,35.56763925686223,0.548601846032696,0.0234375,0.026041666666666668,-0.002604166666666668
path_b05,all,112,"('24', '72', '3', '0', '3', '4', 2.0)",27,9,34.817011067268766,35.7986937567014,0.9816826894326312,0.003472222222222222,0.003472222222222222,0.0
path_b05,all,113,"('24', '72', '3', '0', '3', '4', 2.5)",8,2,34.93832650809452,35.76632158875528,0.827995080660763,0.0234375,0.0078125,0.015625
path_b05,all,114,"('24', '72', '3', '0', '3', '5', 2.0)",14,4,34.95676881489486,35.724775824815644,0.7680070099207867,0.00390625,0.01171875,-0.0078125
path_b05,all,115,"('24', '72', '3', '0', '3', '5', 2.5)",12,4,34.95403802844188,35.841605267188534,0.8875672387466551,0.00390625,0.0078125,-0.00390625
path_b05,all,121,"('32', '57', '1', '1', '1', '6', 3.0)",22,7,26.95999988049409,29.3961256091711,2.436125728677009,0.3013392857142857,0.2611607142857143,0.0401785714285714
path_b05,all,122,"('32', '57', '1', '1', '1', '7', 3.0)",13,4,27.334863940108352,29.610524395024957,2.275660454916604,0.36328125,0.30859375,0.0546875
path_b05,all,123,"('32', '57', '1', '1', '1', '7', 3.5)",12,4,27.628082166067124,28.85173263785061,1.2236504717834862,0.38671875,0.3046875,0.08203125
path_b05,all,124,"('32', '57', '1', '1', '1', '8', 3.5)",5,1,27.579309922734506,28.738090319119962,1.1587803963854562,0.421875,0.375,0.046875
path_b05,all,126,"('32', '57', '1', '1', '2', '7', 3.5)",4,1,27.973226960758442,28.885488410443447,0.9122614496850048,0.28125,0.265625,0.015625
path_b05,all,130,"('32', '57', '1', '2', '1', '6', 3.0)",5,1,26.650483572832012,28.921216021490537,2.2707324486585243,0.453125,0.296875,0.15625
path_b05,all,131,"('32', '57', '1', '2', '1', '7', 3.0)",12,4,26.734206280656384,28.918081844385014,2.1838755637286305,0.515625,0.3671875,0.1484375
path_b05,all,132,"('32', '57', '1', '2', '1', '7', 3.5)",8,2,26.72000624065287,28.25768288501591,1.5376766443630387,0.5390625,0.453125,0.0859375
path_b05,all,133,"('32', '57', '1', '2', '1', '8', 3.5)",7,2,26.54937576679173,28.278777958622705,1.7294021918309745,0.625,0.4296875,0.1953125
path_b05,all,145,"('32', '57', '2', '0', '2', '6', 3.0)",21,7,28.010219980170124,30.09041925655567,2.080199276385546,0.19642857142857142,0.125,0.07142857142857142
path_b05,all,147,"('32', '57', '2', '0', '2', '7', 3.0)",21,7,28.638741973080162,30.199209575051796,1.5604676019716344,0.20982142857142858,0.12053571428571429,0.08928571428571429
path_b05,all,148,"('32', '57', '2', '0', '2', '7', 3.5)",13,4,28.26252891383439,30.103009190706906,1.8404802768725155,0.2421875,0.12109375,0.12109375
path_b05,all,150,"('32', '57', '2', '0', '2', '8', 3.5)",5,1,28.45098424317679,29.77107380277401,1.3200895595972177,0.296875,0.078125,0.21875
path_b05,all,152,"('32', '60', '1', '1', '1', '6', 3.0)",22,7,28.878148469104115,31.70136261369469,2.823214144590576,0.31473214285714285,0.23660714285714285,0.078125
path_b05,all,153,"('32', '60', '1', '1', '1', '7', 3.0)",21,7,28.720024602885605,31.585781578658878,2.865756975773273,0.34151785714285715,0.24330357142857142,0.09821428571428573
path_b05,all,155,"('32', '60', '1', '1', '1', '8', 3.5)",6,2,29.438763379011924,31.03602942221423,1.597266043202307,0.3828125,0.2265625,0.15625
path_b05,all,157,"('32', '60', '1', '2', '1', '7', 3.0)",4,1,28.502483398931457,29.810158441413982,1.3076750424825256,0.515625,0.3125,0.203125
path_b05,all,166,"('32', '60', '2', '0', '2', '6', 3.0)",62,20,29.261088434219694,32.1835042772543,2.9224158430346066,0.16640625,0.0828125,0.08359375000000001
path_b05,all,168,"('32', '60', '2', '0', '2', '7', 3.0)",28,9,29.47465673230501,32.09866676331508,2.6240100310100694,0.1875,0.08159722222222222,0.10590277777777778
path_b05,all,169,"('32', '60', '2', '0', '2', '7', 3.5)",12,4,29.27776603644221,31.59449027480113,2.3167242383589226,0.2578125,0.10546875,0.15234375
path_b05,all,174,"('32', '64', '2', '0', '2', '6', 3.0)",49,16,31.514398904366246,33.715850942058836,2.20145203769259,0.21875,0.1123046875,0.1064453125
path_b05,all,175,"('32', '64', '2', '0', '2', '7', 3.0)",30,10,31.804692924330638,33.660716176505396,1.856023252174758,0.221875,0.1453125,0.07656249999999998
path_b05,all,176,"('32', '64', '2', '0', '2', '7', 3.5)",6,2,32.230694193737314,33.50749728299691,1.2768030892595945,0.1328125,0.09375,0.0390625
path_b05,all,178,"('32', '64', '3', '0', '3', '5', 3.0)",14,4,33.707665556766514,34.634193357366634,0.9265278006001196,0.04296875,0.01171875,0.03125
path_b05,all,179,"('32', '64', '3', '0', '3', '6', 3.0)",70,23,33.454854631457096,34.8075437540659,1.3526891226088011,0.049592391304347824,0.03940217391304348,0.010190217391304345
path_b05,all,181,"('32', '86', '1', '1', '1', '5', 2.5)",6,2,42.13521452231022,43.70895373059268,1.5737392082824613,0.21875,0.171875,0.046875
path_b05,all,183,"('32', '86', '1', '1', '1', '6', 2.5)",7,2,42.03142721240062,43.423581657066016,1.392154444665394,0.2109375,0.1328125,0.078125
path_b05,all,184,"('32', '86', '1', '1', '1', '6', 3.0)",7,2,42.16843085745378,43.105796788192805,0.937365930739027,0.1953125,0.171875,0.0234375
path_b05,all,187,"('32', '86', '1', '1', '2', '6', 3.0)",6,2,42.23299085936153,43.25527907076892,1.0222882114073926,0.2109375,0.171875,0.0390625
path_b05,all,196,"('32', '86', '2', '0', '2', '5', 2.5)",47,15,42.27682652714867,44.598327422974236,2.321500895825565,0.06875,0.03125,0.037500000000000006
path_b05,all,198,"('32', '86', '2', '0', '2', '6', 2.5)",8,2,42.76057715726493,43.94373857022872,1.1831614129637842,0.046875,0.046875,0.0
path_b05,all,199,"('32', '86', '2', '0', '2', '6', 3.0)",19,6,42.452201536332026,44.216470448673974,1.7642689123419473,0.078125,0.06510416666666667,0.013020833333333329
path_b05,all,200,"('32', '86', '2', '0', '3', '5', 2.5)",13,4,43.074081779113385,44.317498308407,1.2434165292936186,0.046875,0.0390625,0.0078125
path_b05,all,201,"('32', '86', '2', '0', '3', '5', 3.0)",5,1,43.382703059886055,44.047211479495644,0.6645084196095894,0.015625,0.015625,0.0
path_b05,all,203,"('32', '86', '2', '0', '3', '6', 3.0)",11,3,43.506209518001576,44.07961493822133,0.5734054202197569,0.03125,0.041666666666666664,-0.010416666666666664
path_b05,all,204,"('32', '86', '3', '0', '3', '5', 2.5)",21,7,43.29601605649311,44.56405249806819,1.2680364415750844,0.024553571428571428,0.011160714285714286,0.013392857142857142
path_b05,all,206,"('32', '91', '1', '1', '1', '5', 2.5)",6,2,44.121385772607844,45.645205167434035,1.5238193948261909,0.1875,0.203125,-0.015625
path_b05,all,215,"('32', '91', '2', '0', '2', '5', 2.5)",53,17,44.249928114418246,46.189750885952236,1.93982277153399,0.0625,0.034926470588235295,0.027573529411764705
path_b05,all,217,"('32', '91', '2', '0', '2', '6', 2.5)",11,3,44.02644301616834,46.205250095047916,2.178807078879572,0.09895833333333333,0.041666666666666664,0.057291666666666664
path_b05,all,218,"('32', '91', '2', '0', '2', '6', 3.0)",6,2,44.78933889541875,45.368197649670954,0.5788587542522023,0.1328125,0.0546875,0.078125
path_b05,all,220,"('32', '91', '2', '0', '3', '5', 2.5)",20,6,45.028210288996455,46.182248525568006,1.1540382365715516,0.049479166666666664,0.0234375,0.026041666666666664
path_b05,all,222,"('32', '91', '2', '0', '3', '6', 2.5)",8,2,45.4727007242932,46.07712740624894,0.6044266819557436,0.0234375,0.03125,-0.0078125
path_b05,all,226,"('32', '91', '3', '0', '3', '5', 2.5)",45,15,45.151738672233634,46.81100278863092,1.6592641163972885,0.021875,0.0125,0.009374999999999998
path_b05,all,229,"('32', '96', '2', '0', '2', '5', 2.5)",27,9,45.96539126659035,47.37121058734524,1.4058193207548868,0.08680555555555555,0.043402777777777776,0.043402777777777776
path_b05,all,230,"('32', '96', '2', '0', '2', '6', 2.5)",11,3,46.48785707758304,47.35187219678004,0.8640151191970062,0.052083333333333336,0.0625,-0.010416666666666664
path_b05,all,232,"('32', '96', '2', '0', '3', '5', 2.5)",32,10,46.53027086439229,48.01647768439653,1.4862068200042344,0.0328125,0.028125,0.004687500000000001
path_b05,all,234,"('32', '96', '2', '0', '3', '6', 2.5)",4,1,47.33409753609919,47.88949363355273,0.5553960974535386,0.046875,0.0,0.046875
path_b05,all,239,"('32', '96', '3', '0', '3', '5', 2.5)",71,23,46.84948344741321,48.62658319819844,1.7770997507852258,0.017663043478260868,0.01358695652173913,0.004076086956521738
path_b05,all,242,"('32', '96', '3', '0', '4', '5', 2.5)",14,4,47.60140104941209,48.75700161423656,1.1556005648244678,0.00390625,0.0,0.00390625
path_b05,all,245,"('40', '108', '1', '1', '1', '6', 3.0)",11,3,53.72221275887756,55.30835901978643,1.586146260908869,0.203125,0.15625,0.046875
path_b05,all,246,"('40', '108', '1', '1', '1', '7', 3.0)",6,2,53.70076960979758,55.48705456386186,1.7862849540642785,0.1875,0.234375,-0.046875
path_b05,all,249,"('40', '108', '1', '1', '2', '7', 3.0)",5,1,53.54675118095533,55.20029539492847,1.6535442139731344,0.265625,0.203125,0.0625
path_b05,all,261,"('40', '108', '2', '0', '2', '5', 3.0)",9,3,54.169813694659936,55.95703641855335,1.7872227238934144,0.11979166666666667,0.07291666666666667,0.046875
path_b05,all,263,"('40', '108', '2', '0', '2', '6', 3.0)",69,23,53.84540218152873,56.44256278936366,2.5971606078349296,0.09578804347826086,0.04891304347826087,0.04687499999999999
path_b05,all,264,"('40', '108', '2', '0', '2', '7', 3.0)",11,3,53.656844917738425,55.331795929685526,1.6749510119471012,0.171875,0.08854166666666667,0.08333333333333333
path_b05,all,266,"('40', '108', '2', '0', '3', '6', 3.0)",10,3,55.56808619218649,56.4543500262878,0.8862638341013067,0.041666666666666664,0.020833333333333332,0.020833333333333332
path_b05,all,268,"('40', '108', '3', '0', '3', '5', 3.0)",5,1,54.8110811274655,56.53351023047726,1.7224291030117627,0.015625,0.0,0.015625
path_b05,all,270,"('40', '108', '3', '0', '3', '6', 3.0)",13,4,55.17214813778606,56.771503657821206,1.5993555200351466,0.0390625,0.01171875,0.02734375
path_b05,all,273,"('40', '114', '1', '1', '1', '6', 3.0)",6,2,55.65936400330075,57.116243723252744,1.456879719951992,0.15625,0.171875,-0.015625
path_b05,all,277,"('40', '114', '1', '1', '2', '7', 3.0)",4,1,56.01711579873298,57.6557493050188,1.6386335062858208,0.296875,0.1875,0.109375
path_b05,all,283,"('40', '114', '2', '0', '2', '5', 2.5)",13,4,57.395775271545844,58.70380852826649,1.3080332567206483,0.06640625,0.0703125,-0.00390625
path_b05,all,284,"('40', '114', '2', '0', '2', '5', 3.0)",9,3,56.11565380512433,58.57537767262631,2.459723867501978,0.08854166666666667,0.0625,0.02604166666666667
path_b05,all,285,"('40', '114', '2', '0', '2', '6', 2.5)",6,2,57.57437972005362,58.73551318673398,1.1611334666803614,0.0234375,0.0390625,-0.015625
path_b05,all,286,"('40', '114', '2', '0', '2', '6', 3.0)",39,13,56.022691613669,58.54785883699342,2.5251672233244236,0.0829326923076923,0.06490384615384616,0.018028846153846145
path_b05,all,287,"('40', '114', '2', '0', '2', '7', 3.0)",7,2,56.28452001707063,57.676630546590175,1.3921105295195417,0.0625,0.046875,0.015625
path_b05,all,289,"('40', '114', '2', '0', '3', '5', 3.0)",8,2,57.388876325525146,58.68502044562487,1.2961441200997257,0.0390625,0.0078125,0.03125
path_b05,all,290,"('40', '114', '2', '0', '3', '6', 3.0)",22,7,57.01503011809559,58.632820792935895,1.6177906748403075,0.046875,0.04241071428571429,0.004464285714285712
path_b05,all,292,"('40', '114', '3', '0', '3', '5', 2.5)",21,7,57.44116549915201,58.90412131542395,1.4629558162719434,0.024553571428571428,0.011160714285714286,0.013392857142857142
path_b05,all,293,"('40', '114', '3', '0', '3', '5', 3.0)",7,2,57.7241488633985,59.15932439701069,1.4351755336121954,0.0234375,0.015625,0.0078125
path_b05,all,294,"('40', '114', '3', '0', '3', '6', 2.5)",6,2,57.69680634807525,58.72659879290473,1.0297924448294822,0.046875,0.0234375,0.0234375
path_b05,all,295,"('40', '114', '3', '0', '3', '6', 3.0)",12,4,57.71018781804041,58.86967194429925,1.159484126258839,0.02734375,0.015625,0.01171875
path_b05,all,298,"('40', '120', '2', '0', '2', '5', 3.0)",7,2,58.425024747225336,60.79277691223576,2.3677521650104225,0.109375,0.109375,0.0
path_b05,all,299,"('40', '120', '2', '0', '2', '6', 3.0)",40,13,58.623366928025405,60.701792527324784,2.078425599299379,0.078125,0.057692307692307696,0.020432692307692304
path_b05,all,302,"('40', '120', '2', '0', '3', '5', 3.0)",9,3,59.83708904885316,60.82095498366455,0.9838659348113907,0.03125,0.015625,0.015625
path_b05,all,303,"('40', '120', '2', '0', '3', '6', 3.0)",22,7,58.73206331714062,60.78207673459688,2.050013417456256,0.05133928571428571,0.024553571428571428,0.026785714285714284
path_b05,all,304,"('40', '120', '2', '0', '3', '7', 3.0)",4,1,58.554596861988664,60.504184076163924,1.94958721417526,0.03125,0.015625,0.015625
path_b05,all,306,"('40', '120', '3', '0', '3', '5', 2.5)",59,19,59.65599470361237,61.40682599438128,1.7508312907689074,0.01644736842105263,0.009868421052631578,0.006578947368421052
path_b05,all,308,"('40', '120', '3', '0', '3', '6', 2.5)",15,5,59.760974683375515,61.201081173243765,1.4401064898682492,0.021875,0.015625,0.006249999999999999
path_b05,all,309,"('40', '120', '3', '0', '3', '6', 3.0)",8,2,59.82834443283002,60.527499539144586,0.6991551063145636,0.03125,0.015625,0.015625
path_b05,all,315,"('40', '72', '1', '1', '1', '7', 3.5)",22,7,35.17155994470587,37.8896040686396,2.71804412393373,0.40848214285714285,0.2857142857142857,0.12276785714285715
path_b05,all,316,"('40', '72', '1', '1', '1', '8', 3.5)",20,6,34.80866529957301,37.81606429362058,3.00739899404757,0.3984375,0.265625,0.1328125
path_b05,all,326,"('40', '72', '1', '2', '1', '7', 3.5)",11,3,34.50960378262981,37.99851070101525,3.488906918385439,0.4895833333333333,0.3229166666666667,0.16666666666666663
path_b05,all,327,"('40', '72', '1', '2', '1', '8', 3.5)",8,2,34.30393391124159,37.264465326048935,2.960531414807342,0.515625,0.484375,0.03125
path_b05,all,329,"('40', '72', '1', '2', '1', '9', 3.5)",4,1,34.84889737942336,37.078023159653206,2.229125780229843,0.5625,0.3125,0.25
path_b05,all,344,"('40', '72', '2', '0', '2', '6', 3.5)",4,1,37.22011259464742,38.0201869980892,0.8000744034417835,0.203125,0.15625,0.046875
path_b05,all,345,"('40', '72', '2', '0', '2', '7', 3.0)",4,1,37.2731312452879,37.944510539271995,0.6713792939840957,0.265625,0.25,0.015625
path_b05,all,346,"('40', '72', '2', '0', '2', '7', 3.5)",43,14,35.00132709103921,38.77151856025312,3.7701914692139127,0.2890625,0.12723214285714285,0.16183035714285715
path_b05,all,347,"('40', '72', '2', '0', '2', '8', 3.5)",15,5,36.28723418127904,38.524497882054625,2.2372637007755856,0.2625,0.121875,0.140625
path_b05,all,352,"('40', '76', '1', '1', '1', '7', 3.5)",21,7,37.388292280875795,40.45515507593501,3.0668627950592153,0.38392857142857145,0.2544642857142857,0.12946428571428575
path_b05,all,353,"('40', '76', '1', '1', '1', '8', 3.5)",12,4,37.498615005324666,39.949497281233526,2.45088227590886,0.41015625,0.28125,0.12890625
path_b05,all,362,"('40', '76', '1', '2', '1', '8', 3.5)",4,1,36.339616592715565,38.413183869636015,2.07356727692045,0.484375,0.359375,0.125
path_b05,all,366,"('40', '76', '2', '0', '2', '6', 3.0)",26,8,38.219167078974436,41.51620258306248,3.2970355040880435,0.203125,0.095703125,0.107421875
path_b05,all,367,"('40', '76', '2', '0', '2', '6', 3.5)",5,1,39.74840664821417,40.284153250427956,0.5357466022137842,0.28125,0.203125,0.078125
path_b05,all,368,"('40', '76', '2', '0', '2', '7', 3.0)",9,3,38.08114842512162,41.21979896209939,3.138650536977771,0.25,0.08333333333333333,0.16666666666666669
path_b05,all,369,"('40', '76', '2', '0', '2', '7', 3.5)",59,19,37.895723881177894,41.22897876811566,3.333254886937766,0.2754934210526316,0.109375,0.16611842105263158
path_b05,all,370,"('40', '76', '2', '0', '2', '8', 3.5)",11,3,38.13095694676545,40.65058980235054,2.519632855585087,0.3020833333333333,0.14583333333333334,0.15624999999999997
path_b05,all,375,"('40', '76', '3', '0', '3', '7', 3.5)",4,1,40.43558621927511,41.71339654645253,1.27781032717742,0.078125,0.078125,0.0
path_b05,all,376,"('40', '80', '2', '0', '2', '6', 3.0)",13,4,40.630215137858706,42.41889540522694,1.7886802673682354,0.2421875,0.18359375,0.05859375
path_b05,all,378,"('40', '80', '2', '0', '2', '7', 3.0)",12,4,40.37727784573861,42.45804439169159,2.080766545952976,0.22265625,0.15234375,0.0703125
path_b05,all,379,"('40', '80', '2', '0', '2', '7', 3.5)",47,15,40.1588993407844,42.829694096540955,2.6707947557565532,0.21666666666666667,0.128125,0.08854166666666669
path_b05,all,380,"('40', '80', '2', '0', '2', '8', 3.5)",14,4,39.30886925302222,42.56224381543276,3.253374562410535,0.25390625,0.16015625,0.09375
path_b05,all,383,"('40', '80', '3', '0', '3', '6', 3.0)",54,18,42.67078340993296,43.99175618227903,1.3209727723460745,0.057291666666666664,0.042534722222222224,0.01475694444444444
path_b05,all,385,"('40', '80', '3', '0', '3', '7', 3.0)",29,9,42.600751757427595,43.79869556562899,1.1979438082013942,0.0642361111111111,0.041666666666666664,0.02256944444444444
path_b05,all,386,"('40', '80', '3', '0', '3', '7', 3.5)",4,1,42.497796647514605,43.33947139181033,0.8416747442957231,0.015625,0.046875,-0.03125
