graph_family,attack_type,turn,mean_giant_fraction,mean_efficiency_fraction,mean_cumulative_loss,mean_repair_cost_to_target,threshold_crossed_rate,irreversible_rate
er,random_failure,0,1.0,1.0,0.0,0.0,0.0,0.0
er,random_failure,1,1.0,0.9983810070852432,0.0016204402747133863,0.0,0.0,0.0
er,random_failure,2,1.0,0.9967334780400781,0.0032721165263135577,0.0,0.0,0.0
er,random_failure,3,1.0,0.9951992781798968,0.004812666130828246,0.0,0.0,0.0
er,random_failure,4,1.0,0.9933525952991379,0.006670696077939769,0.0,0.0,0.0
er,random_failure,5,1.0,0.991668353624697,0.008367835342783571,0.0,0.0,0.0
er,random_failure,6,1.0,0.9899640675737289,0.010088061400601986,0.0,0.0,0.0
er,random_failure,7,1.0,0.9885653355459709,0.011502109405117327,0.0,0.0,0.0
er,random_failure,8,1.0,0.9868665436279574,0.013222223224918733,0.0,0.0,0.0
er,random_failure,9,1.0,0.9848642048676202,0.015253367951903074,0.0,0.0,0.0
er,random_failure,10,1.0,0.9832009012520538,0.01694316911816062,0.0,0.0,0.0
er,random_failure,11,1.0,0.9814964682458974,0.01867803922008153,0.0,0.0,0.0
er,random_failure,12,1.0,0.979723964913891,0.020486117261698283,0.0,0.0,0.0
er,random_failure,13,1.0,0.9779255236706516,0.022324272062569716,0.0,0.0,0.0
er,random_failure,14,1.0,0.9761904524069608,0.02409983761563364,0.0,0.0,0.0
er,random_failure,15,1.0,0.974584870046041,0.025746506876107352,0.0,0.0,0.0
er,random_failure,16,1.0,0.972952454383292,0.027423464366994398,0.0,0.0,0.0
er,random_failure,17,1.0,0.9712965295109002,0.02912746403718522,0.0,0.0,0.0
er,random_failure,18,1.0,0.9694715785919857,0.031008421850689073,0.0,0.0,0.0
er,random_failure,19,1.0,0.967587869793356,0.03295448574959199,0.0,0.0,0.0
er,random_failure,20,1.0,0.965672522277209,0.03493507909806364,0.0,0.0,0.0
er,random_failure,21,1.0,0.9636828919350432,0.03699719015053351,0.0,0.0,0.0
er,random_failure,22,1.0,0.9618755057263472,0.038873889492602766,0.0,0.0,0.0
er,random_failure,23,1.0,0.9601180656746194,0.04070379419688034,0.0,0.0,0.0
er,random_failure,24,1.0,0.9583251917339229,0.04257306104336175,0.0,0.0,0.0
er,random_failure,25,1.0,0.956532773716622,0.04444540858070728,0.0,0.0,0.0
er,random_failure,26,1.0,0.9548291862446078,0.04622877760103683,0.0,0.0,0.0
er,random_failure,27,1.0,0.9529844852936469,0.04816344904483529,0.0,0.0,0.0
er,random_failure,28,1.0,0.9508365129084618,0.05042023753403119,0.0,0.0,0.0
er,random_failure,29,1.0,0.9490181516132811,0.05233364752525743,0.0,0.0,0.0
er,random_failure,30,1.0,0.9471041395738106,0.05435235258816267,0.0,0.0,0.0
er,random_failure,31,1.0,0.9449906382622154,0.05658826381170116,0.0,0.0,0.0
er,random_failure,32,1.0,0.9432020230595541,0.058482575501716906,0.0,0.0,0.0
er,random_failure,33,1.0,0.9414966480234118,0.060291895049489404,0.0,0.0,0.0
er,random_failure,34,1.0,0.9394179782950133,0.06250331525155627,0.0,0.0,0.0
er,random_failure,35,1.0,0.9373693417793714,0.06468645550093985,0.0,0.0,0.0
er,random_failure,36,1.0,0.935867290863631,0.06629028747461256,0.0,0.0,0.0
er,random_failure,37,1.0,0.9336591101676538,0.06865474553667249,0.0,0.0,0.0
er,random_failure,38,1.0,0.9318390888779415,0.07060637345363131,0.0,0.0,0.0
er,random_failure,39,1.0,0.9295637706614078,0.07305267960822902,0.0,0.0,0.0
er,random_failure,40,1.0,0.9273521558003973,0.07543634207041114,0.0,0.0,0.0
er,random_failure,41,1.0,0.9252714341751521,0.07768487667153853,0.0,0.0,0.0
er,random_failure,42,1.0,0.9230316711273345,0.08011198666793362,0.0,0.0,0.0
er,random_failure,43,1.0,0.9208897934011947,0.08243601561199809,0.0,0.0,0.0
er,random_failure,44,1.0,0.9186985949157259,0.08481854083599576,0.0,0.0,0.0
er,random_failure,45,1.0,0.9168376604290384,0.08684474664024845,0.0,0.0,0.0
er,random_failure,46,0.9986979166666666,0.9134216855790388,0.09060110231463071,0.0,0.0,0.0
er,random_failure,47,0.9986979166666666,0.9116541787380266,0.0925413261306169,0.0,0.0,0.0
er,random_failure,48,0.9986979166666666,0.909341285737307,0.09507995171593697,0.0,0.0,0.0
er,random_failure,49,0.9986979166666666,0.9070767340646341,0.0975766762422115,0.0,0.0,0.0
er,random_failure,50,0.9973958333333334,0.903802740479326,0.10123356949439628,0.0,0.0,0.0
er,random_failure,51,0.9973958333333334,0.9017538827424173,0.1035019364338498,0.0,0.0,0.0
er,random_failure,52,0.9973958333333334,0.8993783385162977,0.10613575605718696,0.0,0.0,0.0
er,random_failure,53,0.9973958333333334,0.8969403426992887,0.10884934959978491,0.0,0.0,0.0
er,random_failure,54,0.9973958333333334,0.8949632767257522,0.11106073772505126,0.0,0.0,0.0
er,random_failure,55,0.9973958333333334,0.8929844927562699,0.11327989341453,0.0,0.0,0.0
er,random_failure,56,0.9973958333333334,0.8909766030983346,0.1155352653394849,0.0,0.0,0.0
er,random_failure,57,0.9973958333333334,0.8887520935471084,0.11803913817933626,0.0,0.0,0.0
er,random_failure,58,0.99609375,0.8853116514812097,0.12193643703334724,0.0,0.0,0.0
er,random_failure,59,0.99609375,0.8830273466359397,0.12451702472354564,0.0,0.0,0.0
er,random_failure,60,0.99609375,0.8807937007115814,0.12705289057216543,0.0,0.0,0.0
er,random_failure,61,0.99609375,0.878477574117901,0.1296853373798785,0.0,0.0,0.0
er,random_failure,62,0.99609375,0.8760752728466831,0.13242421449962713,0.0,0.0,0.0
er,random_failure,63,0.99609375,0.8736598118387561,0.13518923868303478,0.0,0.0,0.0
er,random_failure,64,0.99609375,0.8710655544045659,0.13816835891892626,0.0,0.0,0.0
er,random_failure,65,0.99609375,0.8689646519379767,0.1405837673050878,0.0,0.0,0.0
er,random_failure,66,0.9947916666666666,0.865289538717588,0.1448309694180541,0.0,0.0,0.0
er,random_failure,67,0.9947916666666666,0.8631984047341632,0.14725336525948915,0.0,0.0,0.0
er,random_failure,68,0.9947916666666666,0.8610591059960887,0.14973946907004185,0.0,0.0,0.0
er,random_failure,69,0.9934895833333334,0.8573060343967586,0.15413825634936376,0.0,0.0,0.0
er,random_failure,70,0.9934895833333334,0.8550063584195552,0.15682631859367158,0.0,0.0,0.0
er,random_failure,71,0.9921875,0.8513417209835086,0.16117181614659382,0.0,0.0,0.0
er,random_failure,72,0.9921875,0.8485775064710844,0.16442594444195865,0.0,0.0,0.0
er,random_failure,73,0.9921875,0.846126775729433,0.16731628703488496,0.0,0.0,0.0
er,random_failure,74,0.9921875,0.8436266897953053,0.170272800605377,0.0,0.0,0.0
er,random_failure,75,0.9921875,0.8408901739848148,0.17354154037473735,0.0,0.0,0.0
er,random_failure,76,0.9921875,0.8384926175279808,0.17639217476037486,0.0,0.0,0.0
er,random_failure,77,0.9921875,0.8356430942092586,0.1798094531363161,0.0,0.0,0.0
er,random_failure,78,0.9921875,0.8328507460687099,0.18316875231376342,0.0,0.0,0.0
er,random_failure,79,0.9921875,0.8305752795725159,0.18591000987571527,0.0,0.0,0.0
er,random_failure,80,0.9921875,0.827792652298995,0.18927285543700592,0.0,0.0,0.0
er,random_failure,81,0.9921875,0.8251796046007196,0.19244446398461815,0.0,0.0,0.0
er,random_failure,82,0.9921875,0.8231167488366083,0.1949575969580342,0.0,0.0,0.0
er,random_failure,83,0.9921875,0.8205907848192632,0.1980344375125942,0.0,0.0,0.0
er,random_failure,84,0.9921875,0.8171839600991802,0.20220461963335748,0.0,0.0,0.0
er,random_failure,85,0.9921875,0.8142105143653331,0.2058560401720441,0.0,0.0,0.0
er,random_failure,86,0.9921875,0.8109987590852933,0.20981133755786865,0.0,0.16666666666666666,0.0
er,random_failure,87,0.9921875,0.8076693894330814,0.21392516535247372,0.0,0.16666666666666666,0.0
er,random_failure,88,0.9921875,0.8048534403399068,0.21741940036469665,0.0,0.16666666666666666,0.0
er,random_failure,89,0.9908854166666666,0.8005781492580256,0.2228457545239111,0.0,0.16666666666666666,0.0
er,random_failure,90,0.9908854166666666,0.7973707071437918,0.22685967455306846,0.0,0.16666666666666666,0.0
er,random_failure,91,0.9908854166666666,0.7938051396120965,0.23136083543120078,0.0,0.3333333333333333,0.0
er,random_failure,92,0.9908854166666666,0.7904335595070493,0.23565067151311078,0.0,0.3333333333333333,0.0
er,random_failure,93,0.9908854166666666,0.7872989745735864,0.2396079336725632,0.0,0.4166666666666667,0.0
er,random_failure,94,0.9908854166666666,0.7840921047022049,0.243686691743344,0.0,0.4166666666666667,0.0
er,random_failure,95,0.9908854166666666,0.7813031158586018,0.24726438420981897,0.0,0.4166666666666667,0.0
er,random_failure,96,0.9908854166666666,0.778067430082178,0.25145048978635537,0.0,0.4166666666666667,0.0
er,targeted_degree_attack,0,1.0,1.0,0.0,0.0,0.0,0.0
er,targeted_degree_attack,1,1.0,0.998807023442683,0.001193723516502093,0.0,0.0,0.0
er,targeted_degree_attack,2,1.0,0.9971858349927344,0.00281828229031947,0.0,0.0,0.0
er,targeted_degree_attack,3,1.0,0.9955222675946418,0.004488323212747178,0.0,0.0,0.0
er,targeted_degree_attack,4,1.0,0.9940610047889186,0.005957204345490342,0.0,0.0,0.0
er,targeted_degree_attack,5,1.0,0.9925296994688466,0.007498940972751954,0.0,0.0,0.0
er,targeted_degree_attack,6,1.0,0.9907800808745377,0.009263216619611955,0.0,0.0,0.0
er,targeted_degree_attack,7,1.0,0.9891587806336607,0.010901279839182293,0.0,0.0,0.0
er,targeted_degree_attack,8,1.0,0.9877039286024579,0.01237343666721584,0.0,0.0,0.0
er,targeted_degree_attack,9,1.0,0.9860013771483956,0.014098801041453139,0.0,0.0,0.0
er,targeted_degree_attack,10,1.0,0.9844808491917445,0.015641983417270723,0.0,0.0,0.0
er,targeted_degree_attack,11,1.0,0.9828719845003336,0.017277228460945673,0.0,0.0,0.0
er,targeted_degree_attack,12,1.0,0.9814887820794658,0.01868586780268907,0.0,0.0,0.0
er,targeted_degree_attack,13,1.0,0.9798369198074678,0.020370507295891266,0.0,0.0,0.0
er,targeted_degree_attack,14,1.0,0.9779244733534228,0.022324461537408153,0.0,0.0,0.0
er,targeted_degree_attack,15,1.0,0.976047793826457,0.024245401054661966,0.0,0.0,0.0
er,targeted_degree_attack,16,1.0,0.9741083874153343,0.026234576229284063,0.0,0.0,0.0
er,targeted_degree_attack,17,1.0,0.972284489013703,0.02810951708593089,0.0,0.0,0.0
er,targeted_degree_attack,18,1.0,0.970529099488736,0.029916035634427962,0.0,0.0,0.0
er,targeted_degree_attack,19,1.0,0.96865505344257,0.031849045046118254,0.0,0.0,0.0
er,targeted_degree_attack,20,1.0,0.9668683563936421,0.03369563815142967,0.0,0.0,0.0
er,targeted_degree_attack,21,1.0,0.9649806221957905,0.03565030880756336,0.0,0.0,0.0
er,targeted_degree_attack,22,1.0,0.963129870344526,0.037570116138450564,0.0,0.0,0.0
er,targeted_degree_attack,23,1.0,0.9615387082094914,0.03922346458472827,0.0,0.0,0.0
er,targeted_degree_attack,24,1.0,0.9598395364151718,0.040992411720453016,0.0,0.0,0.0
er,targeted_degree_attack,25,1.0,0.9581871417091016,0.04271571535344205,0.0,0.0,0.0
er,targeted_degree_attack,26,1.0,0.9562849740355408,0.04470249880866242,0.0,0.0,0.0
er,targeted_degree_attack,27,1.0,0.9543527651571931,0.04672549099499657,0.0,0.0,0.0
er,targeted_degree_attack,28,1.0,0.9525920766498204,0.048572157918398674,0.0,0.0,0.0
er,targeted_degree_attack,29,1.0,0.9508397834124876,0.05041354996337751,0.0,0.0,0.0
er,targeted_degree_attack,30,0.9986979166666666,0.9474404468181339,0.05401389828106804,0.0,0.0,0.0
er,targeted_degree_attack,31,0.9986979166666666,0.9456773040440439,0.05587590855102986,0.0,0.0,0.0
er,targeted_degree_attack,32,0.9986979166666666,0.9437419516043936,0.05792666185269837,0.0,0.0,0.0
er,targeted_degree_attack,33,0.9986979166666666,0.9416641731247402,0.06013060004826856,0.0,0.0,0.0
er,targeted_degree_attack,34,0.9986979166666666,0.9395995899783257,0.06232710240303452,0.0,0.0,0.0
er,targeted_degree_attack,35,0.9986979166666666,0.9374711583638606,0.06459820523507855,0.0,0.0,0.0
er,targeted_degree_attack,36,0.9986979166666666,0.9356422269104773,0.06655015280764626,0.0,0.0,0.0
er,targeted_degree_attack,37,0.9986979166666666,0.9337381093409,0.06858615328397787,0.0,0.0,0.0
er,targeted_degree_attack,38,0.9986979166666666,0.9319462692015037,0.07050786878006145,0.0,0.0,0.0
er,targeted_degree_attack,39,0.9986979166666666,0.9295715886319891,0.07306060863775996,0.0,0.0,0.0
er,targeted_degree_attack,40,0.9986979166666666,0.9271569852526728,0.07566445629151695,0.0,0.0,0.0
er,targeted_degree_attack,41,0.9986979166666666,0.9250849270029704,0.07790139637166535,0.0,0.0,0.0
er,targeted_degree_attack,42,0.9973958333333334,0.9219095561102787,0.08134409944563707,0.0,0.0,0.0
er,targeted_degree_attack,43,0.9973958333333334,0.9197217746946987,0.08372528066455874,0.0,0.0,0.0
er,targeted_degree_attack,44,0.9973958333333334,0.9174872616528038,0.08615918105077154,0.0,0.0,0.0
er,targeted_degree_attack,45,0.9973958333333334,0.9152625385129377,0.08858730638849928,0.0,0.0,0.0
er,targeted_degree_attack,46,0.99609375,0.9116456650875661,0.09259663341108997,0.0,0.0,0.0
er,targeted_degree_attack,47,0.99609375,0.9092936031411645,0.09517873695552004,0.0,0.0,0.0
er,targeted_degree_attack,48,0.99609375,0.9073245272222646,0.09734493460132244,0.0,0.0,0.0
er,targeted_degree_attack,49,0.9947916666666666,0.9037956723875248,0.10124457503089584,0.0,0.0,0.0
er,targeted_degree_attack,50,0.9947916666666666,0.9016916952625516,0.10357454862940191,0.0,0.0,0.0
er,targeted_degree_attack,51,0.9947916666666666,0.899779815989083,0.10569826620051936,0.0,0.0,0.0
er,targeted_degree_attack,52,0.9947916666666666,0.8975986340573856,0.10812529595538256,0.0,0.0,0.0
er,targeted_degree_attack,53,0.9947916666666666,0.895429790889986,0.11054329811277779,0.0,0.0,0.0
er,targeted_degree_attack,54,0.9947916666666666,0.893516459218879,0.11268077982119616,0.0,0.0,0.0
er,targeted_degree_attack,55,0.9947916666666666,0.89109260708253,0.11539870613613523,0.0,0.0,0.0
er,targeted_degree_attack,56,0.9947916666666666,0.8889757294307922,0.11777740300908512,0.0,0.0,0.0
er,targeted_degree_attack,57,0.9921875,0.8838395541960701,0.12359058338777107,0.0,0.0,0.0
er,targeted_degree_attack,58,0.9921875,0.8814584448112287,0.1262912052098966,0.0,0.0,0.0
er,targeted_degree_attack,59,0.9921875,0.879146021704562,0.1289210644423414,0.0,0.0,0.0
er,targeted_degree_attack,60,0.9921875,0.8771941359609688,0.13114041303130858,0.0,0.0,0.0
er,targeted_degree_attack,61,0.9921875,0.8744360304281358,0.13428103807415873,0.0,0.0,0.0
er,targeted_degree_attack,62,0.9908854166666666,0.8705383252464624,0.13873456708255746,0.0,0.0,0.0
er,targeted_degree_attack,63,0.9908854166666666,0.8682551306567583,0.1413573591316236,0.0,0.0,0.0
er,targeted_degree_attack,64,0.9908854166666666,0.8660090006968185,0.14394718799944284,0.0,0.0,0.0
er,targeted_degree_attack,65,0.9908854166666666,0.8639251358130052,0.1463558047396891,0.0,0.0,0.0
er,targeted_degree_attack,66,0.9908854166666666,0.8613831787731131,0.1493019956745273,0.0,0.0,0.0
er,targeted_degree_attack,67,0.9895833333333334,0.8575069342005067,0.15378876175412606,0.0,0.0,0.0
er,targeted_degree_attack,68,0.98828125,0.8536888557913684,0.15823828648183277,0.0,0.0,0.0
er,targeted_degree_attack,69,0.98828125,0.8511821108116931,0.16118101657594017,0.0,0.0,0.0
er,targeted_degree_attack,70,0.98828125,0.8489657867268706,0.16378798323241653,0.0,0.0,0.0
er,targeted_degree_attack,71,0.9869791666666666,0.8449489757938111,0.16853059301184667,0.0,0.0,0.0
er,targeted_degree_attack,72,0.9869791666666666,0.8425254077578601,0.1714033820052723,0.0,0.0,0.0
er,targeted_degree_attack,73,0.9869791666666666,0.8405206075390207,0.17378709192929434,0.0,0.0,0.0
er,targeted_degree_attack,74,0.9869791666666666,0.8380883255179782,0.17668399058730802,0.0,0.0,0.0
er,targeted_degree_attack,75,0.9869791666666666,0.8359245547265878,0.17927037270651713,0.0,0.0,0.0
er,targeted_degree_attack,76,0.9869791666666666,0.833055940525488,0.18270683442726401,0.0,0.0,0.0
er,targeted_degree_attack,77,0.9856770833333334,0.8295293186996244,0.18693938262906273,0.0,0.0,0.0
er,targeted_degree_attack,78,0.9856770833333334,0.8266934596533043,0.19036271553742293,0.0,0.0,0.0
er,targeted_degree_attack,79,0.9830729166666666,0.8212860362280368,0.1969841920143078,0.0,0.0,0.0
er,targeted_degree_attack,80,0.9778645833333334,0.8134522374388157,0.2066164699011718,0.0,0.0,0.0
er,targeted_degree_attack,81,0.9765625,0.8098728836298718,0.2110254946792551,0.0,0.0,0.0
er,targeted_degree_attack,82,0.9765625,0.8073745736203484,0.21411673715142207,0.0,0.0,0.0
er,targeted_degree_attack,83,0.9752604166666666,0.8036605532232377,0.2187734934339156,0.0,0.08333333333333333,0.0
er,targeted_degree_attack,84,0.9739583333333334,0.7997979430992442,0.2235773325446716,0.0,0.08333333333333333,0.0
er,targeted_degree_attack,85,0.9739583333333334,0.7970501952049842,0.22702304211555077,0.0,0.08333333333333333,0.0
er,targeted_degree_attack,86,0.9739583333333334,0.7948114059624222,0.22984551668967756,0.0,0.16666666666666666,0.0
er,targeted_degree_attack,87,0.9739583333333334,0.7922429784940052,0.23309437099772176,0.0,0.16666666666666666,0.0
er,targeted_degree_attack,88,0.9739583333333334,0.7893739207336128,0.23672900039528902,0.0,0.25,0.0
er,targeted_degree_attack,89,0.9713541666666666,0.7839171598784594,0.24360993541425544,0.0,0.4166666666666667,0.0
er,targeted_degree_attack,90,0.9713541666666666,0.7814919089088724,0.2467197634722599,0.0,0.4166666666666667,0.0
er,targeted_degree_attack,91,0.9700520833333334,0.777891260304829,0.25134596029347583,0.0,0.5,0.0
er,targeted_degree_attack,92,0.9700520833333334,0.7754922409467087,0.2544357073358005,0.0,0.5833333333333334,0.0
er,targeted_degree_attack,93,0.9700520833333334,0.7726350492950281,0.2581363176285602,0.0,0.5833333333333334,0.0
er,targeted_degree_attack,94,0.9700520833333334,0.7695583337290298,0.26212651166227935,0.0,0.75,0.0
er,targeted_degree_attack,95,0.96875,0.7654177448041778,0.26755088820333356,0.0,0.75,0.0
er,targeted_degree_attack,96,0.96875,0.7627545014737577,0.2710371758052004,0.0,0.75,0.0
scale_free,random_failure,0,1.0,1.0,0.0,0.0,0.0,0.0
scale_free,random_failure,1,1.0,0.9986045939129456,0.001396593652876847,0.0,0.0,0.0
scale_free,random_failure,2,1.0,0.9974427521729127,0.0025607538372880586,0.0,0.0,0.0
scale_free,random_failure,3,1.0,0.996198294061425,0.0038091664684632193,0.0,0.0,0.0
scale_free,random_failure,4,1.0,0.9946863294613255,0.005328151631079578,0.0,0.0,0.0
scale_free,random_failure,5,1.0,0.9931277061424767,0.0068963325238722666,0.0,0.0,0.0
scale_free,random_failure,6,1.0,0.991610686320595,0.008425041741443056,0.0,0.0,0.0
scale_free,random_failure,7,1.0,0.9902040259347915,0.009844595342903105,0.0,0.0,0.0
scale_free,random_failure,8,1.0,0.9889394028711903,0.011122597096761866,0.0,0.0,0.0
scale_free,random_failure,9,1.0,0.9875496075777024,0.012529028656677538,0.0,0.0,0.0
scale_free,random_failure,10,1.0,0.9860888839551092,0.014009077241766527,0.0,0.0,0.0
scale_free,random_failure,11,1.0,0.984571820382503,0.01554882259776823,0.0,0.0,0.0
scale_free,random_failure,12,1.0,0.9830057352674869,0.017140974544111672,0.0,0.0,0.0
scale_free,random_failure,13,1.0,0.9812887337258572,0.018889552778929928,0.0,0.0,0.0
scale_free,random_failure,14,1.0,0.9800440467341937,0.02015922495746955,0.0,0.0,0.0
scale_free,random_failure,15,1.0,0.9784993835181677,0.0217369750723249,0.0,0.0,0.0
scale_free,random_failure,16,1.0,0.9768638715466467,0.023410522388346067,0.0,0.0,0.0
scale_free,random_failure,17,1.0,0.9752020485448106,0.02511239831907061,0.0,0.0,0.0
scale_free,random_failure,18,1.0,0.9735273587925269,0.02683127416410221,0.0,0.0,0.0
scale_free,random_failure,19,1.0,0.9717011587641432,0.02870890317632725,0.0,0.0,0.0
scale_free,random_failure,20,1.0,0.9706134239586851,0.029829062360576208,0.0,0.0,0.0
scale_free,random_failure,21,1.0,0.9691906797254531,0.03129632817827801,0.0,0.0,0.0
scale_free,random_failure,22,1.0,0.9675634605826633,0.032977155138537065,0.0,0.0,0.0
scale_free,random_failure,23,1.0,0.9659043924566691,0.03469243515208373,0.0,0.0,0.0
scale_free,random_failure,24,1.0,0.964057875818127,0.036605832008187726,0.0,0.0,0.0
scale_free,random_failure,25,1.0,0.9622400409594777,0.03849307918740825,0.0,0.0,0.0
scale_free,random_failure,26,1.0,0.960700517861262,0.04009517723357929,0.0,0.0,0.0
scale_free,random_failure,27,1.0,0.9585363129084031,0.04235027400486374,0.0,0.0,0.0
scale_free,random_failure,28,1.0,0.9569225316960193,0.04403549765087867,0.0,0.0,0.0
scale_free,random_failure,29,1.0,0.9553180564193559,0.0457147340973871,0.0,0.0,0.0
scale_free,random_failure,30,1.0,0.9537196344015619,0.04738941578625832,0.0,0.0,0.0
scale_free,random_failure,31,1.0,0.9520865285695811,0.04910302122350738,0.0,0.0,0.0
scale_free,random_failure,32,1.0,0.9506120379867519,0.05065325545860006,0.0,0.0,0.0
scale_free,random_failure,33,1.0,0.9490120835464592,0.05233980307379326,0.0,0.0,0.0
scale_free,random_failure,34,1.0,0.9472710218508071,0.05417705337739403,0.0,0.0,0.0
scale_free,random_failure,35,1.0,0.9457416049807081,0.055791692107626835,0.0,0.0,0.0
scale_free,random_failure,36,1.0,0.9439762757819641,0.05765974294694278,0.0,0.0,0.0
scale_free,random_failure,37,1.0,0.9422796741093292,0.05945879472522086,0.0,0.0,0.0
scale_free,random_failure,38,1.0,0.9406367473059389,0.061205123474727334,0.0,0.0,0.0
scale_free,random_failure,39,1.0,0.9389289841519891,0.06302179572488102,0.0,0.0,0.0
scale_free,random_failure,40,1.0,0.9371860690709326,0.06487967252604353,0.0,0.0,0.0
scale_free,random_failure,41,1.0,0.9354962948081037,0.0666839456513804,0.0,0.0,0.0
scale_free,random_failure,42,1.0,0.9333552075599266,0.06897451058233899,0.0,0.0,0.0
scale_free,random_failure,43,1.0,0.9315638534644485,0.0708958551503583,0.0,0.0,0.0
scale_free,random_failure,44,1.0,0.9296562696775923,0.07294658464869679,0.0,0.0,0.0
scale_free,random_failure,45,1.0,0.927697114376738,0.07505652917248827,0.0,0.0,0.0
scale_free,random_failure,46,1.0,0.9258301237236304,0.07707132641100999,0.0,0.0,0.0
scale_free,random_failure,47,1.0,0.923789157372309,0.07927871995543484,0.0,0.0,0.0
scale_free,random_failure,48,1.0,0.922167906893844,0.08103464726549263,0.0,0.0,0.0
scale_free,random_failure,49,1.0,0.9201700540335088,0.08320550421930385,0.0,0.0,0.0
scale_free,random_failure,50,1.0,0.9180395134976139,0.08552140537415044,0.0,0.0,0.0
scale_free,random_failure,51,1.0,0.9161551191719289,0.08757603441045701,0.0,0.0,0.0
scale_free,random_failure,52,1.0,0.9139954940762881,0.0899375918451885,0.0,0.0,0.0
scale_free,random_failure,53,1.0,0.9118233587035292,0.0923164012481723,0.0,0.0,0.0
scale_free,random_failure,54,1.0,0.9093969886409212,0.09498373114964775,0.0,0.0,0.0
scale_free,random_failure,55,1.0,0.9071854791438234,0.09742167669553513,0.0,0.0,0.0
scale_free,random_failure,56,1.0,0.9054085904233323,0.09938339405095752,0.0,0.0,0.0
scale_free,random_failure,57,1.0,0.9033353092703256,0.10167714001360102,0.0,0.0,0.0
scale_free,random_failure,58,1.0,0.901219454796986,0.10402510681936052,0.0,0.0,0.0
scale_free,random_failure,59,1.0,0.899268224049644,0.10619095376014025,0.0,0.0,0.0
scale_free,random_failure,60,1.0,0.8973974297678798,0.10827566844029525,0.0,0.0,0.0
scale_free,random_failure,61,1.0,0.895182770175749,0.11074825416625807,0.0,0.0,0.0
scale_free,random_failure,62,1.0,0.8927001628360979,0.11352776168755153,0.0,0.0,0.0
scale_free,random_failure,63,1.0,0.8906721396898479,0.11580710581229897,0.0,0.0,0.0
scale_free,random_failure,64,1.0,0.8883024663178768,0.11847201695037125,0.0,0.0,0.0
scale_free,random_failure,65,1.0,0.8867686054555332,0.12020038889650823,0.0,0.0,0.0
scale_free,random_failure,66,1.0,0.8846461295877197,0.12259505445131219,0.0,0.0,0.0
scale_free,random_failure,67,1.0,0.8825254876291422,0.12499528720142582,0.0,0.0,0.0
scale_free,random_failure,68,1.0,0.880178885177841,0.12765860511909802,0.0,0.0,0.0
scale_free,random_failure,69,1.0,0.878371783539411,0.12971864466804653,0.0,0.0,0.0
scale_free,random_failure,70,1.0,0.8762660322089483,0.13211338408603665,0.0,0.0,0.0
scale_free,random_failure,71,1.0,0.8740997128406046,0.1345893797281109,0.0,0.0,0.0
scale_free,random_failure,72,1.0,0.8715333811101692,0.13753268204478217,0.0,0.0,0.0
scale_free,random_failure,73,1.0,0.8696738987358694,0.1396681575454692,0.0,0.0,0.0
scale_free,random_failure,74,1.0,0.8671427082613082,0.1425874649316571,0.0,0.0,0.0
scale_free,random_failure,75,1.0,0.8641833751079412,0.14601555371790123,0.0,0.0,0.0
scale_free,random_failure,76,1.0,0.8625461880405854,0.1479132018962597,0.0,0.0,0.0
scale_free,random_failure,77,1.0,0.8601240868081592,0.15072488465321288,0.0,0.0,0.0
scale_free,random_failure,78,1.0,0.8577708519894426,0.1534645720556752,0.0,0.0,0.0
scale_free,random_failure,79,1.0,0.8557168623167049,0.1558639781138502,0.0,0.0,0.0
scale_free,random_failure,80,1.0,0.8533571439769475,0.15862500897837054,0.0,0.0,0.0
scale_free,random_failure,81,1.0,0.8509022781710073,0.16150506616512975,0.0,0.0,0.0
scale_free,random_failure,82,1.0,0.8488034216044261,0.16397082210512975,0.0,0.0,0.0
scale_free,random_failure,83,1.0,0.8467771795563391,0.1663589774316822,0.0,0.0,0.0
scale_free,random_failure,84,1.0,0.8444754046047899,0.16907994723546793,0.0,0.0,0.0
scale_free,random_failure,85,1.0,0.8421133610835726,0.17188130509125468,0.0,0.0,0.0
scale_free,random_failure,86,1.0,0.8395160322862072,0.17496833829775418,0.0,0.0,0.0
scale_free,random_failure,87,1.0,0.8371852367490943,0.17774761627452518,0.0,0.0,0.0
scale_free,random_failure,88,1.0,0.8343167712290191,0.1811773545094566,0.0,0.0,0.0
scale_free,random_failure,89,1.0,0.8319037181823875,0.18407437513982897,0.0,0.0,0.0
scale_free,random_failure,90,1.0,0.8297062593495838,0.18671793887747276,0.0,0.0,0.0
scale_free,random_failure,91,1.0,0.8275950307906778,0.18926575594362774,0.0,0.0,0.0
scale_free,random_failure,92,1.0,0.8250687856649987,0.19232616380345716,0.0,0.0,0.0
scale_free,random_failure,93,1.0,0.8227646222280725,0.19512262024764393,0.0,0.0,0.0
scale_free,random_failure,94,0.9986979166666666,0.8187656978296536,0.19999806696341152,0.0,0.0,0.0
scale_free,random_failure,95,0.9986979166666666,0.8163877799204259,0.20290718811715783,0.0,0.0,0.0
scale_free,random_failure,96,0.9973958333333334,0.8124576921692638,0.2077707313301594,0.0,0.0,0.0
scale_free,targeted_degree_attack,0,1.0,1.0,0.0,0.0,0.0,0.0
scale_free,targeted_degree_attack,1,1.0,0.9988536957358134,0.0011469849046907667,0.0,0.0,0.0
scale_free,targeted_degree_attack,2,1.0,0.9978089296686304,0.002193527428750816,0.0,0.0,0.0
scale_free,targeted_degree_attack,3,1.0,0.9965253842036818,0.003480832937052911,0.0,0.0,0.0
scale_free,targeted_degree_attack,4,1.0,0.9953792996731013,0.004631622984515706,0.0,0.0,0.0
scale_free,targeted_degree_attack,5,1.0,0.9941030332235532,0.0059148346614672775,0.0,0.0,0.0
scale_free,targeted_degree_attack,6,1.0,0.9925983978876972,0.007429954458820086,0.0,0.0,0.0
scale_free,targeted_degree_attack,7,1.0,0.9911853213670888,0.00885515340444763,0.0,0.0,0.0
scale_free,targeted_degree_attack,8,1.0,0.9894963721663226,0.010560801940683096,0.0,0.0,0.0
scale_free,targeted_degree_attack,9,1.0,0.9877327684729561,0.012345047181958049,0.0,0.0,0.0
scale_free,targeted_degree_attack,10,1.0,0.9860802270624388,0.014019356900487638,0.0,0.0,0.0
scale_free,targeted_degree_attack,11,1.0,0.984312166098115,0.01581483412495105,0.0,0.0,0.0
scale_free,targeted_degree_attack,12,1.0,0.9825983292252749,0.017558265726230687,0.0,0.0,0.0
scale_free,targeted_degree_attack,13,1.0,0.9806318736418094,0.01956109909572185,0.0,0.0,0.0
scale_free,targeted_degree_attack,14,1.0,0.9787256037136877,0.021508110929422276,0.0,0.0,0.0
scale_free,targeted_degree_attack,15,1.0,0.9769498663797868,0.0233249598145598,0.0,0.0,0.0
scale_free,targeted_degree_attack,16,1.0,0.9749725983883207,0.02535172898331331,0.0,0.0,0.0
scale_free,targeted_degree_attack,17,1.0,0.9732495347035632,0.02712087789970573,0.0,0.0,0.0
scale_free,targeted_degree_attack,18,1.0,0.9712310807414183,0.02919793054567187,0.0,0.0,0.0
scale_free,targeted_degree_attack,19,1.0,0.9692475849971004,0.031243864563816583,0.0,0.0,0.0
scale_free,targeted_degree_attack,20,1.0,0.967406165393898,0.03314492747785368,0.0,0.0,0.0
scale_free,targeted_degree_attack,21,1.0,0.9654322489287503,0.0351865817699646,0.0,0.0,0.0
scale_free,targeted_degree_attack,22,1.0,0.9636670416872691,0.03701659320707326,0.0,0.0,0.0
scale_free,targeted_degree_attack,23,1.0,0.96169178991684,0.039068493539206335,0.0,0.0,0.0
scale_free,targeted_degree_attack,24,1.0,0.9597909203869293,0.0410475098138146,0.0,0.0,0.0
scale_free,targeted_degree_attack,25,1.0,0.9577450025569195,0.04318242361718571,0.0,0.0,0.0
scale_free,targeted_degree_attack,26,1.0,0.9557408596228943,0.04527705409324462,0.0,0.0,0.0
scale_free,targeted_degree_attack,27,1.0,0.9536117163569275,0.04750826805126971,0.0,0.0,0.0
scale_free,targeted_degree_attack,28,1.0,0.9516296691002945,0.04959045615653293,0.0,0.0,0.0
scale_free,targeted_degree_attack,29,0.9986979166666666,0.9482165620783835,0.053206579529403976,0.0,0.0,0.0
scale_free,targeted_degree_attack,30,0.9973958333333334,0.9449168941191979,0.056708588044017065,0.0,0.0,0.0
scale_free,targeted_degree_attack,31,0.9973958333333334,0.9430970103351449,0.05863648113871887,0.0,0.0,0.0
scale_free,targeted_degree_attack,32,0.9973958333333334,0.9410855210749545,0.06077143302985689,0.0,0.0,0.0
scale_free,targeted_degree_attack,33,0.99609375,0.937486611325978,0.0646232685980299,0.0,0.0,0.0
scale_free,targeted_degree_attack,34,0.99609375,0.9354086175630387,0.06684463760754923,0.0,0.0,0.0
scale_free,targeted_degree_attack,35,0.9947916666666666,0.9318605249659887,0.07063988175016742,0.0,0.0,0.0
scale_free,targeted_degree_attack,36,0.9934895833333334,0.9284520525019717,0.07431081557566162,0.0,0.0,0.0
scale_free,targeted_degree_attack,37,0.9934895833333334,0.9263829599687449,0.07654083918459102,0.0,0.0,0.0
scale_free,targeted_degree_attack,38,0.9895833333333334,0.9203535866513084,0.08307037581166116,0.0,0.0,0.0
scale_free,targeted_degree_attack,39,0.98828125,0.9171042090442882,0.0865998190206395,0.0,0.0,0.0
scale_free,targeted_degree_attack,40,0.98828125,0.9151184619341165,0.0887649342858507,0.0,0.0,0.0
scale_free,targeted_degree_attack,41,0.98828125,0.9131474100932627,0.09092369722184805,0.0,0.0,0.0
scale_free,targeted_degree_attack,42,0.98828125,0.9111555173384694,0.09310680747241988,0.0,0.0,0.0
scale_free,targeted_degree_attack,43,0.98828125,0.908927453113826,0.09554980722764944,0.0,0.0,0.0
scale_free,targeted_degree_attack,44,0.98828125,0.9065845182693796,0.09813313013196234,0.0,0.0,0.0
scale_free,targeted_degree_attack,45,0.98828125,0.9044305846631345,0.10050920431302128,0.0,0.0,0.0
scale_free,targeted_degree_attack,46,0.98828125,0.9022772853149492,0.10288942657438314,0.0,0.0,0.0
scale_free,targeted_degree_attack,47,0.98828125,0.9005069080374027,0.10485544152368749,0.0,0.0,0.0
scale_free,targeted_degree_attack,48,0.9856770833333334,0.8958656017726456,0.10998805193672252,0.0,0.0,0.0
scale_free,targeted_degree_attack,49,0.9856770833333334,0.8938629994972981,0.1122259338482086,0.0,0.0,0.0
scale_free,targeted_degree_attack,50,0.9856770833333334,0.8917024671435111,0.1146421704580014,0.0,0.0,0.0
scale_free,targeted_degree_attack,51,0.9856770833333334,0.8896069532216417,0.11699492018938268,0.0,0.0,0.0
scale_free,targeted_degree_attack,52,0.984375,0.8860735609824313,0.12098908761634869,0.0,0.0,0.0
scale_free,targeted_degree_attack,53,0.9830729166666666,0.8826638565656509,0.12485500914860277,0.0,0.0,0.0
scale_free,targeted_degree_attack,54,0.9830729166666666,0.8804632260229476,0.1273514256777401,0.0,0.0,0.0
scale_free,targeted_degree_attack,55,0.9817708333333334,0.877146335213337,0.13111708214520448,0.0,0.0,0.0
scale_free,targeted_degree_attack,56,0.98046875,0.8735249138679114,0.13527292686590708,0.0,0.0,0.0
scale_free,targeted_degree_attack,57,0.98046875,0.8712651204540692,0.13786012893935154,0.0,0.0,0.0
scale_free,targeted_degree_attack,58,0.9791666666666666,0.8675796947586732,0.14210619024472373,0.0,0.0,0.0
scale_free,targeted_degree_attack,59,0.9791666666666666,0.865019716130904,0.14506199795320524,0.0,0.0,0.0
scale_free,targeted_degree_attack,60,0.9791666666666666,0.8628550507341606,0.14756767855390884,0.0,0.0,0.0
scale_free,targeted_degree_attack,61,0.9778645833333334,0.8595716256333708,0.15138606225820622,0.0,0.0,0.0
scale_free,targeted_degree_attack,62,0.9778645833333334,0.8571487751453466,0.15420544101351785,0.0,0.0,0.0
scale_free,targeted_degree_attack,63,0.9765625,0.8532206061582256,0.15879046349097334,0.0,0.0,0.0
scale_free,targeted_degree_attack,64,0.9752604166666666,0.849404755900002,0.16325579759057296,0.0,0.0,0.0
scale_free,targeted_degree_attack,65,0.97265625,0.844621726973866,0.16890523534650334,0.0,0.0,0.0
scale_free,targeted_degree_attack,66,0.97265625,0.84247713945661,0.17145130010160123,0.0,0.0,0.0
scale_free,targeted_degree_attack,67,0.97265625,0.8400179000462904,0.17437334156106513,0.0,0.0,0.0
scale_free,targeted_degree_attack,68,0.97265625,0.8373953138944937,0.17749788778694628,0.0,0.0,0.0
scale_free,targeted_degree_attack,69,0.9713541666666666,0.8339120330245948,0.18167121489994423,0.0,0.0,0.0
scale_free,targeted_degree_attack,70,0.96875,0.8292374791174177,0.1873156049210223,0.0,0.0,0.0
scale_free,targeted_degree_attack,71,0.9661458333333334,0.8243240379266257,0.19330328734267196,0.0,0.0,0.0
scale_free,targeted_degree_attack,72,0.96484375,0.8206620181092735,0.19777266592504758,0.0,0.0,0.0
scale_free,targeted_degree_attack,73,0.9635416666666666,0.8168654661579423,0.20240718646076883,0.0,0.0,0.0
scale_free,targeted_degree_attack,74,0.9635416666666666,0.8147679113351037,0.2049828677793564,0.0,0.0,0.0
scale_free,targeted_degree_attack,75,0.9622395833333334,0.8110523887501254,0.2095592961294406,0.0,0.0,0.0
scale_free,targeted_degree_attack,76,0.9622395833333334,0.8083572581243628,0.21288454141805868,0.0,0.0,0.0
scale_free,targeted_degree_attack,77,0.95703125,0.8009812743939716,0.22197365099408897,0.0,0.0,0.0
scale_free,targeted_degree_attack,78,0.95703125,0.7986199446363625,0.22492478340688318,0.0,0.0,0.0
scale_free,targeted_degree_attack,79,0.9557291666666666,0.7947450748959284,0.22978127274370944,0.0,0.0,0.0
scale_free,targeted_degree_attack,80,0.9557291666666666,0.7923332636933932,0.232823298753259,0.0,0.0,0.0
scale_free,targeted_degree_attack,81,0.9544270833333334,0.788466475283455,0.23773213990332084,0.0,0.08333333333333333,0.0
scale_free,targeted_degree_attack,82,0.9544270833333334,0.7855668243135203,0.2414215189754297,0.0,0.25,0.0
scale_free,targeted_degree_attack,83,0.9544270833333334,0.7827243702285789,0.2450468214333467,0.0,0.3333333333333333,0.0
scale_free,targeted_degree_attack,84,0.953125,0.7789162368126182,0.24991115399714103,0.0,0.5,0.0
scale_free,targeted_degree_attack,85,0.9518229166666666,0.7751619635143435,0.25471508892907274,0.0,0.6666666666666666,0.0
scale_free,targeted_degree_attack,86,0.9505208333333334,0.771260193803565,0.2597565737473833,0.0,0.9166666666666666,0.0
scale_free,targeted_degree_attack,87,0.9466145833333334,0.7648166267674985,0.2681553250421968,0.0,1.0,0.0
scale_free,targeted_degree_attack,88,0.9466145833333334,0.7623551604062806,0.2713832203184463,0.0,1.0,0.0
scale_free,targeted_degree_attack,89,0.9453125,0.758642122142919,0.27626802893312646,0.0,1.0,0.0
scale_free,targeted_degree_attack,90,0.9440104166666666,0.7546829888794827,0.28152086551816896,0.0,1.0,0.0
scale_free,targeted_degree_attack,91,0.9427083333333334,0.7506642411371894,0.2868907049490256,0.0,1.0,0.0
scale_free,targeted_degree_attack,92,0.94140625,0.7468175828884346,0.2920533947086502,0.0,1.0,0.0
scale_free,targeted_degree_attack,93,0.94140625,0.7441826527898114,0.2955865410834769,0.0,1.0,0.0
scale_free,targeted_degree_attack,94,0.9401041666666666,0.7400760406170334,0.30113487601079114,0.0,1.0,0.0
scale_free,targeted_degree_attack,95,0.9375,0.7351914046418294,0.30779914092357646,0.0,1.0,0.0
scale_free,targeted_degree_attack,96,0.9375,0.7321537819555218,0.31194303870696133,0.0,1.0,0.0
small_world,random_failure,0,1.0,1.0,0.0,0.0,0.0,0.0
small_world,random_failure,1,1.0,0.9931783989006061,0.006875264306626078,0.0,0.0,0.0
small_world,random_failure,2,1.0,0.988153897406124,0.011953600576807605,0.0,0.0,0.0
small_world,random_failure,3,1.0,0.9848194045781459,0.015331097122999203,0.0,0.0,0.0
small_world,random_failure,4,1.0,0.9782167828817531,0.022136272081742025,0.0,0.0,0.0
small_world,random_failure,5,1.0,0.9712400054089154,0.02929809060530314,0.0,0.0,0.0
small_world,random_failure,6,1.0,0.9662391438836478,0.03449426934837519,0.0,0.0,0.0
small_world,random_failure,7,1.0,0.9641070183249684,0.03670721908171644,0.0,0.0,0.0
small_world,random_failure,8,1.0,0.9596391098111448,0.04136868255906496,0.0,0.0,0.0
small_world,random_failure,9,1.0,0.9572214274126046,0.04390794727497665,0.0,0.0,0.0
small_world,random_failure,10,1.0,0.9502912517207741,0.05126330168557685,0.0,0.0,0.0
small_world,random_failure,11,1.0,0.9470466967675316,0.05474184177486351,0.0,0.0,0.0
small_world,random_failure,12,1.0,0.9412920917279287,0.06080750572783045,0.0,0.0,0.0
small_world,random_failure,13,1.0,0.9380287495633969,0.06428321437609343,0.0,0.0,0.0
small_world,random_failure,14,1.0,0.9326635565194049,0.07003588433839213,0.0,0.0,0.0
small_world,random_failure,15,1.0,0.9278384099615581,0.07521866375409901,0.0,0.0,0.0
small_world,random_failure,16,1.0,0.9243086359954352,0.07908873819354677,0.0,0.0,0.0
small_world,random_failure,17,1.0,0.9202515016187571,0.08355342462714305,0.0,0.0,0.0
small_world,random_failure,18,1.0,0.9150123837916421,0.08918555424996295,0.0,0.0,0.0
small_world,random_failure,19,1.0,0.9119017660766139,0.09257903990724599,0.0,0.0,0.0
small_world,random_failure,20,1.0,0.9045756374957361,0.10069350438969558,0.0,0.0,0.0
small_world,random_failure,21,0.9986979166666666,0.9003496878475789,0.10541094588734064,0.0,0.0,0.0
small_world,random_failure,22,0.9986979166666666,0.8959131730819693,0.11039213469147068,0.0,0.0,0.0
small_world,random_failure,23,0.9986979166666666,0.8868319724898632,0.12064544289574136,0.0,0.0,0.0
small_world,random_failure,24,0.9986979166666666,0.8760978099501942,0.13330243304794068,0.0,0.0,0.0
small_world,random_failure,25,0.9986979166666666,0.8707881126589155,0.13929220848217153,0.0,0.0,0.0
small_world,random_failure,26,0.9986979166666666,0.8664384666778403,0.14428126100383146,0.0,0.0,0.0
small_world,random_failure,27,0.9986979166666666,0.8614478509409064,0.1499944953734529,0.0,0.0,0.0
small_world,random_failure,28,0.9986979166666666,0.8563882984769827,0.15587044703254635,0.0,0.0,0.0
small_world,random_failure,29,0.9986979166666666,0.8498615349079786,0.1635798897984659,0.0,0.08333333333333333,0.0
small_world,random_failure,30,0.9986979166666666,0.8431884096964573,0.17169923662224698,0.0,0.16666666666666666,0.0
small_world,random_failure,31,0.9986979166666666,0.8351541851309475,0.1815310247741363,0.0,0.16666666666666666,0.0
small_world,random_failure,32,0.9986979166666666,0.8310664054864244,0.18641295617703432,0.0,0.16666666666666666,0.0
small_world,random_failure,33,0.9973958333333334,0.8266989118826938,0.19181159690875937,0.0,0.16666666666666666,0.0
small_world,random_failure,34,0.99609375,0.8209126414281419,0.19890482485368147,0.0,0.16666666666666666,0.0
small_world,random_failure,35,0.9947916666666666,0.8154679375996824,0.20556967606335255,0.0,0.25,0.0
small_world,random_failure,36,0.9947916666666666,0.8103431186820914,0.21190397617847964,0.0,0.25,0.0
small_world,random_failure,37,0.9934895833333334,0.8031294356599177,0.2208038275963027,0.0,0.25,0.0
small_world,random_failure,38,0.9908854166666666,0.7961437986192372,0.22972221980180585,0.0,0.25,0.0
small_world,random_failure,39,0.9908854166666666,0.7892907826558289,0.23853587945715657,0.0,0.25,0.0
small_world,random_failure,40,0.9908854166666666,0.7846393372424374,0.24445822611285764,0.0,0.25,0.0
small_world,random_failure,41,0.9908854166666666,0.7779475251332112,0.25300662887818703,0.0,0.25,0.0
small_world,random_failure,42,0.9869791666666666,0.7679212831652027,0.26604167662556844,0.0,0.4166666666666667,0.0
small_world,random_failure,43,0.9869791666666666,0.7583105986704922,0.2792322825929008,0.0,0.5,0.0
small_world,random_failure,44,0.9869791666666666,0.7519863499445113,0.2876599390569549,0.0,0.5833333333333334,0.0
small_world,random_failure,45,0.9856770833333334,0.7460764457531602,0.2955653353476975,0.0,0.6666666666666666,0.0
small_world,random_failure,46,0.9817708333333334,0.7385540266668279,0.30591387229325145,0.0,0.6666666666666666,0.0
small_world,random_failure,47,0.9817708333333334,0.7307709513264303,0.3168116677185628,0.0,0.8333333333333334,0.0
small_world,random_failure,48,0.98046875,0.7200232548197204,0.3318355247802036,0.0,1.0,0.0
small_world,random_failure,49,0.9713541666666666,0.7078792565211596,0.35056063601545334,0.0,1.0,0.0
small_world,random_failure,50,0.9713541666666666,0.6988407389325104,0.3639916615242665,0.0,1.0,0.0
small_world,random_failure,51,0.9596354166666666,0.6849450312778324,0.3845924575568958,0.0,1.0,0.0
small_world,random_failure,52,0.9596354166666666,0.6721954080668348,0.4028452985481173,0.0,1.0,0.0
small_world,random_failure,53,0.95703125,0.6606270287824558,0.420029244788443,0.0,1.0,0.0
small_world,random_failure,54,0.953125,0.652921257984076,0.43241838663271776,0.0,1.0,0.0
small_world,random_failure,55,0.9505208333333334,0.6406502862042437,0.45138779554572955,0.0,1.0,0.0
small_world,random_failure,56,0.9010416666666666,0.6151904496341125,0.49929542350179634,0.08333333333333333,1.0,0.0
small_world,random_failure,57,0.8828125,0.5988747240831899,0.5265261331819034,0.08333333333333333,1.0,0.0
small_world,random_failure,58,0.8776041666666666,0.587018679772679,0.5460111372970461,0.08333333333333333,1.0,0.0
small_world,random_failure,59,0.875,0.5756557835546761,0.5677625149301905,0.08333333333333333,1.0,0.0
small_world,random_failure,60,0.8619791666666666,0.5593347793472159,0.5964770445669481,0.16666666666666666,1.0,0.0
small_world,random_failure,61,0.8606770833333334,0.5467101839375516,0.6186863297262588,0.16666666666666666,1.0,0.0
small_world,random_failure,62,0.828125,0.52448226089255,0.6643407142220673,0.25,1.0,0.0
small_world,random_failure,63,0.80859375,0.5092098078374563,0.6955098486414326,0.3333333333333333,1.0,0.0
small_world,random_failure,64,0.8033854166666666,0.49961587346429487,0.7162039789611329,0.3333333333333333,1.0,0.0
small_world,random_failure,65,0.7942708333333334,0.48344274251714087,0.7510659640748475,0.5,1.0,0.0
small_world,random_failure,66,0.7916666666666666,0.4735914484907358,0.7728670042835041,0.5,1.0,0.0
small_world,random_failure,67,0.7721354166666666,0.4562239389711354,0.8095645664600254,0.5833333333333334,1.0,0.0
small_world,random_failure,68,0.7330729166666666,0.4372055908249542,0.8523413263210777,0.6666666666666666,1.0,0.0
small_world,random_failure,69,0.68359375,0.4092200680282771,0.9201047756694621,0.8333333333333334,1.0,0.0
small_world,random_failure,70,0.6731770833333334,0.39500271516377766,0.9575672769572238,1.0,1.0,0.0
small_world,random_failure,71,0.6666666666666666,0.38915694454557487,0.9756370273485789,1.0833333333333333,1.0,0.0
small_world,random_failure,72,0.6341145833333334,0.3684084673535027,1.0352317393371773,1.3333333333333333,1.0,0.0
small_world,random_failure,73,0.5885416666666666,0.3465462320091586,1.0990292870345553,1.5833333333333333,1.0,0.0
small_world,random_failure,74,0.546875,0.32741146159975404,1.157923151003407,2.0,1.0,0.08333333333333333
small_world,random_failure,75,0.5286458333333334,0.3134193979473466,1.2017151616348092,2.0833333333333335,1.0,0.08333333333333333
small_world,random_failure,76,0.4830729166666667,0.29624781161736996,1.2633455367676414,2.3333333333333335,1.0,0.16666666666666666
small_world,random_failure,77,0.4791666666666667,0.28946465009134664,1.2868461340409911,2.4166666666666665,1.0,0.16666666666666666
small_world,random_failure,78,0.47265625,0.27655312772164864,1.3293508549889472,2.6666666666666665,1.0,0.16666666666666666
small_world,random_failure,79,0.4583333333333333,0.2656152573902821,1.370105549373245,2.9166666666666665,1.0,0.25
small_world,random_failure,80,0.44140625,0.2531646844597871,1.4119763026749252,3.25,1.0,0.25
small_world,random_failure,81,0.4296875,0.24598049440216274,1.4455895309581424,3.5833333333333335,1.0,0.3333333333333333
small_world,random_failure,82,0.4231770833333333,0.23952485276009247,1.47471408309171,3.75,1.0,0.3333333333333333
small_world,random_failure,83,0.41796875,0.23640585458046673,1.4902621345607072,3.9166666666666665,1.0,0.4166666666666667
small_world,random_failure,84,0.4049479166666667,0.22791969895097508,1.52553172456729,4.166666666666667,1.0,0.5
small_world,random_failure,85,0.3997395833333333,0.2205889821539294,1.5588071512799813,4.5,1.0,0.5
small_world,random_failure,86,0.3854166666666667,0.20769212486482747,1.6129137237564903,4.916666666666667,1.0,0.5833333333333334
small_world,random_failure,87,0.37109375,0.19926356681842192,1.6482016709164438,5.25,1.0,0.5833333333333334
small_world,random_failure,88,0.3684895833333333,0.19349174288620208,1.675248403527385,5.333333333333333,1.0,0.5833333333333334
small_world,random_failure,89,0.3372395833333333,0.18081544056079968,1.7408873195987908,5.666666666666667,1.0,0.5833333333333334
small_world,random_failure,90,0.2981770833333333,0.16918546703776402,1.805289088088587,6.416666666666667,1.0,0.6666666666666666
small_world,random_failure,91,0.2786458333333333,0.15997840840318056,1.8642272061380194,7.166666666666667,1.0,0.75
small_world,random_failure,92,0.2552083333333333,0.15015078796179937,1.9259325535137428,7.833333333333333,1.0,0.9166666666666666
small_world,random_failure,93,0.25,0.14508728141517294,1.9626486041479267,8.583333333333334,1.0,0.9166666666666666
small_world,random_failure,94,0.2421875,0.13907882645250322,2.006084586033329,9.166666666666666,1.0,0.9166666666666666
small_world,random_failure,95,0.22265625,0.12970242613129823,2.0698339456321535,9.75,1.0,1.0
small_world,random_failure,96,0.21223958333333334,0.12185072433657945,2.1257069094211043,10.083333333333334,1.0,1.0
small_world,targeted_degree_attack,0,1.0,1.0,0.0,0.0,0.0,0.0
small_world,targeted_degree_attack,1,1.0,0.9914445911370394,0.008617604524314848,0.0,0.0,0.0
small_world,targeted_degree_attack,2,1.0,0.9803875120086464,0.019853931822707442,0.0,0.0,0.0
small_world,targeted_degree_attack,3,1.0,0.9704522266959055,0.03007806827800419,0.0,0.0,0.0
small_world,targeted_degree_attack,4,1.0,0.9623238349547544,0.03850110667290792,0.0,0.0,0.0
small_world,targeted_degree_attack,5,1.0,0.9549741242570634,0.04621953435817838,0.0,0.0,0.0
small_world,targeted_degree_attack,6,0.9986979166666666,0.9467956557960716,0.05484300075291241,0.0,0.0,0.0
small_world,targeted_degree_attack,7,0.9986979166666666,0.9362317674036791,0.06611212899592016,0.0,0.0,0.0
small_world,targeted_degree_attack,8,0.9986979166666666,0.9251321185807676,0.078203958837931,0.0,0.0,0.0
small_world,targeted_degree_attack,9,0.9947916666666666,0.9146103332244202,0.08973339565844846,0.0,0.0,0.0
small_world,targeted_degree_attack,10,0.9921875,0.9040331993916016,0.10129166666700441,0.0,0.0,0.0
small_world,targeted_degree_attack,11,0.9895833333333334,0.8947272702384805,0.11160590297131771,0.0,0.0,0.0
small_world,targeted_degree_attack,12,0.98828125,0.8877954930113944,0.1195634842124708,0.0,0.0,0.0
small_world,targeted_degree_attack,13,0.98828125,0.8811092894925902,0.12703906435023746,0.0,0.0,0.0
small_world,targeted_degree_attack,14,0.9869791666666666,0.8726774800478956,0.13666164454474586,0.0,0.0,0.0
small_world,targeted_degree_attack,15,0.9856770833333334,0.8612694542536993,0.14996495941775345,0.0,0.0,0.0
small_world,targeted_degree_attack,16,0.9856770833333334,0.8506935951964062,0.1624100550864256,0.0,0.0,0.0
small_world,targeted_degree_attack,17,0.9856770833333334,0.8396262156781753,0.17554543566841999,0.0,0.0,0.0
small_world,targeted_degree_attack,18,0.9856770833333334,0.8301069877450735,0.18714933219310212,0.0,0.08333333333333333,0.0
small_world,targeted_degree_attack,19,0.9856770833333334,0.8218208513302497,0.19731847855514584,0.0,0.08333333333333333,0.0
small_world,targeted_degree_attack,20,0.9830729166666666,0.812759132154434,0.20832330088829246,0.0,0.25,0.0
small_world,targeted_degree_attack,21,0.98046875,0.8041811655854869,0.21899292474533108,0.0,0.3333333333333333,0.0
small_world,targeted_degree_attack,22,0.9765625,0.7911789302707244,0.23533892881546611,0.0,0.5,0.0
small_world,targeted_degree_attack,23,0.9765625,0.7843465244387594,0.24447101913084154,0.0,0.5,0.0
small_world,targeted_degree_attack,24,0.9765625,0.7685688942836583,0.2657890295801061,0.0,0.5,0.0
small_world,targeted_degree_attack,25,0.9739583333333334,0.7615636857964337,0.2749010577853063,0.0,0.5,0.0
small_world,targeted_degree_attack,26,0.9713541666666666,0.7501911831565781,0.28995131880561026,0.0,0.6666666666666666,0.0
small_world,targeted_degree_attack,27,0.9700520833333334,0.7410063301458755,0.302129994639564,0.0,0.6666666666666666,0.0
small_world,targeted_degree_attack,28,0.9674479166666666,0.7307073344080511,0.31614361445593825,0.0,0.75,0.0
small_world,targeted_degree_attack,29,0.9674479166666666,0.7250771186176984,0.3239017371064385,0.0,0.9166666666666666,0.0
small_world,targeted_degree_attack,30,0.9674479166666666,0.7148281829968095,0.33827920286919855,0.0,0.9166666666666666,0.0
small_world,targeted_degree_attack,31,0.9557291666666666,0.6976277854312705,0.3627671192915669,0.0,1.0,0.0
small_world,targeted_degree_attack,32,0.953125,0.6839955676148931,0.38345914126408515,0.0,1.0,0.0
small_world,targeted_degree_attack,33,0.9479166666666666,0.6763343378013819,0.39461187393977964,0.0,1.0,0.0
small_world,targeted_degree_attack,34,0.9466145833333334,0.6687259778588727,0.4055824750361687,0.0,1.0,0.0
small_world,targeted_degree_attack,35,0.9427083333333334,0.6591089062683734,0.4197553707898503,0.0,1.0,0.0
small_world,targeted_degree_attack,36,0.94140625,0.6487347595202512,0.43590790550470787,0.0,1.0,0.0
small_world,targeted_degree_attack,37,0.9375,0.6400812871895397,0.4496742732262587,0.0,1.0,0.0
small_world,targeted_degree_attack,38,0.9348958333333334,0.6328251516361724,0.4616699668141219,0.0,1.0,0.0
small_world,targeted_degree_attack,39,0.8997395833333334,0.6070176792546966,0.5050324073983165,0.0,1.0,0.0
small_world,targeted_degree_attack,40,0.8919270833333334,0.5952636752063118,0.5262077791427825,0.08333333333333333,1.0,0.0
small_world,targeted_degree_attack,41,0.890625,0.589205116816911,0.5362435468703519,0.08333333333333333,1.0,0.0
small_world,targeted_degree_attack,42,0.8880208333333334,0.5822796096297346,0.547433049335183,0.08333333333333333,1.0,0.0
small_world,targeted_degree_attack,43,0.8880208333333334,0.5748445092683526,0.5603945122395553,0.08333333333333333,1.0,0.0
small_world,targeted_degree_attack,44,0.8854166666666666,0.5675660872220704,0.5727278658359555,0.08333333333333333,1.0,0.0
small_world,targeted_degree_attack,45,0.8815104166666666,0.5591782420470855,0.5874985927593667,0.08333333333333333,1.0,0.0
small_world,targeted_degree_attack,46,0.8776041666666666,0.5524927077769279,0.5994035573868768,0.08333333333333333,1.0,0.0
small_world,targeted_degree_attack,47,0.8684895833333334,0.5430719497756732,0.6171084946333377,0.08333333333333333,1.0,0.0
small_world,targeted_degree_attack,48,0.85546875,0.5313503304529688,0.6388400659319814,0.08333333333333333,1.0,0.0
small_world,targeted_degree_attack,49,0.8541666666666666,0.5169357832895691,0.6674526539691,0.08333333333333333,1.0,0.0
small_world,targeted_degree_attack,50,0.8502604166666666,0.5070084689778752,0.6856630706267103,0.08333333333333333,1.0,0.0
small_world,targeted_degree_attack,51,0.83984375,0.49557990764867754,0.707718876080642,0.08333333333333333,1.0,0.0
small_world,targeted_degree_attack,52,0.8359375,0.4858664754338338,0.7274422977307614,0.08333333333333333,1.0,0.0
small_world,targeted_degree_attack,53,0.8072916666666666,0.4687054463485481,0.7661975647252568,0.3333333333333333,1.0,0.0
small_world,targeted_degree_attack,54,0.8020833333333334,0.4627943256864477,0.7788447192311131,0.3333333333333333,1.0,0.0
small_world,targeted_degree_attack,55,0.7708333333333334,0.446133685304954,0.8177889293531813,0.4166666666666667,1.0,0.0
small_world,targeted_degree_attack,56,0.7591145833333334,0.4329882130454972,0.8471086550351955,0.4166666666666667,1.0,0.0
small_world,targeted_degree_attack,57,0.7513020833333334,0.42190239057753004,0.8710498431417824,0.4166666666666667,1.0,0.0
small_world,targeted_degree_attack,58,0.734375,0.4054673321892793,0.9101337273836991,0.5833333333333334,1.0,0.0
small_world,targeted_degree_attack,59,0.70703125,0.3939626659088373,0.942811325903896,0.75,1.0,0.0
small_world,targeted_degree_attack,60,0.6770833333333334,0.3794933241671505,0.9817701854128238,0.9166666666666666,1.0,0.0
small_world,targeted_degree_attack,61,0.64453125,0.36444426175628747,1.0248116619511287,1.1666666666666667,1.0,0.0
small_world,targeted_degree_attack,62,0.640625,0.35858486490118113,1.040461507487155,1.1666666666666667,1.0,0.0
small_world,targeted_degree_attack,63,0.6223958333333334,0.3464160641884922,1.07650652293993,1.5,1.0,0.0
small_world,targeted_degree_attack,64,0.6041666666666666,0.33632751907019753,1.106258437962252,1.6666666666666667,1.0,0.0
small_world,targeted_degree_attack,65,0.5794270833333334,0.32259419819749563,1.150833055845021,2.0833333333333335,1.0,0.08333333333333333
small_world,targeted_degree_attack,66,0.5768229166666666,0.32004324206333884,1.1580964628347747,2.0833333333333335,1.0,0.08333333333333333
small_world,targeted_degree_attack,67,0.5677083333333334,0.3108189428185081,1.1861559827881416,2.5833333333333335,1.0,0.16666666666666666
small_world,targeted_degree_attack,68,0.5638020833333334,0.3052376180561574,1.2046212370679266,2.8333333333333335,1.0,0.16666666666666666
small_world,targeted_degree_attack,69,0.52734375,0.2898845900399165,1.25641404636259,3.25,1.0,0.25
small_world,targeted_degree_attack,70,0.5260416666666666,0.28709306745937857,1.2670602781860227,3.3333333333333335,1.0,0.25
small_world,targeted_degree_attack,71,0.5208333333333334,0.28126971758939107,1.2870694147893105,3.9166666666666665,1.0,0.25
small_world,targeted_degree_attack,72,0.5065104166666666,0.27401814743155783,1.3155749672223869,4.083333333333333,1.0,0.4166666666666667
small_world,targeted_degree_attack,73,0.5026041666666666,0.26854311061844666,1.3354469801837672,4.5,1.0,0.5833333333333334
small_world,targeted_degree_attack,74,0.453125,0.25257662236714656,1.3955028235878775,5.0,1.0,0.5833333333333334
small_world,targeted_degree_attack,75,0.44921875,0.24676925637500494,1.417618121248027,5.333333333333333,1.0,0.6666666666666666
small_world,targeted_degree_attack,76,0.4361979166666667,0.23602541072790872,1.4630170808224972,5.75,1.0,0.6666666666666666
small_world,targeted_degree_attack,77,0.4036458333333333,0.22321806850248718,1.5155786263593158,6.5,1.0,0.75
small_world,targeted_degree_attack,78,0.38671875,0.21178336255015565,1.5674591272049412,7.166666666666667,1.0,0.8333333333333334
small_world,targeted_degree_attack,79,0.3828125,0.20628499812335352,1.5928421728698516,8.25,1.0,0.8333333333333334
small_world,targeted_degree_attack,80,0.3658854166666667,0.19893365993644063,1.6296785492932113,8.75,1.0,0.8333333333333334
small_world,targeted_degree_attack,81,0.3645833333333333,0.19640508505147192,1.6428984668689235,8.916666666666666,1.0,0.8333333333333334
small_world,targeted_degree_attack,82,0.359375,0.19150009251547664,1.6693551589420903,9.583333333333334,1.0,0.8333333333333334
small_world,targeted_degree_attack,83,0.3541666666666667,0.18565867885714019,1.6993697561782637,10.0,1.0,0.8333333333333334
small_world,targeted_degree_attack,84,0.3502604166666667,0.1818490980347247,1.7217067405505386,10.416666666666666,1.0,0.8333333333333334
small_world,targeted_degree_attack,85,0.3450520833333333,0.17754000187495436,1.7478866471557881,10.75,1.0,0.8333333333333334
small_world,targeted_degree_attack,86,0.3294270833333333,0.16858742596930767,1.7899474978740246,11.25,1.0,0.9166666666666666
small_world,targeted_degree_attack,87,0.3255208333333333,0.1652143545978324,1.8110547765466574,11.583333333333334,1.0,0.9166666666666666
small_world,targeted_degree_attack,88,0.3151041666666667,0.15893710110096665,1.8477346349016892,12.25,1.0,0.9166666666666666
small_world,targeted_degree_attack,89,0.3020833333333333,0.1522267411396994,1.8928136342600748,12.916666666666666,1.0,1.0
small_world,targeted_degree_attack,90,0.30078125,0.14953294142851245,1.9109351127142145,13.166666666666666,1.0,1.0
small_world,targeted_degree_attack,91,0.2994791666666667,0.14724702982093743,1.9276512489209203,13.833333333333334,1.0,1.0
small_world,targeted_degree_attack,92,0.2864583333333333,0.1421283614058125,1.963526459141961,14.25,1.0,1.0
small_world,targeted_degree_attack,93,0.2747395833333333,0.1358729192340455,2.0098654088615464,15.25,1.0,1.0
small_world,targeted_degree_attack,94,0.2734375,0.13384932994177157,2.024077114467903,15.5,1.0,1.0
small_world,targeted_degree_attack,95,0.2591145833333333,0.12749175005489535,2.071250347569849,16.166666666666668,1.0,1.0
small_world,targeted_degree_attack,96,0.2565104166666667,0.1248159913176441,2.090567729487062,16.583333333333332,1.0,1.0
