row_id,code_id,q_id,split,q,n,k,r,rate,capacity_margin,column_weight,parity_check_density,row_weight_mean,row_weight_variance,row_weight_min,row_weight_max,column_weight_mean,column_weight_variance,column_weight_min,column_weight_max,N_dep_2,N_dep_3,N_dep_4,dependency_subset_tests,dependency_count_status,min_dependency_order,q_power_2,q_power_3,q_power_4,N_dep_2_q2,N_dep_3_q3,N_dep_4_q4,H_dep_4,log1p_H_dep_4
code_n24_k12_cw3_000_q00,code_n24_k12_cw3_000,q00,train,0.18,24,12,12,0.5,0.32000000000000006,3,0.25,6.0,3.3333333333333335,2.0,9.0,3.0,0.0,3.0,3.0,0,0,6,12926,exact,4,0.0324,0.0058319999999999995,0.0010497599999999998,0.0,0.0,0.006298559999999999,0.006298559999999999,0.006278806971330837
code_n24_k12_cw3_000_q01,code_n24_k12_cw3_000,q01,train,0.24,24,12,12,0.5,0.26,3,0.25,6.0,3.3333333333333335,2.0,9.0,3.0,0.0,3.0,3.0,0,0,6,12926,exact,4,0.0576,0.013823999999999998,0.0033177599999999995,0.0,0.0,0.019906559999999997,0.019906559999999997,0.019711015256787718
code_n24_k12_cw3_000_q02,code_n24_k12_cw3_000,q02,train,0.3,24,12,12,0.5,0.19999999999999996,3,0.25,6.0,3.3333333333333335,2.0,9.0,3.0,0.0,3.0,3.0,0,0,6,12926,exact,4,0.09,0.026999999999999996,0.0081,0.0,0.0,0.0486,0.0486,0.04745594115629535
code_n24_k12_cw3_000_q03,code_n24_k12_cw3_000,q03,train,0.36,24,12,12,0.5,0.14,3,0.25,6.0,3.3333333333333335,2.0,9.0,3.0,0.0,3.0,3.0,0,0,6,12926,exact,4,0.1296,0.046655999999999996,0.016796159999999997,0.0,0.0,0.10077695999999998,0.10077695999999998,0.09601625774534364
code_n24_k12_cw3_001_q00,code_n24_k12_cw3_001,q00,train,0.18,24,12,12,0.5,0.32000000000000006,3,0.25,6.0,5.666666666666667,2.0,11.0,3.0,0.0,3.0,3.0,1,22,237,12926,exact,2,0.0324,0.0058319999999999995,0.0010497599999999998,0.0324,0.128304,0.24879311999999995,0.40949711999999994,0.34323298829218457
code_n24_k12_cw3_001_q01,code_n24_k12_cw3_001,q01,train,0.24,24,12,12,0.5,0.26,3,0.25,6.0,5.666666666666667,2.0,11.0,3.0,0.0,3.0,3.0,1,22,237,12926,exact,2,0.0576,0.013823999999999998,0.0033177599999999995,0.0576,0.30412799999999995,0.7863091199999999,1.1480371199999997,0.7645544576891063
code_n24_k12_cw3_001_q02,code_n24_k12_cw3_001,q02,train,0.3,24,12,12,0.5,0.19999999999999996,3,0.25,6.0,5.666666666666667,2.0,11.0,3.0,0.0,3.0,3.0,1,22,237,12926,exact,2,0.09,0.026999999999999996,0.0081,0.09,0.5939999999999999,1.9197,2.6037,1.2819610954378728
code_n24_k12_cw3_001_q03,code_n24_k12_cw3_001,q03,train,0.36,24,12,12,0.5,0.14,3,0.25,6.0,5.666666666666667,2.0,11.0,3.0,0.0,3.0,3.0,1,22,237,12926,exact,2,0.1296,0.046655999999999996,0.016796159999999997,0.1296,1.026432,3.980689919999999,5.136721919999999,1.814290710338624
code_n24_k12_cw3_002_q00,code_n24_k12_cw3_002,q00,test,0.18,24,12,12,0.5,0.32000000000000006,3,0.25,6.0,6.333333333333333,3.0,11.0,3.0,0.0,3.0,3.0,1,22,241,12926,exact,2,0.0324,0.0058319999999999995,0.0010497599999999998,0.0324,0.128304,0.25299215999999997,0.41369616,0.346207664610723
code_n24_k12_cw3_002_q01,code_n24_k12_cw3_002,q01,test,0.24,24,12,12,0.5,0.26,3,0.25,6.0,6.333333333333333,3.0,11.0,3.0,0.0,3.0,3.0,1,22,241,12926,exact,2,0.0576,0.013823999999999998,0.0033177599999999995,0.0576,0.30412799999999995,0.7995801599999999,1.16130816,0.7707136680060912
code_n24_k12_cw3_002_q02,code_n24_k12_cw3_002,q02,test,0.3,24,12,12,0.5,0.19999999999999996,3,0.25,6.0,6.333333333333333,3.0,11.0,3.0,0.0,3.0,3.0,1,22,241,12926,exact,2,0.09,0.026999999999999996,0.0081,0.09,0.5939999999999999,1.9521,2.6361,1.2909116786873136
code_n24_k12_cw3_002_q03,code_n24_k12_cw3_002,q03,test,0.36,24,12,12,0.5,0.14,3,0.25,6.0,6.333333333333333,3.0,11.0,3.0,0.0,3.0,3.0,1,22,241,12926,exact,2,0.1296,0.046655999999999996,0.016796159999999997,0.1296,1.026432,4.0478745599999995,5.203906559999999,1.8251791839500646
code_n24_k12_cw3_003_q00,code_n24_k12_cw3_003,q00,train,0.18,24,12,12,0.5,0.32000000000000006,3,0.25,6.0,4.666666666666667,3.0,9.0,3.0,0.0,3.0,3.0,2,44,466,12926,exact,2,0.0324,0.0058319999999999995,0.0010497599999999998,0.0648,0.256608,0.4891881599999999,0.81059616,0.5936561612130348
code_n24_k12_cw3_003_q01,code_n24_k12_cw3_003,q01,train,0.24,24,12,12,0.5,0.26,3,0.25,6.0,4.666666666666667,3.0,9.0,3.0,0.0,3.0,3.0,2,44,466,12926,exact,2,0.0576,0.013823999999999998,0.0033177599999999995,0.1152,0.6082559999999999,1.5460761599999997,2.26953216,1.1846469043372336
code_n24_k12_cw3_003_q02,code_n24_k12_cw3_003,q02,train,0.3,24,12,12,0.5,0.19999999999999996,3,0.25,6.0,4.666666666666667,3.0,9.0,3.0,0.0,3.0,3.0,2,44,466,12926,exact,2,0.09,0.026999999999999996,0.0081,0.18,1.1879999999999997,3.7746,5.1426,1.8152481052969591
code_n24_k12_cw3_003_q03,code_n24_k12_cw3_003,q03,train,0.36,24,12,12,0.5,0.14,3,0.25,6.0,4.666666666666667,3.0,9.0,3.0,0.0,3.0,3.0,2,44,466,12926,exact,2,0.1296,0.046655999999999996,0.016796159999999997,0.2592,2.052864,7.827010559999999,10.13907456,2.410459157439717
code_n24_k12_cw3_004_q00,code_n24_k12_cw3_004,q00,train,0.18,24,12,12,0.5,0.32000000000000006,3,0.25,6.0,1.8333333333333333,4.0,9.0,3.0,0.0,3.0,3.0,1,22,235,12926,exact,2,0.0324,0.0058319999999999995,0.0010497599999999998,0.0324,0.128304,0.24669359999999996,0.40739759999999997,0.3417423252767245
code_n24_k12_cw3_004_q01,code_n24_k12_cw3_004,q01,train,0.24,24,12,12,0.5,0.26,3,0.25,6.0,1.8333333333333333,4.0,9.0,3.0,0.0,3.0,3.0,1,22,235,12926,exact,2,0.0576,0.013823999999999998,0.0033177599999999995,0.0576,0.30412799999999995,0.7796735999999999,1.1414015999999998,0.7614605679164989
code_n24_k12_cw3_004_q02,code_n24_k12_cw3_004,q02,train,0.3,24,12,12,0.5,0.19999999999999996,3,0.25,6.0,1.8333333333333333,4.0,9.0,3.0,0.0,3.0,3.0,1,22,235,12926,exact,2,0.09,0.026999999999999996,0.0081,0.09,0.5939999999999999,1.9035,2.5875,1.2774555810857395
code_n24_k12_cw3_004_q03,code_n24_k12_cw3_004,q03,train,0.36,24,12,12,0.5,0.14,3,0.25,6.0,1.8333333333333333,4.0,9.0,3.0,0.0,3.0,3.0,1,22,235,12926,exact,2,0.1296,0.046655999999999996,0.016796159999999997,0.1296,1.026432,3.9470975999999993,5.103129599999999,1.8088016887948601
code_n24_k12_cw3_005_q00,code_n24_k12_cw3_005,q00,train,0.18,24,12,12,0.5,0.32000000000000006,3,0.25,6.0,9.5,2.0,12.0,3.0,0.0,3.0,3.0,1,22,240,12926,exact,2,0.0324,0.0058319999999999995,0.0010497599999999998,0.0324,0.128304,0.25194239999999996,0.41264639999999997,0.34546482468528067
code_n24_k12_cw3_005_q01,code_n24_k12_cw3_005,q01,train,0.24,24,12,12,0.5,0.26,3,0.25,6.0,9.5,2.0,12.0,3.0,0.0,3.0,3.0,1,22,240,12926,exact,2,0.0576,0.013823999999999998,0.0033177599999999995,0.0576,0.30412799999999995,0.7962623999999998,1.1579903999999996,0.7691774182625631
code_n24_k12_cw3_005_q02,code_n24_k12_cw3_005,q02,train,0.3,24,12,12,0.5,0.19999999999999996,3,0.25,6.0,9.5,2.0,12.0,3.0,0.0,3.0,3.0,1,22,240,12926,exact,2,0.09,0.026999999999999996,0.0081,0.09,0.5939999999999999,1.944,2.6279999999999997,1.2886815322528902
code_n24_k12_cw3_005_q03,code_n24_k12_cw3_005,q03,train,0.36,24,12,12,0.5,0.14,3,0.25,6.0,9.5,2.0,12.0,3.0,0.0,3.0,3.0,1,22,240,12926,exact,2,0.1296,0.046655999999999996,0.016796159999999997,0.1296,1.026432,4.031078399999999,5.187110399999999,1.8224681602558228
code_n24_k12_cw3_006_q00,code_n24_k12_cw3_006,q00,train,0.18,24,12,12,0.5,0.32000000000000006,3,0.25,6.0,2.3333333333333335,4.0,10.0,3.0,0.0,3.0,3.0,2,44,467,12926,exact,2,0.0324,0.0058319999999999995,0.0010497599999999998,0.0648,0.256608,0.49023791999999994,0.8116459199999999,0.5942357801375598
code_n24_k12_cw3_006_q01,code_n24_k12_cw3_006,q01,train,0.24,24,12,12,0.5,0.26,3,0.25,6.0,2.3333333333333335,4.0,10.0,3.0,0.0,3.0,3.0,2,44,467,12926,exact,2,0.0576,0.013823999999999998,0.0033177599999999995,0.1152,0.6082559999999999,1.5493939199999998,2.2728499199999996,1.1856611405111037
code_n24_k12_cw3_006_q02,code_n24_k12_cw3_006,q02,train,0.3,24,12,12,0.5,0.19999999999999996,3,0.25,6.0,2.3333333333333335,4.0,10.0,3.0,0.0,3.0,3.0,2,44,467,12926,exact,2,0.09,0.026999999999999996,0.0081,0.18,1.1879999999999997,3.7826999999999997,5.1507,1.8165658964795035
code_n24_k12_cw3_006_q03,code_n24_k12_cw3_006,q03,train,0.36,24,12,12,0.5,0.14,3,0.25,6.0,2.3333333333333335,4.0,10.0,3.0,0.0,3.0,3.0,2,44,467,12926,exact,2,0.1296,0.046655999999999996,0.016796159999999997,0.2592,2.052864,7.843806719999999,10.15587072,2.411965881315164
code_n24_k12_cw3_007_q00,code_n24_k12_cw3_007,q00,train,0.18,24,12,12,0.5,0.32000000000000006,3,0.25,6.0,5.666666666666667,3.0,10.0,3.0,0.0,3.0,3.0,2,44,471,12926,exact,2,0.0324,0.0058319999999999995,0.0010497599999999998,0.0648,0.256608,0.4944369599999999,0.81584496,0.5965509020851566
code_n24_k12_cw3_007_q01,code_n24_k12_cw3_007,q01,train,0.24,24,12,12,0.5,0.26,3,0.25,6.0,5.666666666666667,3.0,10.0,3.0,0.0,3.0,3.0,2,44,471,12926,exact,2,0.0576,0.013823999999999998,0.0033177599999999995,0.1152,0.6082559999999999,1.5626649599999998,2.28612096,1.1897078296496906
code_n24_k12_cw3_007_q02,code_n24_k12_cw3_007,q02,train,0.3,24,12,12,0.5,0.19999999999999996,3,0.25,6.0,5.666666666666667,3.0,10.0,3.0,0.0,3.0,3.0,2,44,471,12926,exact,2,0.09,0.026999999999999996,0.0081,0.18,1.1879999999999997,3.8150999999999997,5.1831,1.8218197638242628
code_n24_k12_cw3_007_q03,code_n24_k12_cw3_007,q03,train,0.36,24,12,12,0.5,0.14,3,0.25,6.0,5.666666666666667,3.0,10.0,3.0,0.0,3.0,3.0,2,44,471,12926,exact,2,0.1296,0.046655999999999996,0.016796159999999997,0.2592,2.052864,7.910991359999999,10.223055359999998,2.4179701767493875
code_n24_k12_cw3_008_q00,code_n24_k12_cw3_008,q00,test,0.18,24,12,12,0.5,0.32000000000000006,3,0.25,6.0,3.1666666666666665,3.0,9.0,3.0,0.0,3.0,3.0,1,22,239,12926,exact,2,0.0324,0.0058319999999999995,0.0010497599999999998,0.0324,0.128304,0.25089263999999994,0.41159663999999996,0.344721432538446
code_n24_k12_cw3_008_q01,code_n24_k12_cw3_008,q01,test,0.24,24,12,12,0.5,0.26,3,0.25,6.0,3.1666666666666665,3.0,9.0,3.0,0.0,3.0,3.0,1,22,239,12926,exact,2,0.0576,0.013823999999999998,0.0033177599999999995,0.0576,0.30412799999999995,0.7929446399999999,1.1546726399999998,0.7676388048240694
code_n24_k12_cw3_008_q02,code_n24_k12_cw3_008,q02,test,0.3,24,12,12,0.5,0.19999999999999996,3,0.25,6.0,3.1666666666666665,3.0,9.0,3.0,0.0,3.0,3.0,1,22,239,12926,exact,2,0.09,0.026999999999999996,0.0081,0.09,0.5939999999999999,1.9359,2.6199,1.2864464011467291
code_n24_k12_cw3_008_q03,code_n24_k12_cw3_008,q03,test,0.36,24,12,12,0.5,0.14,3,0.25,6.0,3.1666666666666665,3.0,9.0,3.0,0.0,3.0,3.0,1,22,239,12926,exact,2,0.1296,0.046655999999999996,0.016796159999999997,0.1296,1.026432,4.014282239999999,5.170314239999999,1.8197497669283338
code_n24_k12_cw3_009_q00,code_n24_k12_cw3_009,q00,train,0.18,24,12,12,0.5,0.32000000000000006,3,0.25,6.0,5.833333333333333,3.0,11.0,3.0,0.0,3.0,3.0,5,108,1112,12926,exact,2,0.0324,0.0058319999999999995,0.0010497599999999998,0.16199999999999998,0.629856,1.16733312,1.9591891199999998,1.0849152848599781
code_n24_k12_cw3_009_q01,code_n24_k12_cw3_009,q01,train,0.24,24,12,12,0.5,0.26,3,0.25,6.0,5.833333333333333,3.0,11.0,3.0,0.0,3.0,3.0,5,108,1112,12926,exact,2,0.0576,0.013823999999999998,0.0033177599999999995,0.288,1.4929919999999997,3.6893491199999993,5.470341119999999,1.867228830461468
code_n24_k12_cw3_009_q02,code_n24_k12_cw3_009,q02,train,0.3,24,12,12,0.5,0.19999999999999996,3,0.25,6.0,5.833333333333333,3.0,11.0,3.0,0.0,3.0,3.0,5,108,1112,12926,exact,2,0.09,0.026999999999999996,0.0081,0.44999999999999996,2.9159999999999995,9.0072,12.373199999999999,2.5932527042861926
code_n24_k12_cw3_009_q03,code_n24_k12_cw3_009,q03,train,0.36,24,12,12,0.5,0.14,3,0.25,6.0,5.833333333333333,3.0,11.0,3.0,0.0,3.0,3.0,5,108,1112,12926,exact,2,0.1296,0.046655999999999996,0.016796159999999997,0.6479999999999999,5.038848,18.67732992,24.364177919999996,3.233337860479639
code_n24_k12_cw3_010_q00,code_n24_k12_cw3_010,q00,train,0.18,24,12,12,0.5,0.32000000000000006,3,0.25,6.0,3.5,3.0,9.0,3.0,0.0,3.0,3.0,1,22,239,12926,exact,2,0.0324,0.0058319999999999995,0.0010497599999999998,0.0324,0.128304,0.25089263999999994,0.41159663999999996,0.344721432538446
code_n24_k12_cw3_010_q01,code_n24_k12_cw3_010,q01,train,0.24,24,12,12,0.5,0.26,3,0.25,6.0,3.5,3.0,9.0,3.0,0.0,3.0,3.0,1,22,239,12926,exact,2,0.0576,0.013823999999999998,0.0033177599999999995,0.0576,0.30412799999999995,0.7929446399999999,1.1546726399999998,0.7676388048240694
code_n24_k12_cw3_010_q02,code_n24_k12_cw3_010,q02,train,0.3,24,12,12,0.5,0.19999999999999996,3,0.25,6.0,3.5,3.0,9.0,3.0,0.0,3.0,3.0,1,22,239,12926,exact,2,0.09,0.026999999999999996,0.0081,0.09,0.5939999999999999,1.9359,2.6199,1.2864464011467291
code_n24_k12_cw3_010_q03,code_n24_k12_cw3_010,q03,train,0.36,24,12,12,0.5,0.14,3,0.25,6.0,3.5,3.0,9.0,3.0,0.0,3.0,3.0,1,22,239,12926,exact,2,0.1296,0.046655999999999996,0.016796159999999997,0.1296,1.026432,4.014282239999999,5.170314239999999,1.8197497669283338
code_n24_k12_cw3_011_q00,code_n24_k12_cw3_011,q00,train,0.18,24,12,12,0.5,0.32000000000000006,3,0.25,6.0,4.5,3.0,11.0,3.0,0.0,3.0,3.0,0,0,8,12926,exact,4,0.0324,0.0058319999999999995,0.0010497599999999998,0.0,0.0,0.008398079999999999,0.008398079999999999,0.008363012323468396
code_n24_k12_cw3_011_q01,code_n24_k12_cw3_011,q01,train,0.24,24,12,12,0.5,0.26,3,0.25,6.0,4.5,3.0,11.0,3.0,0.0,3.0,3.0,0,0,8,12926,exact,4,0.0576,0.013823999999999998,0.0033177599999999995,0.0,0.0,0.026542079999999996,0.026542079999999996,0.02619595030443698
code_n24_k12_cw3_011_q02,code_n24_k12_cw3_011,q02,train,0.3,24,12,12,0.5,0.19999999999999996,3,0.25,6.0,4.5,3.0,11.0,3.0,0.0,3.0,3.0,0,0,8,12926,exact,4,0.09,0.026999999999999996,0.0081,0.0,0.0,0.0648,0.0648,0.06278698809876482
code_n24_k12_cw3_011_q03,code_n24_k12_cw3_011,q03,train,0.36,24,12,12,0.5,0.14,3,0.25,6.0,4.5,3.0,11.0,3.0,0.0,3.0,3.0,0,0,8,12926,exact,4,0.1296,0.046655999999999996,0.016796159999999997,0.0,0.0,0.13436927999999998,0.13436927999999998,0.12607679603412303
code_n24_k12_cw3_012_q00,code_n24_k12_cw3_012,q00,test,0.18,24,12,12,0.5,0.32000000000000006,3,0.25,6.0,5.5,2.0,11.0,3.0,0.0,3.0,3.0,3,66,699,12926,exact,2,0.0324,0.0058319999999999995,0.0010497599999999998,0.0972,0.384912,0.7337822399999999,1.21589424,0.7956560421143641
code_n24_k12_cw3_012_q01,code_n24_k12_cw3_012,q01,test,0.24,24,12,12,0.5,0.26,3,0.25,6.0,5.5,2.0,11.0,3.0,0.0,3.0,3.0,3,66,699,12926,exact,2,0.0576,0.013823999999999998,0.0033177599999999995,0.1728,0.9123839999999999,2.3191142399999998,3.4042982399999997,1.4825809368218348
code_n24_k12_cw3_012_q02,code_n24_k12_cw3_012,q02,test,0.3,24,12,12,0.5,0.19999999999999996,3,0.25,6.0,5.5,2.0,11.0,3.0,0.0,3.0,3.0,3,66,699,12926,exact,2,0.09,0.026999999999999996,0.0081,0.27,1.7819999999999998,5.661899999999999,7.713899999999999,2.1649194518433115
code_n24_k12_cw3_012_q03,code_n24_k12_cw3_012,q03,test,0.36,24,12,12,0.5,0.14,3,0.25,6.0,5.5,2.0,11.0,3.0,0.0,3.0,3.0,3,66,699,12926,exact,2,0.1296,0.046655999999999996,0.016796159999999997,0.3888,3.079296,11.740515839999999,15.208611839999998,2.785542696053467
code_n24_k12_cw3_013_q00,code_n24_k12_cw3_013,q00,train,0.18,24,12,12,0.5,0.32000000000000006,3,0.25,6.0,5.5,2.0,10.0,3.0,0.0,3.0,3.0,3,66,696,12926,exact,2,0.0324,0.0058319999999999995,0.0010497599999999998,0.0972,0.384912,0.7306329599999999,1.2127449599999998,0.7942338081555217
code_n24_k12_cw3_013_q01,code_n24_k12_cw3_013,q01,train,0.24,24,12,12,0.5,0.26,3,0.25,6.0,5.5,2.0,10.0,3.0,0.0,3.0,3.0,3,66,696,12926,exact,2,0.0576,0.013823999999999998,0.0033177599999999995,0.1728,0.9123839999999999,2.30916096,3.3943449599999997,1.480318477935976
code_n24_k12_cw3_013_q02,code_n24_k12_cw3_013,q02,train,0.3,24,12,12,0.5,0.19999999999999996,3,0.25,6.0,5.5,2.0,10.0,3.0,0.0,3.0,3.0,3,66,696,12926,exact,2,0.09,0.026999999999999996,0.0081,0.27,1.7819999999999998,5.6376,7.6895999999999995,2.162126908298444
code_n24_k12_cw3_013_q03,code_n24_k12_cw3_013,q03,train,0.36,24,12,12,0.5,0.14,3,0.25,6.0,5.5,2.0,10.0,3.0,0.0,3.0,3.0,3,66,696,12926,exact,2,0.1296,0.046655999999999996,0.016796159999999997,0.3888,3.079296,11.690127359999998,15.158223359999997,2.7824291064549795
code_n24_k12_cw3_014_q00,code_n24_k12_cw3_014,q00,test,0.18,24,12,12,0.5,0.32000000000000006,3,0.25,6.0,6.0,2.0,9.0,3.0,0.0,3.0,3.0,5,108,1118,12926,exact,2,0.0324,0.0058319999999999995,0.0010497599999999998,0.16199999999999998,0.629856,1.1736316799999997,1.9654876799999996,1.087041497845256
code_n24_k12_cw3_014_q01,code_n24_k12_cw3_014,q01,test,0.24,24,12,12,0.5,0.26,3,0.25,6.0,6.0,2.0,9.0,3.0,0.0,3.0,3.0,5,108,1118,12926,exact,2,0.0576,0.013823999999999998,0.0033177599999999995,0.288,1.4929919999999997,3.7092556799999996,5.4902476799999995,1.8703006933159945
code_n24_k12_cw3_014_q02,code_n24_k12_cw3_014,q02,test,0.3,24,12,12,0.5,0.19999999999999996,3,0.25,6.0,6.0,2.0,9.0,3.0,0.0,3.0,3.0,5,108,1118,12926,exact,2,0.09,0.026999999999999996,0.0081,0.44999999999999996,2.9159999999999995,9.0558,12.4218,2.5968802507160724
code_n24_k12_cw3_014_q03,code_n24_k12_cw3_014,q03,test,0.36,24,12,12,0.5,0.14,3,0.25,6.0,6.0,2.0,9.0,3.0,0.0,3.0,3.0,5,108,1118,12926,exact,2,0.1296,0.046655999999999996,0.016796159999999997,0.6479999999999999,5.038848,18.778106879999996,24.464954879999993,3.237303188491291
code_n24_k12_cw3_015_q00,code_n24_k12_cw3_015,q00,validation,0.18,24,12,12,0.5,0.32000000000000006,3,0.25,6.0,4.666666666666667,3.0,9.0,3.0,0.0,3.0,3.0,1,22,234,12926,exact,2,0.0324,0.0058319999999999995,0.0010497599999999998,0.0324,0.128304,0.24564383999999997,0.40634784,0.34099615966146857
code_n24_k12_cw3_015_q01,code_n24_k12_cw3_015,q01,validation,0.24,24,12,12,0.5,0.26,3,0.25,6.0,4.666666666666667,3.0,9.0,3.0,0.0,3.0,3.0,1,22,234,12926,exact,2,0.0576,0.013823999999999998,0.0033177599999999995,0.0576,0.30412799999999995,0.7763558399999999,1.1380838399999997,0.7599100260528922
code_n24_k12_cw3_015_q02,code_n24_k12_cw3_015,q02,validation,0.3,24,12,12,0.5,0.19999999999999996,3,0.25,6.0,4.666666666666667,3.0,9.0,3.0,0.0,3.0,3.0,1,22,234,12926,exact,2,0.09,0.026999999999999996,0.0081,0.09,0.5939999999999999,1.8954,2.5793999999999997,1.2751951886011708
code_n24_k12_cw3_015_q03,code_n24_k12_cw3_015,q03,validation,0.36,24,12,12,0.5,0.14,3,0.25,6.0,4.666666666666667,3.0,9.0,3.0,0.0,3.0,3.0,1,22,234,12926,exact,2,0.1296,0.046655999999999996,0.016796159999999997,0.1296,1.026432,3.9303014399999996,5.08633344,1.8060458380120898
code_n24_k12_cw3_016_q00,code_n24_k12_cw3_016,q00,train,0.18,24,12,12,0.5,0.32000000000000006,3,0.25,6.0,5.166666666666667,3.0,10.0,3.0,0.0,3.0,3.0,2,44,471,12926,exact,2,0.0324,0.0058319999999999995,0.0010497599999999998,0.0648,0.256608,0.4944369599999999,0.81584496,0.5965509020851566
code_n24_k12_cw3_016_q01,code_n24_k12_cw3_016,q01,train,0.24,24,12,12,0.5,0.26,3,0.25,6.0,5.166666666666667,3.0,10.0,3.0,0.0,3.0,3.0,2,44,471,12926,exact,2,0.0576,0.013823999999999998,0.0033177599999999995,0.1152,0.6082559999999999,1.5626649599999998,2.28612096,1.1897078296496906
code_n24_k12_cw3_016_q02,code_n24_k12_cw3_016,q02,train,0.3,24,12,12,0.5,0.19999999999999996,3,0.25,6.0,5.166666666666667,3.0,10.0,3.0,0.0,3.0,3.0,2,44,471,12926,exact,2,0.09,0.026999999999999996,0.0081,0.18,1.1879999999999997,3.8150999999999997,5.1831,1.8218197638242628
code_n24_k12_cw3_016_q03,code_n24_k12_cw3_016,q03,train,0.36,24,12,12,0.5,0.14,3,0.25,6.0,5.166666666666667,3.0,10.0,3.0,0.0,3.0,3.0,2,44,471,12926,exact,2,0.1296,0.046655999999999996,0.016796159999999997,0.2592,2.052864,7.910991359999999,10.223055359999998,2.4179701767493875
code_n24_k12_cw3_017_q00,code_n24_k12_cw3_017,q00,train,0.18,24,12,12,0.5,0.32000000000000006,3,0.25,6.0,4.5,2.0,9.0,3.0,0.0,3.0,3.0,1,22,237,12926,exact,2,0.0324,0.0058319999999999995,0.0010497599999999998,0.0324,0.128304,0.24879311999999995,0.40949711999999994,0.34323298829218457
code_n24_k12_cw3_017_q01,code_n24_k12_cw3_017,q01,train,0.24,24,12,12,0.5,0.26,3,0.25,6.0,4.5,2.0,9.0,3.0,0.0,3.0,3.0,1,22,237,12926,exact,2,0.0576,0.013823999999999998,0.0033177599999999995,0.0576,0.30412799999999995,0.7863091199999999,1.1480371199999997,0.7645544576891063
code_n24_k12_cw3_017_q02,code_n24_k12_cw3_017,q02,train,0.3,24,12,12,0.5,0.19999999999999996,3,0.25,6.0,4.5,2.0,9.0,3.0,0.0,3.0,3.0,1,22,237,12926,exact,2,0.09,0.026999999999999996,0.0081,0.09,0.5939999999999999,1.9197,2.6037,1.2819610954378728
code_n24_k12_cw3_017_q03,code_n24_k12_cw3_017,q03,train,0.36,24,12,12,0.5,0.14,3,0.25,6.0,4.5,2.0,9.0,3.0,0.0,3.0,3.0,1,22,237,12926,exact,2,0.1296,0.046655999999999996,0.016796159999999997,0.1296,1.026432,3.980689919999999,5.136721919999999,1.814290710338624
code_n24_k12_cw3_018_q00,code_n24_k12_cw3_018,q00,train,0.18,24,12,12,0.5,0.32000000000000006,3,0.25,6.0,3.8333333333333335,3.0,10.0,3.0,0.0,3.0,3.0,0,0,5,12926,exact,4,0.0324,0.0058319999999999995,0.0010497599999999998,0.0,0.0,0.0052488,0.0052488,0.005235073061631587
code_n24_k12_cw3_018_q01,code_n24_k12_cw3_018,q01,train,0.24,24,12,12,0.5,0.26,3,0.25,6.0,3.8333333333333335,3.0,10.0,3.0,0.0,3.0,3.0,0,0,5,12926,exact,4,0.0576,0.013823999999999998,0.0033177599999999995,0.0,0.0,0.016588799999999997,0.016588799999999997,0.01645270885409976
code_n24_k12_cw3_018_q02,code_n24_k12_cw3_018,q02,train,0.3,24,12,12,0.5,0.19999999999999996,3,0.25,6.0,3.8333333333333335,3.0,10.0,3.0,0.0,3.0,3.0,0,0,5,12926,exact,4,0.09,0.026999999999999996,0.0081,0.0,0.0,0.040499999999999994,0.040499999999999994,0.03970136685155206
code_n24_k12_cw3_018_q03,code_n24_k12_cw3_018,q03,train,0.36,24,12,12,0.5,0.14,3,0.25,6.0,3.8333333333333335,3.0,10.0,3.0,0.0,3.0,3.0,0,0,5,12926,exact,4,0.1296,0.046655999999999996,0.016796159999999997,0.0,0.0,0.0839808,0.0839808,0.08064019068347023
code_n24_k12_cw3_019_q00,code_n24_k12_cw3_019,q00,train,0.18,24,12,12,0.5,0.32000000000000006,3,0.25,6.0,2.0,4.0,8.0,3.0,0.0,3.0,3.0,0,0,5,12926,exact,4,0.0324,0.0058319999999999995,0.0010497599999999998,0.0,0.0,0.0052488,0.0052488,0.005235073061631587
code_n24_k12_cw3_019_q01,code_n24_k12_cw3_019,q01,train,0.24,24,12,12,0.5,0.26,3,0.25,6.0,2.0,4.0,8.0,3.0,0.0,3.0,3.0,0,0,5,12926,exact,4,0.0576,0.013823999999999998,0.0033177599999999995,0.0,0.0,0.016588799999999997,0.016588799999999997,0.01645270885409976
code_n24_k12_cw3_019_q02,code_n24_k12_cw3_019,q02,train,0.3,24,12,12,0.5,0.19999999999999996,3,0.25,6.0,2.0,4.0,8.0,3.0,0.0,3.0,3.0,0,0,5,12926,exact,4,0.09,0.026999999999999996,0.0081,0.0,0.0,0.040499999999999994,0.040499999999999994,0.03970136685155206
code_n24_k12_cw3_019_q03,code_n24_k12_cw3_019,q03,train,0.36,24,12,12,0.5,0.14,3,0.25,6.0,2.0,4.0,8.0,3.0,0.0,3.0,3.0,0,0,5,12926,exact,4,0.1296,0.046655999999999996,0.016796159999999997,0.0,0.0,0.0839808,0.0839808,0.08064019068347023
code_n24_k12_cw3_020_q00,code_n24_k12_cw3_020,q00,train,0.18,24,12,12,0.5,0.32000000000000006,3,0.25,6.0,5.5,2.0,11.0,3.0,0.0,3.0,3.0,1,22,239,12926,exact,2,0.0324,0.0058319999999999995,0.0010497599999999998,0.0324,0.128304,0.25089263999999994,0.41159663999999996,0.344721432538446
code_n24_k12_cw3_020_q01,code_n24_k12_cw3_020,q01,train,0.24,24,12,12,0.5,0.26,3,0.25,6.0,5.5,2.0,11.0,3.0,0.0,3.0,3.0,1,22,239,12926,exact,2,0.0576,0.013823999999999998,0.0033177599999999995,0.0576,0.30412799999999995,0.7929446399999999,1.1546726399999998,0.7676388048240694
code_n24_k12_cw3_020_q02,code_n24_k12_cw3_020,q02,train,0.3,24,12,12,0.5,0.19999999999999996,3,0.25,6.0,5.5,2.0,11.0,3.0,0.0,3.0,3.0,1,22,239,12926,exact,2,0.09,0.026999999999999996,0.0081,0.09,0.5939999999999999,1.9359,2.6199,1.2864464011467291
code_n24_k12_cw3_020_q03,code_n24_k12_cw3_020,q03,train,0.36,24,12,12,0.5,0.14,3,0.25,6.0,5.5,2.0,11.0,3.0,0.0,3.0,3.0,1,22,239,12926,exact,2,0.1296,0.046655999999999996,0.016796159999999997,0.1296,1.026432,4.014282239999999,5.170314239999999,1.8197497669283338
code_n24_k12_cw3_021_q00,code_n24_k12_cw3_021,q00,train,0.18,24,12,12,0.5,0.32000000000000006,3,0.25,6.0,5.166666666666667,2.0,12.0,3.0,0.0,3.0,3.0,1,22,238,12926,exact,2,0.0324,0.0058319999999999995,0.0010497599999999998,0.0324,0.128304,0.24984287999999996,0.41054687999999995,0.343977487348574
code_n24_k12_cw3_021_q01,code_n24_k12_cw3_021,q01,train,0.24,24,12,12,0.5,0.26,3,0.25,6.0,5.166666666666667,2.0,12.0,3.0,0.0,3.0,3.0,1,22,238,12926,exact,2,0.0576,0.013823999999999998,0.0033177599999999995,0.0576,0.30412799999999995,0.7896268799999999,1.15135488,0.7660978204057728
code_n24_k12_cw3_021_q02,code_n24_k12_cw3_021,q02,train,0.3,24,12,12,0.5,0.19999999999999996,3,0.25,6.0,5.166666666666667,2.0,12.0,3.0,0.0,3.0,3.0,1,22,238,12926,exact,2,0.09,0.026999999999999996,0.0081,0.09,0.5939999999999999,1.9278,2.6117999999999997,1.2842062630361057
code_n24_k12_cw3_021_q03,code_n24_k12_cw3_021,q03,train,0.36,24,12,12,0.5,0.14,3,0.25,6.0,5.166666666666667,2.0,12.0,3.0,0.0,3.0,3.0,1,22,238,12926,exact,2,0.1296,0.046655999999999996,0.016796159999999997,0.1296,1.026432,3.9974860799999994,5.15351808,1.8170239637912096
code_n24_k12_cw3_022_q00,code_n24_k12_cw3_022,q00,test,0.18,24,12,12,0.5,0.32000000000000006,3,0.25,6.0,4.0,3.0,10.0,3.0,0.0,3.0,3.0,2,44,471,12926,exact,2,0.0324,0.0058319999999999995,0.0010497599999999998,0.0648,0.256608,0.4944369599999999,0.81584496,0.5965509020851566
code_n24_k12_cw3_022_q01,code_n24_k12_cw3_022,q01,test,0.24,24,12,12,0.5,0.26,3,0.25,6.0,4.0,3.0,10.0,3.0,0.0,3.0,3.0,2,44,471,12926,exact,2,0.0576,0.013823999999999998,0.0033177599999999995,0.1152,0.6082559999999999,1.5626649599999998,2.28612096,1.1897078296496906
code_n24_k12_cw3_022_q02,code_n24_k12_cw3_022,q02,test,0.3,24,12,12,0.5,0.19999999999999996,3,0.25,6.0,4.0,3.0,10.0,3.0,0.0,3.0,3.0,2,44,471,12926,exact,2,0.09,0.026999999999999996,0.0081,0.18,1.1879999999999997,3.8150999999999997,5.1831,1.8218197638242628
code_n24_k12_cw3_022_q03,code_n24_k12_cw3_022,q03,test,0.36,24,12,12,0.5,0.14,3,0.25,6.0,4.0,3.0,10.0,3.0,0.0,3.0,3.0,2,44,471,12926,exact,2,0.1296,0.046655999999999996,0.016796159999999997,0.2592,2.052864,7.910991359999999,10.223055359999998,2.4179701767493875
code_n24_k12_cw3_023_q00,code_n24_k12_cw3_023,q00,validation,0.18,24,12,12,0.5,0.32000000000000006,3,0.25,6.0,2.8333333333333335,3.0,9.0,3.0,0.0,3.0,3.0,1,22,235,12926,exact,2,0.0324,0.0058319999999999995,0.0010497599999999998,0.0324,0.128304,0.24669359999999996,0.40739759999999997,0.3417423252767245
code_n24_k12_cw3_023_q01,code_n24_k12_cw3_023,q01,validation,0.24,24,12,12,0.5,0.26,3,0.25,6.0,2.8333333333333335,3.0,9.0,3.0,0.0,3.0,3.0,1,22,235,12926,exact,2,0.0576,0.013823999999999998,0.0033177599999999995,0.0576,0.30412799999999995,0.7796735999999999,1.1414015999999998,0.7614605679164989
code_n24_k12_cw3_023_q02,code_n24_k12_cw3_023,q02,validation,0.3,24,12,12,0.5,0.19999999999999996,3,0.25,6.0,2.8333333333333335,3.0,9.0,3.0,0.0,3.0,3.0,1,22,235,12926,exact,2,0.09,0.026999999999999996,0.0081,0.09,0.5939999999999999,1.9035,2.5875,1.2774555810857395
code_n24_k12_cw3_023_q03,code_n24_k12_cw3_023,q03,validation,0.36,24,12,12,0.5,0.14,3,0.25,6.0,2.8333333333333335,3.0,9.0,3.0,0.0,3.0,3.0,1,22,235,12926,exact,2,0.1296,0.046655999999999996,0.016796159999999997,0.1296,1.026432,3.9470975999999993,5.103129599999999,1.8088016887948601
code_n24_k12_cw3_024_q00,code_n24_k12_cw3_024,q00,validation,0.18,24,12,12,0.5,0.32000000000000006,3,0.25,6.0,5.5,1.0,10.0,3.0,0.0,3.0,3.0,4,88,932,12926,exact,2,0.0324,0.0058319999999999995,0.0010497599999999998,0.1296,0.513216,0.9783763199999999,1.62119232,0.963629298223167
code_n24_k12_cw3_024_q01,code_n24_k12_cw3_024,q01,validation,0.24,24,12,12,0.5,0.26,3,0.25,6.0,5.5,1.0,10.0,3.0,0.0,3.0,3.0,4,88,932,12926,exact,2,0.0576,0.013823999999999998,0.0033177599999999995,0.2304,1.2165119999999998,3.0921523199999994,4.53906432,1.7118255911879148
code_n24_k12_cw3_024_q02,code_n24_k12_cw3_024,q02,validation,0.3,24,12,12,0.5,0.19999999999999996,3,0.25,6.0,5.5,1.0,10.0,3.0,0.0,3.0,3.0,4,88,932,12926,exact,2,0.09,0.026999999999999996,0.0081,0.36,2.3759999999999994,7.5492,10.2852,2.4234921327531285
code_n24_k12_cw3_024_q03,code_n24_k12_cw3_024,q03,validation,0.36,24,12,12,0.5,0.14,3,0.25,6.0,5.5,1.0,10.0,3.0,0.0,3.0,3.0,4,88,932,12926,exact,2,0.1296,0.046655999999999996,0.016796159999999997,0.5184,4.105728,15.654021119999998,20.27814912,3.0576806832470775
code_n24_k12_cw3_025_q00,code_n24_k12_cw3_025,q00,train,0.18,24,12,12,0.5,0.32000000000000006,3,0.25,6.0,7.0,1.0,10.0,3.0,0.0,3.0,3.0,1,22,244,12926,exact,2,0.0324,0.0058319999999999995,0.0010497599999999998,0.0324,0.128304,0.25614143999999994,0.41684543999999996,0.3484328792477328
code_n24_k12_cw3_025_q01,code_n24_k12_cw3_025,q01,train,0.24,24,12,12,0.5,0.26,3,0.25,6.0,7.0,1.0,10.0,3.0,0.0,3.0,3.0,1,22,244,12926,exact,2,0.0576,0.013823999999999998,0.0033177599999999995,0.0576,0.30412799999999995,0.8095334399999998,1.1712614399999999,0.7753083074136438
code_n24_k12_cw3_025_q02,code_n24_k12_cw3_025,q02,train,0.3,24,12,12,0.5,0.19999999999999996,3,0.25,6.0,7.0,1.0,10.0,3.0,0.0,3.0,3.0,1,22,244,12926,exact,2,0.09,0.026999999999999996,0.0081,0.09,0.5939999999999999,1.9764,2.6603999999999997,1.297572431059086
code_n24_k12_cw3_025_q03,code_n24_k12_cw3_025,q03,train,0.36,24,12,12,0.5,0.14,3,0.25,6.0,7.0,1.0,10.0,3.0,0.0,3.0,3.0,1,22,244,12926,exact,2,0.1296,0.046655999999999996,0.016796159999999997,0.1296,1.026432,4.098263039999999,5.254295039999999,1.8332684341301144
code_n24_k12_cw3_026_q00,code_n24_k12_cw3_026,q00,validation,0.18,24,12,12,0.5,0.32000000000000006,3,0.25,6.0,2.0,4.0,9.0,3.0,0.0,3.0,3.0,0,0,6,12926,exact,4,0.0324,0.0058319999999999995,0.0010497599999999998,0.0,0.0,0.006298559999999999,0.006298559999999999,0.006278806971330837
code_n24_k12_cw3_026_q01,code_n24_k12_cw3_026,q01,validation,0.24,24,12,12,0.5,0.26,3,0.25,6.0,2.0,4.0,9.0,3.0,0.0,3.0,3.0,0,0,6,12926,exact,4,0.0576,0.013823999999999998,0.0033177599999999995,0.0,0.0,0.019906559999999997,0.019906559999999997,0.019711015256787718
code_n24_k12_cw3_026_q02,code_n24_k12_cw3_026,q02,validation,0.3,24,12,12,0.5,0.19999999999999996,3,0.25,6.0,2.0,4.0,9.0,3.0,0.0,3.0,3.0,0,0,6,12926,exact,4,0.09,0.026999999999999996,0.0081,0.0,0.0,0.0486,0.0486,0.04745594115629535
code_n24_k12_cw3_026_q03,code_n24_k12_cw3_026,q03,validation,0.36,24,12,12,0.5,0.14,3,0.25,6.0,2.0,4.0,9.0,3.0,0.0,3.0,3.0,0,0,6,12926,exact,4,0.1296,0.046655999999999996,0.016796159999999997,0.0,0.0,0.10077695999999998,0.10077695999999998,0.09601625774534364
code_n24_k12_cw3_027_q00,code_n24_k12_cw3_027,q00,validation,0.18,24,12,12,0.5,0.32000000000000006,3,0.25,6.0,5.5,3.0,12.0,3.0,0.0,3.0,3.0,1,22,246,12926,exact,2,0.0324,0.0058319999999999995,0.0010497599999999998,0.0324,0.128304,0.25824095999999996,0.41894496,0.34991360954684847
code_n24_k12_cw3_027_q01,code_n24_k12_cw3_027,q01,validation,0.24,24,12,12,0.5,0.26,3,0.25,6.0,5.5,3.0,12.0,3.0,0.0,3.0,3.0,1,22,246,12926,exact,2,0.0576,0.013823999999999998,0.0033177599999999995,0.0576,0.30412799999999995,0.8161689599999998,1.1778969599999998,0.7783597139334224
code_n24_k12_cw3_027_q02,code_n24_k12_cw3_027,q02,validation,0.3,24,12,12,0.5,0.19999999999999996,3,0.25,6.0,5.5,3.0,12.0,3.0,0.0,3.0,3.0,1,22,246,12926,exact,2,0.09,0.026999999999999996,0.0081,0.09,0.5939999999999999,1.9926,2.6765999999999996,1.301988412066634
code_n24_k12_cw3_027_q03,code_n24_k12_cw3_027,q03,validation,0.36,24,12,12,0.5,0.14,3,0.25,6.0,5.5,3.0,12.0,3.0,0.0,3.0,3.0,1,22,246,12926,exact,2,0.1296,0.046655999999999996,0.016796159999999997,0.1296,1.026432,4.131855359999999,5.287887359999999,1.8386251414804518
code_n24_k12_cw3_028_q00,code_n24_k12_cw3_028,q00,test,0.18,24,12,12,0.5,0.32000000000000006,3,0.25,6.0,3.5,4.0,9.0,3.0,0.0,3.0,3.0,1,22,236,12926,exact,2,0.0324,0.0058319999999999995,0.0010497599999999998,0.0324,0.128304,0.24774335999999997,0.40844736,0.34248793454395704
code_n24_k12_cw3_028_q01,code_n24_k12_cw3_028,q01,test,0.24,24,12,12,0.5,0.26,3,0.25,6.0,3.5,4.0,9.0,3.0,0.0,3.0,3.0,1,22,236,12926,exact,2,0.0576,0.013823999999999998,0.0033177599999999995,0.0576,0.30412799999999995,0.7829913599999999,1.1447193599999999,0.7630087093215661
code_n24_k12_cw3_028_q02,code_n24_k12_cw3_028,q02,test,0.3,24,12,12,0.5,0.19999999999999996,3,0.25,6.0,3.5,4.0,9.0,3.0,0.0,3.0,3.0,1,22,236,12926,exact,2,0.09,0.026999999999999996,0.0081,0.09,0.5939999999999999,1.9116,2.5955999999999997,1.2797108757171072
code_n24_k12_cw3_028_q03,code_n24_k12_cw3_028,q03,test,0.36,24,12,12,0.5,0.14,3,0.25,6.0,3.5,4.0,9.0,3.0,0.0,3.0,3.0,1,22,236,12926,exact,2,0.1296,0.046655999999999996,0.016796159999999997,0.1296,1.026432,3.9638937599999995,5.119925759999999,1.8115499657317025
code_n24_k12_cw3_029_q00,code_n24_k12_cw3_029,q00,validation,0.18,24,12,12,0.5,0.32000000000000006,3,0.25,6.0,3.6666666666666665,3.0,9.0,3.0,0.0,3.0,3.0,0,0,11,12926,exact,4,0.0324,0.0058319999999999995,0.0010497599999999998,0.0,0.0,0.011547359999999998,0.011547359999999998,0.011481198081718715
code_n24_k12_cw3_029_q01,code_n24_k12_cw3_029,q01,validation,0.24,24,12,12,0.5,0.26,3,0.25,6.0,3.6666666666666665,3.0,9.0,3.0,0.0,3.0,3.0,0,0,11,12926,exact,4,0.0576,0.013823999999999998,0.0033177599999999995,0.0,0.0,0.03649535999999999,0.03649535999999999,0.03584517627972158
code_n24_k12_cw3_029_q02,code_n24_k12_cw3_029,q02,validation,0.3,24,12,12,0.5,0.19999999999999996,3,0.25,6.0,3.6666666666666665,3.0,9.0,3.0,0.0,3.0,3.0,0,0,11,12926,exact,4,0.09,0.026999999999999996,0.0081,0.0,0.0,0.0891,0.0891,0.0853516670995037
code_n24_k12_cw3_029_q03,code_n24_k12_cw3_029,q03,validation,0.36,24,12,12,0.5,0.14,3,0.25,6.0,3.6666666666666665,3.0,9.0,3.0,0.0,3.0,3.0,0,0,11,12926,exact,4,0.1296,0.046655999999999996,0.016796159999999997,0.0,0.0,0.18475775999999997,0.18475775999999997,0.1695383317491533
code_n24_k12_cw3_030_q00,code_n24_k12_cw3_030,q00,train,0.18,24,12,12,0.5,0.32000000000000006,3,0.25,6.0,5.0,4.0,12.0,3.0,0.0,3.0,3.0,1,22,235,12926,exact,2,0.0324,0.0058319999999999995,0.0010497599999999998,0.0324,0.128304,0.24669359999999996,0.40739759999999997,0.3417423252767245
code_n24_k12_cw3_030_q01,code_n24_k12_cw3_030,q01,train,0.24,24,12,12,0.5,0.26,3,0.25,6.0,5.0,4.0,12.0,3.0,0.0,3.0,3.0,1,22,235,12926,exact,2,0.0576,0.013823999999999998,0.0033177599999999995,0.0576,0.30412799999999995,0.7796735999999999,1.1414015999999998,0.7614605679164989
code_n24_k12_cw3_030_q02,code_n24_k12_cw3_030,q02,train,0.3,24,12,12,0.5,0.19999999999999996,3,0.25,6.0,5.0,4.0,12.0,3.0,0.0,3.0,3.0,1,22,235,12926,exact,2,0.09,0.026999999999999996,0.0081,0.09,0.5939999999999999,1.9035,2.5875,1.2774555810857395
code_n24_k12_cw3_030_q03,code_n24_k12_cw3_030,q03,train,0.36,24,12,12,0.5,0.14,3,0.25,6.0,5.0,4.0,12.0,3.0,0.0,3.0,3.0,1,22,235,12926,exact,2,0.1296,0.046655999999999996,0.016796159999999997,0.1296,1.026432,3.9470975999999993,5.103129599999999,1.8088016887948601
code_n24_k12_cw3_031_q00,code_n24_k12_cw3_031,q00,test,0.18,24,12,12,0.5,0.32000000000000006,3,0.25,6.0,3.6666666666666665,3.0,9.0,3.0,0.0,3.0,3.0,0,0,8,12926,exact,4,0.0324,0.0058319999999999995,0.0010497599999999998,0.0,0.0,0.008398079999999999,0.008398079999999999,0.008363012323468396
code_n24_k12_cw3_031_q01,code_n24_k12_cw3_031,q01,test,0.24,24,12,12,0.5,0.26,3,0.25,6.0,3.6666666666666665,3.0,9.0,3.0,0.0,3.0,3.0,0,0,8,12926,exact,4,0.0576,0.013823999999999998,0.0033177599999999995,0.0,0.0,0.026542079999999996,0.026542079999999996,0.02619595030443698
code_n24_k12_cw3_031_q02,code_n24_k12_cw3_031,q02,test,0.3,24,12,12,0.5,0.19999999999999996,3,0.25,6.0,3.6666666666666665,3.0,9.0,3.0,0.0,3.0,3.0,0,0,8,12926,exact,4,0.09,0.026999999999999996,0.0081,0.0,0.0,0.0648,0.0648,0.06278698809876482
code_n24_k12_cw3_031_q03,code_n24_k12_cw3_031,q03,test,0.36,24,12,12,0.5,0.14,3,0.25,6.0,3.6666666666666665,3.0,9.0,3.0,0.0,3.0,3.0,0,0,8,12926,exact,4,0.1296,0.046655999999999996,0.016796159999999997,0.0,0.0,0.13436927999999998,0.13436927999999998,0.12607679603412303
code_n24_k12_cw3_032_q00,code_n24_k12_cw3_032,q00,train,0.18,24,12,12,0.5,0.32000000000000006,3,0.25,6.0,5.0,3.0,11.0,3.0,0.0,3.0,3.0,0,0,5,12926,exact,4,0.0324,0.0058319999999999995,0.0010497599999999998,0.0,0.0,0.0052488,0.0052488,0.005235073061631587
code_n24_k12_cw3_032_q01,code_n24_k12_cw3_032,q01,train,0.24,24,12,12,0.5,0.26,3,0.25,6.0,5.0,3.0,11.0,3.0,0.0,3.0,3.0,0,0,5,12926,exact,4,0.0576,0.013823999999999998,0.0033177599999999995,0.0,0.0,0.016588799999999997,0.016588799999999997,0.01645270885409976
code_n24_k12_cw3_032_q02,code_n24_k12_cw3_032,q02,train,0.3,24,12,12,0.5,0.19999999999999996,3,0.25,6.0,5.0,3.0,11.0,3.0,0.0,3.0,3.0,0,0,5,12926,exact,4,0.09,0.026999999999999996,0.0081,0.0,0.0,0.040499999999999994,0.040499999999999994,0.03970136685155206
code_n24_k12_cw3_032_q03,code_n24_k12_cw3_032,q03,train,0.36,24,12,12,0.5,0.14,3,0.25,6.0,5.0,3.0,11.0,3.0,0.0,3.0,3.0,0,0,5,12926,exact,4,0.1296,0.046655999999999996,0.016796159999999997,0.0,0.0,0.0839808,0.0839808,0.08064019068347023
code_n24_k12_cw3_033_q00,code_n24_k12_cw3_033,q00,train,0.18,24,12,12,0.5,0.32000000000000006,3,0.25,6.0,8.5,2.0,10.0,3.0,0.0,3.0,3.0,1,22,252,12926,exact,2,0.0324,0.0058319999999999995,0.0010497599999999998,0.0324,0.128304,0.26453952,0.42524352,0.35434269034844146
code_n24_k12_cw3_033_q01,code_n24_k12_cw3_033,q01,train,0.24,24,12,12,0.5,0.26,3,0.25,6.0,8.5,2.0,10.0,3.0,0.0,3.0,3.0,1,22,252,12926,exact,2,0.0576,0.013823999999999998,0.0033177599999999995,0.0576,0.30412799999999995,0.8360755199999998,1.19780352,0.7874584616310056
code_n24_k12_cw3_033_q02,code_n24_k12_cw3_033,q02,train,0.3,24,12,12,0.5,0.19999999999999996,3,0.25,6.0,8.5,2.0,10.0,3.0,0.0,3.0,3.0,1,22,252,12926,exact,2,0.09,0.026999999999999996,0.0081,0.09,0.5939999999999999,2.0412,2.7251999999999996,1.3151205416653655
code_n24_k12_cw3_033_q03,code_n24_k12_cw3_033,q03,train,0.36,24,12,12,0.5,0.14,3,0.25,6.0,8.5,2.0,10.0,3.0,0.0,3.0,3.0,1,22,252,12926,exact,2,0.1296,0.046655999999999996,0.016796159999999997,0.1296,1.026432,4.23263232,5.388664319999999,1.8545252199362692
code_n24_k12_cw3_034_q00,code_n24_k12_cw3_034,q00,validation,0.18,24,12,12,0.5,0.32000000000000006,3,0.25,6.0,10.666666666666666,3.0,14.0,3.0,0.0,3.0,3.0,2,44,474,12926,exact,2,0.0324,0.0058319999999999995,0.0010497599999999998,0.0648,0.256608,0.4975862399999999,0.8189942399999999,0.5982837329559303
code_n24_k12_cw3_034_q01,code_n24_k12_cw3_034,q01,validation,0.24,24,12,12,0.5,0.26,3,0.25,6.0,10.666666666666666,3.0,14.0,3.0,0.0,3.0,3.0,2,44,474,12926,exact,2,0.0576,0.013823999999999998,0.0033177599999999995,0.1152,0.6082559999999999,1.5726182399999997,2.2960742399999994,1.1927321360654022
code_n24_k12_cw3_034_q02,code_n24_k12_cw3_034,q02,validation,0.3,24,12,12,0.5,0.19999999999999996,3,0.25,6.0,10.666666666666666,3.0,14.0,3.0,0.0,3.0,3.0,2,44,474,12926,exact,2,0.09,0.026999999999999996,0.0081,0.18,1.1879999999999997,3.8394,5.2074,1.825742128725519
code_n24_k12_cw3_034_q03,code_n24_k12_cw3_034,q03,validation,0.36,24,12,12,0.5,0.14,3,0.25,6.0,10.666666666666666,3.0,14.0,3.0,0.0,3.0,3.0,2,44,474,12926,exact,2,0.1296,0.046655999999999996,0.016796159999999997,0.2592,2.052864,7.961379839999998,10.273443839999999,2.4224498572380178
code_n24_k12_cw3_035_q00,code_n24_k12_cw3_035,q00,validation,0.18,24,12,12,0.5,0.32000000000000006,3,0.25,6.0,3.6666666666666665,2.0,10.0,3.0,0.0,3.0,3.0,1,22,243,12926,exact,2,0.0324,0.0058319999999999995,0.0010497599999999998,0.0324,0.128304,0.25509168,0.41579568,0.3476916910748675
code_n24_k12_cw3_035_q01,code_n24_k12_cw3_035,q01,validation,0.24,24,12,12,0.5,0.26,3,0.25,6.0,3.6666666666666665,2.0,10.0,3.0,0.0,3.0,3.0,1,22,243,12926,exact,2,0.0576,0.013823999999999998,0.0033177599999999995,0.0576,0.30412799999999995,0.8062156799999999,1.1679436799999998,0.7737791053801907
code_n24_k12_cw3_035_q02,code_n24_k12_cw3_035,q02,validation,0.3,24,12,12,0.5,0.19999999999999996,3,0.25,6.0,3.6666666666666665,2.0,10.0,3.0,0.0,3.0,3.0,1,22,243,12926,exact,2,0.09,0.026999999999999996,0.0081,0.09,0.5939999999999999,1.9683,2.6523,1.2953571061277547
code_n24_k12_cw3_035_q03,code_n24_k12_cw3_035,q03,validation,0.36,24,12,12,0.5,0.14,3,0.25,6.0,3.6666666666666665,2.0,10.0,3.0,0.0,3.0,3.0,1,22,243,12926,exact,2,0.1296,0.046655999999999996,0.016796159999999997,0.1296,1.026432,4.08146688,5.2374988799999995,1.8305792815185027
code_n24_k12_cw3_036_q00,code_n24_k12_cw3_036,q00,test,0.18,24,12,12,0.5,0.32000000000000006,3,0.25,6.0,7.5,1.0,9.0,3.0,0.0,3.0,3.0,1,22,248,12926,exact,2,0.0324,0.0058319999999999995,0.0010497599999999998,0.0324,0.128304,0.26034048,0.42104448,0.3513921505251397
code_n24_k12_cw3_036_q01,code_n24_k12_cw3_036,q01,test,0.24,24,12,12,0.5,0.26,3,0.25,6.0,7.5,1.0,9.0,3.0,0.0,3.0,3.0,1,22,248,12926,exact,2,0.0576,0.013823999999999998,0.0033177599999999995,0.0576,0.30412799999999995,0.8228044799999998,1.1845324799999997,0.7814018376897561
code_n24_k12_cw3_036_q02,code_n24_k12_cw3_036,q02,test,0.3,24,12,12,0.5,0.19999999999999996,3,0.25,6.0,7.5,1.0,9.0,3.0,0.0,3.0,3.0,1,22,248,12926,exact,2,0.09,0.026999999999999996,0.0081,0.09,0.5939999999999999,2.0088,2.6927999999999996,1.3063849778915886
code_n24_k12_cw3_036_q03,code_n24_k12_cw3_036,q03,test,0.36,24,12,12,0.5,0.14,3,0.25,6.0,7.5,1.0,9.0,3.0,0.0,3.0,3.0,1,22,248,12926,exact,2,0.1296,0.046655999999999996,0.016796159999999997,0.1296,1.026432,4.16544768,5.3214796799999995,1.8439533073376932
code_n24_k12_cw3_037_q00,code_n24_k12_cw3_037,q00,train,0.18,24,12,12,0.5,0.32000000000000006,3,0.25,6.0,10.666666666666666,1.0,13.0,3.0,0.0,3.0,3.0,3,66,708,12926,exact,2,0.0324,0.0058319999999999995,0.0010497599999999998,0.0972,0.384912,0.7432300799999999,1.22534208,0.7999106476210583
code_n24_k12_cw3_037_q01,code_n24_k12_cw3_037,q01,train,0.24,24,12,12,0.5,0.26,3,0.25,6.0,10.666666666666666,1.0,13.0,3.0,0.0,3.0,3.0,3,66,708,12926,exact,2,0.0576,0.013823999999999998,0.0033177599999999995,0.1728,0.9123839999999999,2.3489740799999996,3.4341580799999996,1.489337762340297
code_n24_k12_cw3_037_q02,code_n24_k12_cw3_037,q02,train,0.3,24,12,12,0.5,0.19999999999999996,3,0.25,6.0,10.666666666666666,1.0,13.0,3.0,0.0,3.0,3.0,3,66,708,12926,exact,2,0.09,0.026999999999999996,0.0081,0.27,1.7819999999999998,5.7348,7.7867999999999995,2.1732505953578936
code_n24_k12_cw3_037_q03,code_n24_k12_cw3_037,q03,train,0.36,24,12,12,0.5,0.14,3,0.25,6.0,10.666666666666666,1.0,13.0,3.0,0.0,3.0,3.0,3,66,708,12926,exact,2,0.1296,0.046655999999999996,0.016796159999999997,0.3888,3.079296,11.891681279999998,15.359777279999998,2.794825717390002
code_n24_k12_cw3_038_q00,code_n24_k12_cw3_038,q00,train,0.18,24,12,12,0.5,0.32000000000000006,3,0.25,6.0,6.0,1.0,10.0,3.0,0.0,3.0,3.0,1,22,248,12926,exact,2,0.0324,0.0058319999999999995,0.0010497599999999998,0.0324,0.128304,0.26034048,0.42104448,0.3513921505251397
code_n24_k12_cw3_038_q01,code_n24_k12_cw3_038,q01,train,0.24,24,12,12,0.5,0.26,3,0.25,6.0,6.0,1.0,10.0,3.0,0.0,3.0,3.0,1,22,248,12926,exact,2,0.0576,0.013823999999999998,0.0033177599999999995,0.0576,0.30412799999999995,0.8228044799999998,1.1845324799999997,0.7814018376897561
code_n24_k12_cw3_038_q02,code_n24_k12_cw3_038,q02,train,0.3,24,12,12,0.5,0.19999999999999996,3,0.25,6.0,6.0,1.0,10.0,3.0,0.0,3.0,3.0,1,22,248,12926,exact,2,0.09,0.026999999999999996,0.0081,0.09,0.5939999999999999,2.0088,2.6927999999999996,1.3063849778915886
code_n24_k12_cw3_038_q03,code_n24_k12_cw3_038,q03,train,0.36,24,12,12,0.5,0.14,3,0.25,6.0,6.0,1.0,10.0,3.0,0.0,3.0,3.0,1,22,248,12926,exact,2,0.1296,0.046655999999999996,0.016796159999999997,0.1296,1.026432,4.16544768,5.3214796799999995,1.8439533073376932
code_n24_k12_cw3_039_q00,code_n24_k12_cw3_039,q00,train,0.18,24,12,12,0.5,0.32000000000000006,3,0.25,6.0,8.333333333333334,2.0,12.0,3.0,0.0,3.0,3.0,1,22,250,12926,exact,2,0.0324,0.0058319999999999995,0.0010497599999999998,0.0324,0.128304,0.26243999999999995,0.42314399999999996,0.35286850864705194
code_n24_k12_cw3_039_q01,code_n24_k12_cw3_039,q01,train,0.24,24,12,12,0.5,0.26,3,0.25,6.0,8.333333333333334,2.0,12.0,3.0,0.0,3.0,3.0,1,22,250,12926,exact,2,0.0576,0.013823999999999998,0.0033177599999999995,0.0576,0.30412799999999995,0.8294399999999998,1.1911679999999998,0.7844347349900681
code_n24_k12_cw3_039_q02,code_n24_k12_cw3_039,q02,train,0.3,24,12,12,0.5,0.19999999999999996,3,0.25,6.0,8.333333333333334,2.0,12.0,3.0,0.0,3.0,3.0,1,22,250,12926,exact,2,0.09,0.026999999999999996,0.0081,0.09,0.5939999999999999,2.025,2.7089999999999996,1.3107622985074536
code_n24_k12_cw3_039_q03,code_n24_k12_cw3_039,q03,train,0.36,24,12,12,0.5,0.14,3,0.25,6.0,8.333333333333334,2.0,12.0,3.0,0.0,3.0,3.0,1,22,250,12926,exact,2,0.1296,0.046655999999999996,0.016796159999999997,0.1296,1.026432,4.199039999999999,5.355071999999999,1.8492532342389207
code_n32_k16_cw3_000_q00,code_n32_k16_cw3_000,q00,train,0.18,32,16,16,0.5,0.32000000000000006,3,0.1875,6.0,3.75,3.0,10.0,3.0,0.0,3.0,3.0,0,0,6,41416,exact,4,0.0324,0.0058319999999999995,0.0010497599999999998,0.0,0.0,0.006298559999999999,0.006298559999999999,0.006278806971330837
code_n32_k16_cw3_000_q01,code_n32_k16_cw3_000,q01,train,0.24,32,16,16,0.5,0.26,3,0.1875,6.0,3.75,3.0,10.0,3.0,0.0,3.0,3.0,0,0,6,41416,exact,4,0.0576,0.013823999999999998,0.0033177599999999995,0.0,0.0,0.019906559999999997,0.019906559999999997,0.019711015256787718
code_n32_k16_cw3_000_q02,code_n32_k16_cw3_000,q02,train,0.3,32,16,16,0.5,0.19999999999999996,3,0.1875,6.0,3.75,3.0,10.0,3.0,0.0,3.0,3.0,0,0,6,41416,exact,4,0.09,0.026999999999999996,0.0081,0.0,0.0,0.0486,0.0486,0.04745594115629535
code_n32_k16_cw3_000_q03,code_n32_k16_cw3_000,q03,train,0.36,32,16,16,0.5,0.14,3,0.1875,6.0,3.75,3.0,10.0,3.0,0.0,3.0,3.0,0,0,6,41416,exact,4,0.1296,0.046655999999999996,0.016796159999999997,0.0,0.0,0.10077695999999998,0.10077695999999998,0.09601625774534364
code_n32_k16_cw3_001_q00,code_n32_k16_cw3_001,q00,train,0.18,32,16,16,0.5,0.32000000000000006,3,0.1875,6.0,4.25,3.0,10.0,3.0,0.0,3.0,3.0,1,30,440,41416,exact,2,0.0324,0.0058319999999999995,0.0010497599999999998,0.0324,0.17495999999999998,0.4618943999999999,0.6692543999999999,0.5123770596666999
code_n32_k16_cw3_001_q01,code_n32_k16_cw3_001,q01,train,0.24,32,16,16,0.5,0.26,3,0.1875,6.0,4.25,3.0,10.0,3.0,0.0,3.0,3.0,1,30,440,41416,exact,2,0.0576,0.013823999999999998,0.0033177599999999995,0.0576,0.4147199999999999,1.4598143999999997,1.9321343999999996,1.0757306219915646
code_n32_k16_cw3_001_q02,code_n32_k16_cw3_001,q02,train,0.3,32,16,16,0.5,0.19999999999999996,3,0.1875,6.0,4.25,3.0,10.0,3.0,0.0,3.0,3.0,1,30,440,41416,exact,2,0.09,0.026999999999999996,0.0081,0.09,0.8099999999999998,3.5639999999999996,4.4639999999999995,1.6981811222684888
code_n32_k16_cw3_001_q03,code_n32_k16_cw3_001,q03,train,0.36,32,16,16,0.5,0.14,3,0.1875,6.0,4.25,3.0,10.0,3.0,0.0,3.0,3.0,1,30,440,41416,exact,2,0.1296,0.046655999999999996,0.016796159999999997,0.1296,1.3996799999999998,7.390310399999999,8.919590399999999,2.2945116301217316
code_n32_k16_cw3_002_q00,code_n32_k16_cw3_002,q00,train,0.18,32,16,16,0.5,0.32000000000000006,3,0.1875,6.0,9.0,2.0,13.0,3.0,0.0,3.0,3.0,1,30,440,41416,exact,2,0.0324,0.0058319999999999995,0.0010497599999999998,0.0324,0.17495999999999998,0.4618943999999999,0.6692543999999999,0.5123770596666999
code_n32_k16_cw3_002_q01,code_n32_k16_cw3_002,q01,train,0.24,32,16,16,0.5,0.26,3,0.1875,6.0,9.0,2.0,13.0,3.0,0.0,3.0,3.0,1,30,440,41416,exact,2,0.0576,0.013823999999999998,0.0033177599999999995,0.0576,0.4147199999999999,1.4598143999999997,1.9321343999999996,1.0757306219915646
code_n32_k16_cw3_002_q02,code_n32_k16_cw3_002,q02,train,0.3,32,16,16,0.5,0.19999999999999996,3,0.1875,6.0,9.0,2.0,13.0,3.0,0.0,3.0,3.0,1,30,440,41416,exact,2,0.09,0.026999999999999996,0.0081,0.09,0.8099999999999998,3.5639999999999996,4.4639999999999995,1.6981811222684888
code_n32_k16_cw3_002_q03,code_n32_k16_cw3_002,q03,train,0.36,32,16,16,0.5,0.14,3,0.1875,6.0,9.0,2.0,13.0,3.0,0.0,3.0,3.0,1,30,440,41416,exact,2,0.1296,0.046655999999999996,0.016796159999999997,0.1296,1.3996799999999998,7.390310399999999,8.919590399999999,2.2945116301217316
code_n32_k16_cw3_003_q00,code_n32_k16_cw3_003,q00,train,0.18,32,16,16,0.5,0.32000000000000006,3,0.1875,6.0,2.5,3.0,9.0,3.0,0.0,3.0,3.0,0,0,3,41416,exact,4,0.0324,0.0058319999999999995,0.0010497599999999998,0.0,0.0,0.0031492799999999995,0.0031492799999999995,0.0031443314046935215
code_n32_k16_cw3_003_q01,code_n32_k16_cw3_003,q01,train,0.24,32,16,16,0.5,0.26,3,0.1875,6.0,2.5,3.0,9.0,3.0,0.0,3.0,3.0,0,0,3,41416,exact,4,0.0576,0.013823999999999998,0.0033177599999999995,0.0,0.0,0.009953279999999998,0.009953279999999998,0.009904072357517795
code_n32_k16_cw3_003_q02,code_n32_k16_cw3_003,q02,train,0.3,32,16,16,0.5,0.19999999999999996,3,0.1875,6.0,2.5,3.0,9.0,3.0,0.0,3.0,3.0,0,0,3,41416,exact,4,0.09,0.026999999999999996,0.0081,0.0,0.0,0.0243,0.0243,0.024009452460351865
code_n32_k16_cw3_003_q03,code_n32_k16_cw3_003,q03,train,0.36,32,16,16,0.5,0.14,3,0.1875,6.0,2.5,3.0,9.0,3.0,0.0,3.0,3.0,0,0,3,41416,exact,4,0.1296,0.046655999999999996,0.016796159999999997,0.0,0.0,0.05038847999999999,0.05038847999999999,0.04916007669573743
code_n32_k16_cw3_004_q00,code_n32_k16_cw3_004,q00,train,0.18,32,16,16,0.5,0.32000000000000006,3,0.1875,6.0,4.875,2.0,11.0,3.0,0.0,3.0,3.0,0,0,3,41416,exact,4,0.0324,0.0058319999999999995,0.0010497599999999998,0.0,0.0,0.0031492799999999995,0.0031492799999999995,0.0031443314046935215
code_n32_k16_cw3_004_q01,code_n32_k16_cw3_004,q01,train,0.24,32,16,16,0.5,0.26,3,0.1875,6.0,4.875,2.0,11.0,3.0,0.0,3.0,3.0,0,0,3,41416,exact,4,0.0576,0.013823999999999998,0.0033177599999999995,0.0,0.0,0.009953279999999998,0.009953279999999998,0.009904072357517795
code_n32_k16_cw3_004_q02,code_n32_k16_cw3_004,q02,train,0.3,32,16,16,0.5,0.19999999999999996,3,0.1875,6.0,4.875,2.0,11.0,3.0,0.0,3.0,3.0,0,0,3,41416,exact,4,0.09,0.026999999999999996,0.0081,0.0,0.0,0.0243,0.0243,0.024009452460351865
code_n32_k16_cw3_004_q03,code_n32_k16_cw3_004,q03,train,0.36,32,16,16,0.5,0.14,3,0.1875,6.0,4.875,2.0,11.0,3.0,0.0,3.0,3.0,0,0,3,41416,exact,4,0.1296,0.046655999999999996,0.016796159999999997,0.0,0.0,0.05038847999999999,0.05038847999999999,0.04916007669573743
code_n32_k16_cw3_005_q00,code_n32_k16_cw3_005,q00,train,0.18,32,16,16,0.5,0.32000000000000006,3,0.1875,6.0,6.375,1.0,10.0,3.0,0.0,3.0,3.0,2,60,880,41416,exact,2,0.0324,0.0058319999999999995,0.0010497599999999998,0.0648,0.34991999999999995,0.9237887999999999,1.3385087999999998,0.8495134612727251
code_n32_k16_cw3_005_q01,code_n32_k16_cw3_005,q01,train,0.24,32,16,16,0.5,0.26,3,0.1875,6.0,6.375,1.0,10.0,3.0,0.0,3.0,3.0,2,60,880,41416,exact,2,0.0576,0.013823999999999998,0.0033177599999999995,0.1152,0.8294399999999998,2.9196287999999995,3.864268799999999,1.5819164062948083
code_n32_k16_cw3_005_q02,code_n32_k16_cw3_005,q02,train,0.3,32,16,16,0.5,0.19999999999999996,3,0.1875,6.0,6.375,1.0,10.0,3.0,0.0,3.0,3.0,2,60,880,41416,exact,2,0.09,0.026999999999999996,0.0081,0.18,1.6199999999999997,7.127999999999999,8.927999999999999,2.295359047902306
code_n32_k16_cw3_005_q03,code_n32_k16_cw3_005,q03,train,0.36,32,16,16,0.5,0.14,3,0.1875,6.0,6.375,1.0,10.0,3.0,0.0,3.0,3.0,2,60,880,41416,exact,2,0.1296,0.046655999999999996,0.016796159999999997,0.2592,2.7993599999999996,14.780620799999998,17.839180799999998,2.9359387862495585
code_n32_k16_cw3_006_q00,code_n32_k16_cw3_006,q00,test,0.18,32,16,16,0.5,0.32000000000000006,3,0.1875,6.0,5.875,3.0,12.0,3.0,0.0,3.0,3.0,2,60,874,41416,exact,2,0.0324,0.0058319999999999995,0.0010497599999999998,0.0648,0.34991999999999995,0.9174902399999999,1.3322102399999998,0.8468164187985124
code_n32_k16_cw3_006_q01,code_n32_k16_cw3_006,q01,test,0.24,32,16,16,0.5,0.26,3,0.1875,6.0,5.875,3.0,12.0,3.0,0.0,3.0,3.0,2,60,874,41416,exact,2,0.0576,0.013823999999999998,0.0033177599999999995,0.1152,0.8294399999999998,2.8997222399999996,3.8443622399999993,1.5778156040674578
code_n32_k16_cw3_006_q02,code_n32_k16_cw3_006,q02,test,0.3,32,16,16,0.5,0.19999999999999996,3,0.1875,6.0,5.875,3.0,12.0,3.0,0.0,3.0,3.0,2,60,874,41416,exact,2,0.09,0.026999999999999996,0.0081,0.18,1.6199999999999997,7.0794,8.879399999999999,2.290451781170772
code_n32_k16_cw3_006_q03,code_n32_k16_cw3_006,q03,test,0.36,32,16,16,0.5,0.14,3,0.1875,6.0,5.875,3.0,12.0,3.0,0.0,3.0,3.0,2,60,874,41416,exact,2,0.1296,0.046655999999999996,0.016796159999999997,0.2592,2.7993599999999996,14.679843839999998,17.738403839999997,2.930575099223323
code_n32_k16_cw3_007_q00,code_n32_k16_cw3_007,q00,train,0.18,32,16,16,0.5,0.32000000000000006,3,0.1875,6.0,5.75,3.0,11.0,3.0,0.0,3.0,3.0,1,30,441,41416,exact,2,0.0324,0.0058319999999999995,0.0010497599999999998,0.0324,0.17495999999999998,0.46294415999999994,0.6703041599999999,0.5130057415812195
code_n32_k16_cw3_007_q01,code_n32_k16_cw3_007,q01,train,0.24,32,16,16,0.5,0.26,3,0.1875,6.0,5.75,3.0,11.0,3.0,0.0,3.0,3.0,1,30,441,41416,exact,2,0.0576,0.013823999999999998,0.0033177599999999995,0.0576,0.4147199999999999,1.4631321599999998,1.9354521599999996,1.0768614993359922
code_n32_k16_cw3_007_q02,code_n32_k16_cw3_007,q02,train,0.3,32,16,16,0.5,0.19999999999999996,3,0.1875,6.0,5.75,3.0,11.0,3.0,0.0,3.0,3.0,1,30,441,41416,exact,2,0.09,0.026999999999999996,0.0081,0.09,0.8099999999999998,3.5721,4.472099999999999,1.6996624550070674
code_n32_k16_cw3_007_q03,code_n32_k16_cw3_007,q03,train,0.36,32,16,16,0.5,0.14,3,0.1875,6.0,5.75,3.0,11.0,3.0,0.0,3.0,3.0,1,30,441,41416,exact,2,0.1296,0.046655999999999996,0.016796159999999997,0.1296,1.3996799999999998,7.407106559999999,8.936386559999999,2.2962034294262916
code_n32_k16_cw3_008_q00,code_n32_k16_cw3_008,q00,train,0.18,32,16,16,0.5,0.32000000000000006,3,0.1875,6.0,4.375,3.0,10.0,3.0,0.0,3.0,3.0,0,0,4,41416,exact,4,0.0324,0.0058319999999999995,0.0010497599999999998,0.0,0.0,0.004199039999999999,0.004199039999999999,0.004190248633147544
code_n32_k16_cw3_008_q01,code_n32_k16_cw3_008,q01,train,0.24,32,16,16,0.5,0.26,3,0.1875,6.0,4.375,3.0,10.0,3.0,0.0,3.0,3.0,0,0,4,41416,exact,4,0.0576,0.013823999999999998,0.0033177599999999995,0.0,0.0,0.013271039999999998,0.013271039999999998,0.013183751176225745
code_n32_k16_cw3_008_q02,code_n32_k16_cw3_008,q02,train,0.3,32,16,16,0.5,0.19999999999999996,3,0.1875,6.0,4.375,3.0,10.0,3.0,0.0,3.0,3.0,0,0,4,41416,exact,4,0.09,0.026999999999999996,0.0081,0.0,0.0,0.0324,0.0324,0.031886188862321745
code_n32_k16_cw3_008_q03,code_n32_k16_cw3_008,q03,train,0.36,32,16,16,0.5,0.14,3,0.1875,6.0,4.375,3.0,10.0,3.0,0.0,3.0,3.0,0,0,4,41416,exact,4,0.1296,0.046655999999999996,0.016796159999999997,0.0,0.0,0.06718463999999999,0.06718463999999999,0.06502400327204662
code_n32_k16_cw3_009_q00,code_n32_k16_cw3_009,q00,train,0.18,32,16,16,0.5,0.32000000000000006,3,0.1875,6.0,5.25,3.0,12.0,3.0,0.0,3.0,3.0,1,30,439,41416,exact,2,0.0324,0.0058319999999999995,0.0010497599999999998,0.0324,0.17495999999999998,0.4608446399999999,0.6682046399999999,0.5117479822625803
code_n32_k16_cw3_009_q01,code_n32_k16_cw3_009,q01,train,0.24,32,16,16,0.5,0.26,3,0.1875,6.0,5.25,3.0,12.0,3.0,0.0,3.0,3.0,1,30,439,41416,exact,2,0.0576,0.013823999999999998,0.0033177599999999995,0.0576,0.4147199999999999,1.4564966399999997,1.9288166399999995,1.0745984643155342
code_n32_k16_cw3_009_q02,code_n32_k16_cw3_009,q02,train,0.3,32,16,16,0.5,0.19999999999999996,3,0.1875,6.0,5.25,3.0,12.0,3.0,0.0,3.0,3.0,1,30,439,41416,exact,2,0.09,0.026999999999999996,0.0081,0.09,0.8099999999999998,3.5559,4.4559,1.6966975919274452
code_n32_k16_cw3_009_q03,code_n32_k16_cw3_009,q03,train,0.36,32,16,16,0.5,0.14,3,0.1875,6.0,5.25,3.0,12.0,3.0,0.0,3.0,3.0,1,30,439,41416,exact,2,0.1296,0.046655999999999996,0.016796159999999997,0.1296,1.3996799999999998,7.373514239999999,8.902794239999999,2.2928169637811506
code_n32_k16_cw3_010_q00,code_n32_k16_cw3_010,q00,train,0.18,32,16,16,0.5,0.32000000000000006,3,0.1875,6.0,3.25,2.0,10.0,3.0,0.0,3.0,3.0,0,0,4,41416,exact,4,0.0324,0.0058319999999999995,0.0010497599999999998,0.0,0.0,0.004199039999999999,0.004199039999999999,0.004190248633147544
code_n32_k16_cw3_010_q01,code_n32_k16_cw3_010,q01,train,0.24,32,16,16,0.5,0.26,3,0.1875,6.0,3.25,2.0,10.0,3.0,0.0,3.0,3.0,0,0,4,41416,exact,4,0.0576,0.013823999999999998,0.0033177599999999995,0.0,0.0,0.013271039999999998,0.013271039999999998,0.013183751176225745
code_n32_k16_cw3_010_q02,code_n32_k16_cw3_010,q02,train,0.3,32,16,16,0.5,0.19999999999999996,3,0.1875,6.0,3.25,2.0,10.0,3.0,0.0,3.0,3.0,0,0,4,41416,exact,4,0.09,0.026999999999999996,0.0081,0.0,0.0,0.0324,0.0324,0.031886188862321745
code_n32_k16_cw3_010_q03,code_n32_k16_cw3_010,q03,train,0.36,32,16,16,0.5,0.14,3,0.1875,6.0,3.25,2.0,10.0,3.0,0.0,3.0,3.0,0,0,4,41416,exact,4,0.1296,0.046655999999999996,0.016796159999999997,0.0,0.0,0.06718463999999999,0.06718463999999999,0.06502400327204662
code_n32_k16_cw3_011_q00,code_n32_k16_cw3_011,q00,train,0.18,32,16,16,0.5,0.32000000000000006,3,0.1875,6.0,3.875,3.0,10.0,3.0,0.0,3.0,3.0,1,30,439,41416,exact,2,0.0324,0.0058319999999999995,0.0010497599999999998,0.0324,0.17495999999999998,0.4608446399999999,0.6682046399999999,0.5117479822625803
code_n32_k16_cw3_011_q01,code_n32_k16_cw3_011,q01,train,0.24,32,16,16,0.5,0.26,3,0.1875,6.0,3.875,3.0,10.0,3.0,0.0,3.0,3.0,1,30,439,41416,exact,2,0.0576,0.013823999999999998,0.0033177599999999995,0.0576,0.4147199999999999,1.4564966399999997,1.9288166399999995,1.0745984643155342
code_n32_k16_cw3_011_q02,code_n32_k16_cw3_011,q02,train,0.3,32,16,16,0.5,0.19999999999999996,3,0.1875,6.0,3.875,3.0,10.0,3.0,0.0,3.0,3.0,1,30,439,41416,exact,2,0.09,0.026999999999999996,0.0081,0.09,0.8099999999999998,3.5559,4.4559,1.6966975919274452
code_n32_k16_cw3_011_q03,code_n32_k16_cw3_011,q03,train,0.36,32,16,16,0.5,0.14,3,0.1875,6.0,3.875,3.0,10.0,3.0,0.0,3.0,3.0,1,30,439,41416,exact,2,0.1296,0.046655999999999996,0.016796159999999997,0.1296,1.3996799999999998,7.373514239999999,8.902794239999999,2.2928169637811506
code_n32_k16_cw3_012_q00,code_n32_k16_cw3_012,q00,train,0.18,32,16,16,0.5,0.32000000000000006,3,0.1875,6.0,6.125,1.0,11.0,3.0,0.0,3.0,3.0,1,30,453,41416,exact,2,0.0324,0.0058319999999999995,0.0010497599999999998,0.0324,0.17495999999999998,0.47554127999999996,0.6829012799999999,0.5205192563284368
code_n32_k16_cw3_012_q01,code_n32_k16_cw3_012,q01,train,0.24,32,16,16,0.5,0.26,3,0.1875,6.0,6.125,1.0,11.0,3.0,0.0,3.0,3.0,1,30,453,41416,exact,2,0.0576,0.013823999999999998,0.0033177599999999995,0.0576,0.4147199999999999,1.5029452799999998,1.9752652799999997,1.0903332047701064
code_n32_k16_cw3_012_q02,code_n32_k16_cw3_012,q02,train,0.3,32,16,16,0.5,0.19999999999999996,3,0.1875,6.0,6.125,1.0,11.0,3.0,0.0,3.0,3.0,1,30,453,41416,exact,2,0.09,0.026999999999999996,0.0081,0.09,0.8099999999999998,3.6693,4.569299999999999,1.717269372792097
code_n32_k16_cw3_012_q03,code_n32_k16_cw3_012,q03,train,0.36,32,16,16,0.5,0.14,3,0.1875,6.0,6.125,1.0,11.0,3.0,0.0,3.0,3.0,1,30,453,41416,exact,2,0.1296,0.046655999999999996,0.016796159999999997,0.1296,1.3996799999999998,7.608660479999999,9.13794048,2.3162848690524536
code_n32_k16_cw3_013_q00,code_n32_k16_cw3_013,q00,train,0.18,32,16,16,0.5,0.32000000000000006,3,0.1875,6.0,7.0,1.0,9.0,3.0,0.0,3.0,3.0,1,30,445,41416,exact,2,0.0324,0.0058319999999999995,0.0010497599999999998,0.0324,0.17495999999999998,0.4671431999999999,0.6745032,0.5155165242685106
code_n32_k16_cw3_013_q01,code_n32_k16_cw3_013,q01,train,0.24,32,16,16,0.5,0.26,3,0.1875,6.0,7.0,1.0,9.0,3.0,0.0,3.0,3.0,1,30,445,41416,exact,2,0.0576,0.013823999999999998,0.0033177599999999995,0.0576,0.4147199999999999,1.4764031999999998,1.9487231999999997,1.081372263101583
code_n32_k16_cw3_013_q02,code_n32_k16_cw3_013,q02,train,0.3,32,16,16,0.5,0.19999999999999996,3,0.1875,6.0,7.0,1.0,9.0,3.0,0.0,3.0,3.0,1,30,445,41416,exact,2,0.09,0.026999999999999996,0.0081,0.09,0.8099999999999998,3.6045,4.504499999999999,1.7055659395283207
code_n32_k16_cw3_013_q03,code_n32_k16_cw3_013,q03,train,0.36,32,16,16,0.5,0.14,3,0.1875,6.0,7.0,1.0,9.0,3.0,0.0,3.0,3.0,1,30,445,41416,exact,2,0.1296,0.046655999999999996,0.016796159999999997,0.1296,1.3996799999999998,7.474291199999999,9.003571199999998,2.302942149241876
code_n32_k16_cw3_014_q00,code_n32_k16_cw3_014,q00,train,0.18,32,16,16,0.5,0.32000000000000006,3,0.1875,6.0,5.25,2.0,11.0,3.0,0.0,3.0,3.0,1,30,440,41416,exact,2,0.0324,0.0058319999999999995,0.0010497599999999998,0.0324,0.17495999999999998,0.4618943999999999,0.6692543999999999,0.5123770596666999
code_n32_k16_cw3_014_q01,code_n32_k16_cw3_014,q01,train,0.24,32,16,16,0.5,0.26,3,0.1875,6.0,5.25,2.0,11.0,3.0,0.0,3.0,3.0,1,30,440,41416,exact,2,0.0576,0.013823999999999998,0.0033177599999999995,0.0576,0.4147199999999999,1.4598143999999997,1.9321343999999996,1.0757306219915646
code_n32_k16_cw3_014_q02,code_n32_k16_cw3_014,q02,train,0.3,32,16,16,0.5,0.19999999999999996,3,0.1875,6.0,5.25,2.0,11.0,3.0,0.0,3.0,3.0,1,30,440,41416,exact,2,0.09,0.026999999999999996,0.0081,0.09,0.8099999999999998,3.5639999999999996,4.4639999999999995,1.6981811222684888
code_n32_k16_cw3_014_q03,code_n32_k16_cw3_014,q03,train,0.36,32,16,16,0.5,0.14,3,0.1875,6.0,5.25,2.0,11.0,3.0,0.0,3.0,3.0,1,30,440,41416,exact,2,0.1296,0.046655999999999996,0.016796159999999997,0.1296,1.3996799999999998,7.390310399999999,8.919590399999999,2.2945116301217316
code_n32_k16_cw3_015_q00,code_n32_k16_cw3_015,q00,test,0.18,32,16,16,0.5,0.32000000000000006,3,0.1875,6.0,2.875,4.0,9.0,3.0,0.0,3.0,3.0,0,0,4,41416,exact,4,0.0324,0.0058319999999999995,0.0010497599999999998,0.0,0.0,0.004199039999999999,0.004199039999999999,0.004190248633147544
code_n32_k16_cw3_015_q01,code_n32_k16_cw3_015,q01,test,0.24,32,16,16,0.5,0.26,3,0.1875,6.0,2.875,4.0,9.0,3.0,0.0,3.0,3.0,0,0,4,41416,exact,4,0.0576,0.013823999999999998,0.0033177599999999995,0.0,0.0,0.013271039999999998,0.013271039999999998,0.013183751176225745
code_n32_k16_cw3_015_q02,code_n32_k16_cw3_015,q02,test,0.3,32,16,16,0.5,0.19999999999999996,3,0.1875,6.0,2.875,4.0,9.0,3.0,0.0,3.0,3.0,0,0,4,41416,exact,4,0.09,0.026999999999999996,0.0081,0.0,0.0,0.0324,0.0324,0.031886188862321745
code_n32_k16_cw3_015_q03,code_n32_k16_cw3_015,q03,test,0.36,32,16,16,0.5,0.14,3,0.1875,6.0,2.875,4.0,9.0,3.0,0.0,3.0,3.0,0,0,4,41416,exact,4,0.1296,0.046655999999999996,0.016796159999999997,0.0,0.0,0.06718463999999999,0.06718463999999999,0.06502400327204662
code_n32_k16_cw3_016_q00,code_n32_k16_cw3_016,q00,train,0.18,32,16,16,0.5,0.32000000000000006,3,0.1875,6.0,4.125,1.0,9.0,3.0,0.0,3.0,3.0,1,30,440,41416,exact,2,0.0324,0.0058319999999999995,0.0010497599999999998,0.0324,0.17495999999999998,0.4618943999999999,0.6692543999999999,0.5123770596666999
code_n32_k16_cw3_016_q01,code_n32_k16_cw3_016,q01,train,0.24,32,16,16,0.5,0.26,3,0.1875,6.0,4.125,1.0,9.0,3.0,0.0,3.0,3.0,1,30,440,41416,exact,2,0.0576,0.013823999999999998,0.0033177599999999995,0.0576,0.4147199999999999,1.4598143999999997,1.9321343999999996,1.0757306219915646
code_n32_k16_cw3_016_q02,code_n32_k16_cw3_016,q02,train,0.3,32,16,16,0.5,0.19999999999999996,3,0.1875,6.0,4.125,1.0,9.0,3.0,0.0,3.0,3.0,1,30,440,41416,exact,2,0.09,0.026999999999999996,0.0081,0.09,0.8099999999999998,3.5639999999999996,4.4639999999999995,1.6981811222684888
code_n32_k16_cw3_016_q03,code_n32_k16_cw3_016,q03,train,0.36,32,16,16,0.5,0.14,3,0.1875,6.0,4.125,1.0,9.0,3.0,0.0,3.0,3.0,1,30,440,41416,exact,2,0.1296,0.046655999999999996,0.016796159999999997,0.1296,1.3996799999999998,7.390310399999999,8.919590399999999,2.2945116301217316
code_n32_k16_cw3_017_q00,code_n32_k16_cw3_017,q00,train,0.18,32,16,16,0.5,0.32000000000000006,3,0.1875,6.0,3.875,3.0,11.0,3.0,0.0,3.0,3.0,1,30,438,41416,exact,2,0.0324,0.0058319999999999995,0.0010497599999999998,0.0324,0.17495999999999998,0.4597948799999999,0.6671548799999999,0.5111185088709606
code_n32_k16_cw3_017_q01,code_n32_k16_cw3_017,q01,train,0.24,32,16,16,0.5,0.26,3,0.1875,6.0,3.875,3.0,11.0,3.0,0.0,3.0,3.0,1,30,438,41416,exact,2,0.0576,0.013823999999999998,0.0033177599999999995,0.0576,0.4147199999999999,1.4531788799999998,1.9254988799999997,1.0734650234055403
code_n32_k16_cw3_017_q02,code_n32_k16_cw3_017,q02,train,0.3,32,16,16,0.5,0.19999999999999996,3,0.1875,6.0,3.875,3.0,11.0,3.0,0.0,3.0,3.0,1,30,438,41416,exact,2,0.09,0.026999999999999996,0.0081,0.09,0.8099999999999998,3.5477999999999996,4.447799999999999,1.695211857453826
code_n32_k16_cw3_017_q03,code_n32_k16_cw3_017,q03,train,0.36,32,16,16,0.5,0.14,3,0.1875,6.0,3.875,3.0,11.0,3.0,0.0,3.0,3.0,1,30,438,41416,exact,2,0.1296,0.046655999999999996,0.016796159999999997,0.1296,1.3996799999999998,7.3567180799999985,8.885998079999998,2.2911194206707086
code_n32_k16_cw3_018_q00,code_n32_k16_cw3_018,q00,train,0.18,32,16,16,0.5,0.32000000000000006,3,0.1875,6.0,5.75,2.0,12.0,3.0,0.0,3.0,3.0,1,30,438,41416,exact,2,0.0324,0.0058319999999999995,0.0010497599999999998,0.0324,0.17495999999999998,0.4597948799999999,0.6671548799999999,0.5111185088709606
code_n32_k16_cw3_018_q01,code_n32_k16_cw3_018,q01,train,0.24,32,16,16,0.5,0.26,3,0.1875,6.0,5.75,2.0,12.0,3.0,0.0,3.0,3.0,1,30,438,41416,exact,2,0.0576,0.013823999999999998,0.0033177599999999995,0.0576,0.4147199999999999,1.4531788799999998,1.9254988799999997,1.0734650234055403
code_n32_k16_cw3_018_q02,code_n32_k16_cw3_018,q02,train,0.3,32,16,16,0.5,0.19999999999999996,3,0.1875,6.0,5.75,2.0,12.0,3.0,0.0,3.0,3.0,1,30,438,41416,exact,2,0.09,0.026999999999999996,0.0081,0.09,0.8099999999999998,3.5477999999999996,4.447799999999999,1.695211857453826
code_n32_k16_cw3_018_q03,code_n32_k16_cw3_018,q03,train,0.36,32,16,16,0.5,0.14,3,0.1875,6.0,5.75,2.0,12.0,3.0,0.0,3.0,3.0,1,30,438,41416,exact,2,0.1296,0.046655999999999996,0.016796159999999997,0.1296,1.3996799999999998,7.3567180799999985,8.885998079999998,2.2911194206707086
code_n32_k16_cw3_019_q00,code_n32_k16_cw3_019,q00,test,0.18,32,16,16,0.5,0.32000000000000006,3,0.1875,6.0,5.0,2.0,9.0,3.0,0.0,3.0,3.0,1,30,442,41416,exact,2,0.0324,0.0058319999999999995,0.0010497599999999998,0.0324,0.17495999999999998,0.46399391999999995,0.6713539199999999,0.5136340285031012
code_n32_k16_cw3_019_q01,code_n32_k16_cw3_019,q01,test,0.24,32,16,16,0.5,0.26,3,0.1875,6.0,5.0,2.0,9.0,3.0,0.0,3.0,3.0,1,30,442,41416,exact,2,0.0576,0.013823999999999998,0.0033177599999999995,0.0576,0.4147199999999999,1.4664499199999999,1.9387699199999997,1.0779910992413424
code_n32_k16_cw3_019_q02,code_n32_k16_cw3_019,q02,test,0.3,32,16,16,0.5,0.19999999999999996,3,0.1875,6.0,5.0,2.0,9.0,3.0,0.0,3.0,3.0,1,30,442,41416,exact,2,0.09,0.026999999999999996,0.0081,0.09,0.8099999999999998,3.5801999999999996,4.480199999999999,1.7011415966443133
code_n32_k16_cw3_019_q03,code_n32_k16_cw3_019,q03,test,0.36,32,16,16,0.5,0.14,3,0.1875,6.0,5.0,2.0,9.0,3.0,0.0,3.0,3.0,1,30,442,41416,exact,2,0.1296,0.046655999999999996,0.016796159999999997,0.1296,1.3996799999999998,7.423902719999999,8.95318272,2.2978923713793495
code_n32_k16_cw3_020_q00,code_n32_k16_cw3_020,q00,train,0.18,32,16,16,0.5,0.32000000000000006,3,0.1875,6.0,6.25,2.0,11.0,3.0,0.0,3.0,3.0,1,30,441,41416,exact,2,0.0324,0.0058319999999999995,0.0010497599999999998,0.0324,0.17495999999999998,0.46294415999999994,0.6703041599999999,0.5130057415812195
code_n32_k16_cw3_020_q01,code_n32_k16_cw3_020,q01,train,0.24,32,16,16,0.5,0.26,3,0.1875,6.0,6.25,2.0,11.0,3.0,0.0,3.0,3.0,1,30,441,41416,exact,2,0.0576,0.013823999999999998,0.0033177599999999995,0.0576,0.4147199999999999,1.4631321599999998,1.9354521599999996,1.0768614993359922
code_n32_k16_cw3_020_q02,code_n32_k16_cw3_020,q02,train,0.3,32,16,16,0.5,0.19999999999999996,3,0.1875,6.0,6.25,2.0,11.0,3.0,0.0,3.0,3.0,1,30,441,41416,exact,2,0.09,0.026999999999999996,0.0081,0.09,0.8099999999999998,3.5721,4.472099999999999,1.6996624550070674
code_n32_k16_cw3_020_q03,code_n32_k16_cw3_020,q03,train,0.36,32,16,16,0.5,0.14,3,0.1875,6.0,6.25,2.0,11.0,3.0,0.0,3.0,3.0,1,30,441,41416,exact,2,0.1296,0.046655999999999996,0.016796159999999997,0.1296,1.3996799999999998,7.407106559999999,8.936386559999999,2.2962034294262916
code_n32_k16_cw3_021_q00,code_n32_k16_cw3_021,q00,test,0.18,32,16,16,0.5,0.32000000000000006,3,0.1875,6.0,6.125,2.0,11.0,3.0,0.0,3.0,3.0,1,30,446,41416,exact,2,0.0324,0.0058319999999999995,0.0010497599999999998,0.0324,0.17495999999999998,0.46819295999999994,0.6755529599999999,0.5161432361707727
code_n32_k16_cw3_021_q01,code_n32_k16_cw3_021,q01,test,0.24,32,16,16,0.5,0.26,3,0.1875,6.0,6.125,2.0,11.0,3.0,0.0,3.0,3.0,1,30,446,41416,exact,2,0.0576,0.013823999999999998,0.0033177599999999995,0.0576,0.4147199999999999,1.4797209599999999,1.9520409599999997,1.0824967819807176
code_n32_k16_cw3_021_q02,code_n32_k16_cw3_021,q02,test,0.3,32,16,16,0.5,0.19999999999999996,3,0.1875,6.0,6.125,2.0,11.0,3.0,0.0,3.0,3.0,1,30,446,41416,exact,2,0.09,0.026999999999999996,0.0081,0.09,0.8099999999999998,3.6125999999999996,4.512599999999999,1.707036381197995
code_n32_k16_cw3_021_q03,code_n32_k16_cw3_021,q03,test,0.36,32,16,16,0.5,0.14,3,0.1875,6.0,6.125,2.0,11.0,3.0,0.0,3.0,3.0,1,30,446,41416,exact,2,0.1296,0.046655999999999996,0.016796159999999997,0.1296,1.3996799999999998,7.491087359999999,9.020367359999998,2.3046197576593097
code_n32_k16_cw3_022_q00,code_n32_k16_cw3_022,q00,validation,0.18,32,16,16,0.5,0.32000000000000006,3,0.1875,6.0,6.75,1.0,12.0,3.0,0.0,3.0,3.0,1,30,442,41416,exact,2,0.0324,0.0058319999999999995,0.0010497599999999998,0.0324,0.17495999999999998,0.46399391999999995,0.6713539199999999,0.5136340285031012
code_n32_k16_cw3_022_q01,code_n32_k16_cw3_022,q01,validation,0.24,32,16,16,0.5,0.26,3,0.1875,6.0,6.75,1.0,12.0,3.0,0.0,3.0,3.0,1,30,442,41416,exact,2,0.0576,0.013823999999999998,0.0033177599999999995,0.0576,0.4147199999999999,1.4664499199999999,1.9387699199999997,1.0779910992413424
code_n32_k16_cw3_022_q02,code_n32_k16_cw3_022,q02,validation,0.3,32,16,16,0.5,0.19999999999999996,3,0.1875,6.0,6.75,1.0,12.0,3.0,0.0,3.0,3.0,1,30,442,41416,exact,2,0.09,0.026999999999999996,0.0081,0.09,0.8099999999999998,3.5801999999999996,4.480199999999999,1.7011415966443133
code_n32_k16_cw3_022_q03,code_n32_k16_cw3_022,q03,validation,0.36,32,16,16,0.5,0.14,3,0.1875,6.0,6.75,1.0,12.0,3.0,0.0,3.0,3.0,1,30,442,41416,exact,2,0.1296,0.046655999999999996,0.016796159999999997,0.1296,1.3996799999999998,7.423902719999999,8.95318272,2.2978923713793495
code_n32_k16_cw3_023_q00,code_n32_k16_cw3_023,q00,test,0.18,32,16,16,0.5,0.32000000000000006,3,0.1875,6.0,3.875,1.0,10.0,3.0,0.0,3.0,3.0,0,0,3,41416,exact,4,0.0324,0.0058319999999999995,0.0010497599999999998,0.0,0.0,0.0031492799999999995,0.0031492799999999995,0.0031443314046935215
code_n32_k16_cw3_023_q01,code_n32_k16_cw3_023,q01,test,0.24,32,16,16,0.5,0.26,3,0.1875,6.0,3.875,1.0,10.0,3.0,0.0,3.0,3.0,0,0,3,41416,exact,4,0.0576,0.013823999999999998,0.0033177599999999995,0.0,0.0,0.009953279999999998,0.009953279999999998,0.009904072357517795
code_n32_k16_cw3_023_q02,code_n32_k16_cw3_023,q02,test,0.3,32,16,16,0.5,0.19999999999999996,3,0.1875,6.0,3.875,1.0,10.0,3.0,0.0,3.0,3.0,0,0,3,41416,exact,4,0.09,0.026999999999999996,0.0081,0.0,0.0,0.0243,0.0243,0.024009452460351865
code_n32_k16_cw3_023_q03,code_n32_k16_cw3_023,q03,test,0.36,32,16,16,0.5,0.14,3,0.1875,6.0,3.875,1.0,10.0,3.0,0.0,3.0,3.0,0,0,3,41416,exact,4,0.1296,0.046655999999999996,0.016796159999999997,0.0,0.0,0.05038847999999999,0.05038847999999999,0.04916007669573743
code_n32_k16_cw3_024_q00,code_n32_k16_cw3_024,q00,train,0.18,32,16,16,0.5,0.32000000000000006,3,0.1875,6.0,2.125,4.0,9.0,3.0,0.0,3.0,3.0,1,30,442,41416,exact,2,0.0324,0.0058319999999999995,0.0010497599999999998,0.0324,0.17495999999999998,0.46399391999999995,0.6713539199999999,0.5136340285031012
code_n32_k16_cw3_024_q01,code_n32_k16_cw3_024,q01,train,0.24,32,16,16,0.5,0.26,3,0.1875,6.0,2.125,4.0,9.0,3.0,0.0,3.0,3.0,1,30,442,41416,exact,2,0.0576,0.013823999999999998,0.0033177599999999995,0.0576,0.4147199999999999,1.4664499199999999,1.9387699199999997,1.0779910992413424
code_n32_k16_cw3_024_q02,code_n32_k16_cw3_024,q02,train,0.3,32,16,16,0.5,0.19999999999999996,3,0.1875,6.0,2.125,4.0,9.0,3.0,0.0,3.0,3.0,1,30,442,41416,exact,2,0.09,0.026999999999999996,0.0081,0.09,0.8099999999999998,3.5801999999999996,4.480199999999999,1.7011415966443133
code_n32_k16_cw3_024_q03,code_n32_k16_cw3_024,q03,train,0.36,32,16,16,0.5,0.14,3,0.1875,6.0,2.125,4.0,9.0,3.0,0.0,3.0,3.0,1,30,442,41416,exact,2,0.1296,0.046655999999999996,0.016796159999999997,0.1296,1.3996799999999998,7.423902719999999,8.95318272,2.2978923713793495
code_n32_k16_cw3_025_q00,code_n32_k16_cw3_025,q00,validation,0.18,32,16,16,0.5,0.32000000000000006,3,0.1875,6.0,2.875,3.0,9.0,3.0,0.0,3.0,3.0,1,30,438,41416,exact,2,0.0324,0.0058319999999999995,0.0010497599999999998,0.0324,0.17495999999999998,0.4597948799999999,0.6671548799999999,0.5111185088709606
code_n32_k16_cw3_025_q01,code_n32_k16_cw3_025,q01,validation,0.24,32,16,16,0.5,0.26,3,0.1875,6.0,2.875,3.0,9.0,3.0,0.0,3.0,3.0,1,30,438,41416,exact,2,0.0576,0.013823999999999998,0.0033177599999999995,0.0576,0.4147199999999999,1.4531788799999998,1.9254988799999997,1.0734650234055403
code_n32_k16_cw3_025_q02,code_n32_k16_cw3_025,q02,validation,0.3,32,16,16,0.5,0.19999999999999996,3,0.1875,6.0,2.875,3.0,9.0,3.0,0.0,3.0,3.0,1,30,438,41416,exact,2,0.09,0.026999999999999996,0.0081,0.09,0.8099999999999998,3.5477999999999996,4.447799999999999,1.695211857453826
code_n32_k16_cw3_025_q03,code_n32_k16_cw3_025,q03,validation,0.36,32,16,16,0.5,0.14,3,0.1875,6.0,2.875,3.0,9.0,3.0,0.0,3.0,3.0,1,30,438,41416,exact,2,0.1296,0.046655999999999996,0.016796159999999997,0.1296,1.3996799999999998,7.3567180799999985,8.885998079999998,2.2911194206707086
code_n32_k16_cw3_026_q00,code_n32_k16_cw3_026,q00,train,0.18,32,16,16,0.5,0.32000000000000006,3,0.1875,6.0,9.0,2.0,14.0,3.0,0.0,3.0,3.0,4,118,1687,41416,exact,2,0.0324,0.0058319999999999995,0.0010497599999999998,0.1296,0.6881759999999999,1.7709451199999997,2.5887211199999998,1.2777959050505021
code_n32_k16_cw3_026_q01,code_n32_k16_cw3_026,q01,train,0.24,32,16,16,0.5,0.26,3,0.1875,6.0,9.0,2.0,14.0,3.0,0.0,3.0,3.0,4,118,1687,41416,exact,2,0.0576,0.013823999999999998,0.0033177599999999995,0.2304,1.6312319999999998,5.597061119999999,7.4586931199999995,2.1351946841438765
code_n32_k16_cw3_026_q02,code_n32_k16_cw3_026,q02,train,0.3,32,16,16,0.5,0.19999999999999996,3,0.1875,6.0,9.0,2.0,14.0,3.0,0.0,3.0,3.0,4,118,1687,41416,exact,2,0.09,0.026999999999999996,0.0081,0.36,3.1859999999999995,13.6647,17.2107,2.902009333418056
code_n32_k16_cw3_026_q03,code_n32_k16_cw3_026,q03,train,0.36,32,16,16,0.5,0.14,3,0.1875,6.0,9.0,2.0,14.0,3.0,0.0,3.0,3.0,4,118,1687,41416,exact,2,0.1296,0.046655999999999996,0.016796159999999997,0.5184,5.505407999999999,28.335121919999995,34.358929919999994,3.5655509748680867
code_n32_k16_cw3_027_q00,code_n32_k16_cw3_027,q00,train,0.18,32,16,16,0.5,0.32000000000000006,3,0.1875,6.0,3.375,2.0,9.0,3.0,0.0,3.0,3.0,1,30,443,41416,exact,2,0.0324,0.0058319999999999995,0.0010497599999999998,0.0324,0.17495999999999998,0.4650436799999999,0.67240368,0.514261920928371
code_n32_k16_cw3_027_q01,code_n32_k16_cw3_027,q01,train,0.24,32,16,16,0.5,0.26,3,0.1875,6.0,3.375,2.0,9.0,3.0,0.0,3.0,3.0,1,30,443,41416,exact,2,0.0576,0.013823999999999998,0.0033177599999999995,0.0576,0.4147199999999999,1.4697676799999997,1.9420876799999995,1.07911942459035
code_n32_k16_cw3_027_q02,code_n32_k16_cw3_027,q02,train,0.3,32,16,16,0.5,0.19999999999999996,3,0.1875,6.0,3.375,2.0,9.0,3.0,0.0,3.0,3.0,1,30,443,41416,exact,2,0.09,0.026999999999999996,0.0081,0.09,0.8099999999999998,3.5883,4.4883,1.7026185536525547
code_n32_k16_cw3_027_q03,code_n32_k16_cw3_027,q03,train,0.36,32,16,16,0.5,0.14,3,0.1875,6.0,3.375,2.0,9.0,3.0,0.0,3.0,3.0,1,30,443,41416,exact,2,0.1296,0.046655999999999996,0.016796159999999997,0.1296,1.3996799999999998,7.4406988799999985,8.969978879999998,2.2995784656164378
code_n32_k16_cw3_028_q00,code_n32_k16_cw3_028,q00,validation,0.18,32,16,16,0.5,0.32000000000000006,3,0.1875,6.0,6.625,2.0,11.0,3.0,0.0,3.0,3.0,0,0,11,41416,exact,4,0.0324,0.0058319999999999995,0.0010497599999999998,0.0,0.0,0.011547359999999998,0.011547359999999998,0.011481198081718715
code_n32_k16_cw3_028_q01,code_n32_k16_cw3_028,q01,validation,0.24,32,16,16,0.5,0.26,3,0.1875,6.0,6.625,2.0,11.0,3.0,0.0,3.0,3.0,0,0,11,41416,exact,4,0.0576,0.013823999999999998,0.0033177599999999995,0.0,0.0,0.03649535999999999,0.03649535999999999,0.03584517627972158
code_n32_k16_cw3_028_q02,code_n32_k16_cw3_028,q02,validation,0.3,32,16,16,0.5,0.19999999999999996,3,0.1875,6.0,6.625,2.0,11.0,3.0,0.0,3.0,3.0,0,0,11,41416,exact,4,0.09,0.026999999999999996,0.0081,0.0,0.0,0.0891,0.0891,0.0853516670995037
code_n32_k16_cw3_028_q03,code_n32_k16_cw3_028,q03,validation,0.36,32,16,16,0.5,0.14,3,0.1875,6.0,6.625,2.0,11.0,3.0,0.0,3.0,3.0,0,0,11,41416,exact,4,0.1296,0.046655999999999996,0.016796159999999997,0.0,0.0,0.18475775999999997,0.18475775999999997,0.1695383317491533
code_n32_k16_cw3_029_q00,code_n32_k16_cw3_029,q00,validation,0.18,32,16,16,0.5,0.32000000000000006,3,0.1875,6.0,6.25,2.0,12.0,3.0,0.0,3.0,3.0,1,30,440,41416,exact,2,0.0324,0.0058319999999999995,0.0010497599999999998,0.0324,0.17495999999999998,0.4618943999999999,0.6692543999999999,0.5123770596666999
code_n32_k16_cw3_029_q01,code_n32_k16_cw3_029,q01,validation,0.24,32,16,16,0.5,0.26,3,0.1875,6.0,6.25,2.0,12.0,3.0,0.0,3.0,3.0,1,30,440,41416,exact,2,0.0576,0.013823999999999998,0.0033177599999999995,0.0576,0.4147199999999999,1.4598143999999997,1.9321343999999996,1.0757306219915646
code_n32_k16_cw3_029_q02,code_n32_k16_cw3_029,q02,validation,0.3,32,16,16,0.5,0.19999999999999996,3,0.1875,6.0,6.25,2.0,12.0,3.0,0.0,3.0,3.0,1,30,440,41416,exact,2,0.09,0.026999999999999996,0.0081,0.09,0.8099999999999998,3.5639999999999996,4.4639999999999995,1.6981811222684888
code_n32_k16_cw3_029_q03,code_n32_k16_cw3_029,q03,validation,0.36,32,16,16,0.5,0.14,3,0.1875,6.0,6.25,2.0,12.0,3.0,0.0,3.0,3.0,1,30,440,41416,exact,2,0.1296,0.046655999999999996,0.016796159999999997,0.1296,1.3996799999999998,7.390310399999999,8.919590399999999,2.2945116301217316
code_n32_k16_cw3_030_q00,code_n32_k16_cw3_030,q00,train,0.18,32,16,16,0.5,0.32000000000000006,3,0.1875,6.0,3.875,2.0,9.0,3.0,0.0,3.0,3.0,0,0,9,41416,exact,4,0.0324,0.0058319999999999995,0.0010497599999999998,0.0,0.0,0.009447839999999999,0.009447839999999999,0.009403488292718807
code_n32_k16_cw3_030_q01,code_n32_k16_cw3_030,q01,train,0.24,32,16,16,0.5,0.26,3,0.1875,6.0,3.875,2.0,9.0,3.0,0.0,3.0,3.0,0,0,9,41416,exact,4,0.0576,0.013823999999999998,0.0033177599999999995,0.0,0.0,0.029859839999999995,0.029859839999999995,0.029422715312235354
code_n32_k16_cw3_030_q02,code_n32_k16_cw3_030,q02,train,0.3,32,16,16,0.5,0.19999999999999996,3,0.1875,6.0,3.875,2.0,9.0,3.0,0.0,3.0,3.0,0,0,9,41416,exact,4,0.09,0.026999999999999996,0.0081,0.0,0.0,0.07289999999999999,0.07289999999999999,0.07036526266056348
code_n32_k16_cw3_030_q03,code_n32_k16_cw3_030,q03,train,0.36,32,16,16,0.5,0.14,3,0.1875,6.0,3.875,2.0,9.0,3.0,0.0,3.0,3.0,0,0,9,41416,exact,4,0.1296,0.046655999999999996,0.016796159999999997,0.0,0.0,0.15116543999999998,0.15116543999999998,0.14077485529257536
code_n32_k16_cw3_031_q00,code_n32_k16_cw3_031,q00,test,0.18,32,16,16,0.5,0.32000000000000006,3,0.1875,6.0,5.375,2.0,12.0,3.0,0.0,3.0,3.0,0,0,3,41416,exact,4,0.0324,0.0058319999999999995,0.0010497599999999998,0.0,0.0,0.0031492799999999995,0.0031492799999999995,0.0031443314046935215
code_n32_k16_cw3_031_q01,code_n32_k16_cw3_031,q01,test,0.24,32,16,16,0.5,0.26,3,0.1875,6.0,5.375,2.0,12.0,3.0,0.0,3.0,3.0,0,0,3,41416,exact,4,0.0576,0.013823999999999998,0.0033177599999999995,0.0,0.0,0.009953279999999998,0.009953279999999998,0.009904072357517795
code_n32_k16_cw3_031_q02,code_n32_k16_cw3_031,q02,test,0.3,32,16,16,0.5,0.19999999999999996,3,0.1875,6.0,5.375,2.0,12.0,3.0,0.0,3.0,3.0,0,0,3,41416,exact,4,0.09,0.026999999999999996,0.0081,0.0,0.0,0.0243,0.0243,0.024009452460351865
code_n32_k16_cw3_031_q03,code_n32_k16_cw3_031,q03,test,0.36,32,16,16,0.5,0.14,3,0.1875,6.0,5.375,2.0,12.0,3.0,0.0,3.0,3.0,0,0,3,41416,exact,4,0.1296,0.046655999999999996,0.016796159999999997,0.0,0.0,0.05038847999999999,0.05038847999999999,0.04916007669573743
code_n32_k16_cw3_032_q00,code_n32_k16_cw3_032,q00,train,0.18,32,16,16,0.5,0.32000000000000006,3,0.1875,6.0,6.375,1.0,11.0,3.0,0.0,3.0,3.0,1,30,441,41416,exact,2,0.0324,0.0058319999999999995,0.0010497599999999998,0.0324,0.17495999999999998,0.46294415999999994,0.6703041599999999,0.5130057415812195
code_n32_k16_cw3_032_q01,code_n32_k16_cw3_032,q01,train,0.24,32,16,16,0.5,0.26,3,0.1875,6.0,6.375,1.0,11.0,3.0,0.0,3.0,3.0,1,30,441,41416,exact,2,0.0576,0.013823999999999998,0.0033177599999999995,0.0576,0.4147199999999999,1.4631321599999998,1.9354521599999996,1.0768614993359922
code_n32_k16_cw3_032_q02,code_n32_k16_cw3_032,q02,train,0.3,32,16,16,0.5,0.19999999999999996,3,0.1875,6.0,6.375,1.0,11.0,3.0,0.0,3.0,3.0,1,30,441,41416,exact,2,0.09,0.026999999999999996,0.0081,0.09,0.8099999999999998,3.5721,4.472099999999999,1.6996624550070674
code_n32_k16_cw3_032_q03,code_n32_k16_cw3_032,q03,train,0.36,32,16,16,0.5,0.14,3,0.1875,6.0,6.375,1.0,11.0,3.0,0.0,3.0,3.0,1,30,441,41416,exact,2,0.1296,0.046655999999999996,0.016796159999999997,0.1296,1.3996799999999998,7.407106559999999,8.936386559999999,2.2962034294262916
code_n32_k16_cw3_033_q00,code_n32_k16_cw3_033,q00,test,0.18,32,16,16,0.5,0.32000000000000006,3,0.1875,6.0,2.875,2.0,9.0,3.0,0.0,3.0,3.0,1,30,436,41416,exact,2,0.0324,0.0058319999999999995,0.0010497599999999998,0.0324,0.17495999999999998,0.45769535999999994,0.66505536,0.5098583721289124
code_n32_k16_cw3_033_q01,code_n32_k16_cw3_033,q01,test,0.24,32,16,16,0.5,0.26,3,0.1875,6.0,2.875,2.0,9.0,3.0,0.0,3.0,3.0,1,30,436,41416,exact,2,0.0576,0.013823999999999998,0.0033177599999999995,0.0576,0.4147199999999999,1.4465433599999997,1.9188633599999996,1.0711942802247707
code_n32_k16_cw3_033_q02,code_n32_k16_cw3_033,q02,test,0.3,32,16,16,0.5,0.19999999999999996,3,0.1875,6.0,2.875,2.0,9.0,3.0,0.0,3.0,3.0,1,30,436,41416,exact,2,0.09,0.026999999999999996,0.0081,0.09,0.8099999999999998,3.5315999999999996,4.4315999999999995,1.6922337498425024
code_n32_k16_cw3_033_q03,code_n32_k16_cw3_033,q03,test,0.36,32,16,16,0.5,0.14,3,0.1875,6.0,2.875,2.0,9.0,3.0,0.0,3.0,3.0,1,30,436,41416,exact,2,0.1296,0.046655999999999996,0.016796159999999997,0.1296,1.3996799999999998,7.323125759999999,8.852405759999998,2.2877156649562718
code_n32_k16_cw3_034_q00,code_n32_k16_cw3_034,q00,test,0.18,32,16,16,0.5,0.32000000000000006,3,0.1875,6.0,2.125,4.0,9.0,3.0,0.0,3.0,3.0,0,0,1,41416,exact,4,0.0324,0.0058319999999999995,0.0010497599999999998,0.0,0.0,0.0010497599999999998,0.0010497599999999998,0.0010492093872783161
code_n32_k16_cw3_034_q01,code_n32_k16_cw3_034,q01,test,0.24,32,16,16,0.5,0.26,3,0.1875,6.0,2.125,4.0,9.0,3.0,0.0,3.0,3.0,0,0,1,41416,exact,4,0.0576,0.013823999999999998,0.0033177599999999995,0.0,0.0,0.0033177599999999995,0.0033177599999999995,0.003312268377529086
code_n32_k16_cw3_034_q02,code_n32_k16_cw3_034,q02,test,0.3,32,16,16,0.5,0.19999999999999996,3,0.1875,6.0,2.125,4.0,9.0,3.0,0.0,3.0,3.0,0,0,1,41416,exact,4,0.09,0.026999999999999996,0.0081,0.0,0.0,0.0081,0.0081,0.008067371077758796
code_n32_k16_cw3_034_q03,code_n32_k16_cw3_034,q03,test,0.36,32,16,16,0.5,0.14,3,0.1875,6.0,2.125,4.0,9.0,3.0,0.0,3.0,3.0,0,0,1,41416,exact,4,0.1296,0.046655999999999996,0.016796159999999997,0.0,0.0,0.016796159999999997,0.016796159999999997,0.01665666433208147
code_n32_k16_cw3_035_q00,code_n32_k16_cw3_035,q00,validation,0.18,32,16,16,0.5,0.32000000000000006,3,0.1875,6.0,3.0,4.0,10.0,3.0,0.0,3.0,3.0,1,30,441,41416,exact,2,0.0324,0.0058319999999999995,0.0010497599999999998,0.0324,0.17495999999999998,0.46294415999999994,0.6703041599999999,0.5130057415812195
code_n32_k16_cw3_035_q01,code_n32_k16_cw3_035,q01,validation,0.24,32,16,16,0.5,0.26,3,0.1875,6.0,3.0,4.0,10.0,3.0,0.0,3.0,3.0,1,30,441,41416,exact,2,0.0576,0.013823999999999998,0.0033177599999999995,0.0576,0.4147199999999999,1.4631321599999998,1.9354521599999996,1.0768614993359922
code_n32_k16_cw3_035_q02,code_n32_k16_cw3_035,q02,validation,0.3,32,16,16,0.5,0.19999999999999996,3,0.1875,6.0,3.0,4.0,10.0,3.0,0.0,3.0,3.0,1,30,441,41416,exact,2,0.09,0.026999999999999996,0.0081,0.09,0.8099999999999998,3.5721,4.472099999999999,1.6996624550070674
code_n32_k16_cw3_035_q03,code_n32_k16_cw3_035,q03,validation,0.36,32,16,16,0.5,0.14,3,0.1875,6.0,3.0,4.0,10.0,3.0,0.0,3.0,3.0,1,30,441,41416,exact,2,0.1296,0.046655999999999996,0.016796159999999997,0.1296,1.3996799999999998,7.407106559999999,8.936386559999999,2.2962034294262916
code_n32_k16_cw3_036_q00,code_n32_k16_cw3_036,q00,validation,0.18,32,16,16,0.5,0.32000000000000006,3,0.1875,6.0,4.5,2.0,9.0,3.0,0.0,3.0,3.0,1,30,441,41416,exact,2,0.0324,0.0058319999999999995,0.0010497599999999998,0.0324,0.17495999999999998,0.46294415999999994,0.6703041599999999,0.5130057415812195
code_n32_k16_cw3_036_q01,code_n32_k16_cw3_036,q01,validation,0.24,32,16,16,0.5,0.26,3,0.1875,6.0,4.5,2.0,9.0,3.0,0.0,3.0,3.0,1,30,441,41416,exact,2,0.0576,0.013823999999999998,0.0033177599999999995,0.0576,0.4147199999999999,1.4631321599999998,1.9354521599999996,1.0768614993359922
code_n32_k16_cw3_036_q02,code_n32_k16_cw3_036,q02,validation,0.3,32,16,16,0.5,0.19999999999999996,3,0.1875,6.0,4.5,2.0,9.0,3.0,0.0,3.0,3.0,1,30,441,41416,exact,2,0.09,0.026999999999999996,0.0081,0.09,0.8099999999999998,3.5721,4.472099999999999,1.6996624550070674
code_n32_k16_cw3_036_q03,code_n32_k16_cw3_036,q03,validation,0.36,32,16,16,0.5,0.14,3,0.1875,6.0,4.5,2.0,9.0,3.0,0.0,3.0,3.0,1,30,441,41416,exact,2,0.1296,0.046655999999999996,0.016796159999999997,0.1296,1.3996799999999998,7.407106559999999,8.936386559999999,2.2962034294262916
code_n32_k16_cw3_037_q00,code_n32_k16_cw3_037,q00,validation,0.18,32,16,16,0.5,0.32000000000000006,3,0.1875,6.0,4.875,2.0,11.0,3.0,0.0,3.0,3.0,0,0,2,41416,exact,4,0.0324,0.0058319999999999995,0.0010497599999999998,0.0,0.0,0.0020995199999999997,0.0020995199999999997,0.002097319087919047
code_n32_k16_cw3_037_q01,code_n32_k16_cw3_037,q01,validation,0.24,32,16,16,0.5,0.26,3,0.1875,6.0,4.875,2.0,11.0,3.0,0.0,3.0,3.0,0,0,2,41416,exact,4,0.0576,0.013823999999999998,0.0033177599999999995,0.0,0.0,0.006635519999999999,0.006635519999999999,0.006613601842653617
code_n32_k16_cw3_037_q02,code_n32_k16_cw3_037,q02,validation,0.3,32,16,16,0.5,0.19999999999999996,3,0.1875,6.0,4.875,2.0,11.0,3.0,0.0,3.0,3.0,0,0,2,41416,exact,4,0.09,0.026999999999999996,0.0081,0.0,0.0,0.0162,0.0162,0.016070180177494467
code_n32_k16_cw3_037_q03,code_n32_k16_cw3_037,q03,validation,0.36,32,16,16,0.5,0.14,3,0.1875,6.0,4.875,2.0,11.0,3.0,0.0,3.0,3.0,0,0,2,41416,exact,4,0.1296,0.046655999999999996,0.016796159999999997,0.0,0.0,0.033592319999999995,0.033592319999999995,0.03304042367803795
code_n32_k16_cw3_038_q00,code_n32_k16_cw3_038,q00,validation,0.18,32,16,16,0.5,0.32000000000000006,3,0.1875,6.0,4.625,2.0,9.0,3.0,0.0,3.0,3.0,2,60,874,41416,exact,2,0.0324,0.0058319999999999995,0.0010497599999999998,0.0648,0.34991999999999995,0.9174902399999999,1.3322102399999998,0.8468164187985124
code_n32_k16_cw3_038_q01,code_n32_k16_cw3_038,q01,validation,0.24,32,16,16,0.5,0.26,3,0.1875,6.0,4.625,2.0,9.0,3.0,0.0,3.0,3.0,2,60,874,41416,exact,2,0.0576,0.013823999999999998,0.0033177599999999995,0.1152,0.8294399999999998,2.8997222399999996,3.8443622399999993,1.5778156040674578
code_n32_k16_cw3_038_q02,code_n32_k16_cw3_038,q02,validation,0.3,32,16,16,0.5,0.19999999999999996,3,0.1875,6.0,4.625,2.0,9.0,3.0,0.0,3.0,3.0,2,60,874,41416,exact,2,0.09,0.026999999999999996,0.0081,0.18,1.6199999999999997,7.0794,8.879399999999999,2.290451781170772
code_n32_k16_cw3_038_q03,code_n32_k16_cw3_038,q03,validation,0.36,32,16,16,0.5,0.14,3,0.1875,6.0,4.625,2.0,9.0,3.0,0.0,3.0,3.0,2,60,874,41416,exact,2,0.1296,0.046655999999999996,0.016796159999999997,0.2592,2.7993599999999996,14.679843839999998,17.738403839999997,2.930575099223323
code_n32_k16_cw3_039_q00,code_n32_k16_cw3_039,q00,train,0.18,32,16,16,0.5,0.32000000000000006,3,0.1875,6.0,3.875,4.0,11.0,3.0,0.0,3.0,3.0,0,0,9,41416,exact,4,0.0324,0.0058319999999999995,0.0010497599999999998,0.0,0.0,0.009447839999999999,0.009447839999999999,0.009403488292718807
code_n32_k16_cw3_039_q01,code_n32_k16_cw3_039,q01,train,0.24,32,16,16,0.5,0.26,3,0.1875,6.0,3.875,4.0,11.0,3.0,0.0,3.0,3.0,0,0,9,41416,exact,4,0.0576,0.013823999999999998,0.0033177599999999995,0.0,0.0,0.029859839999999995,0.029859839999999995,0.029422715312235354
code_n32_k16_cw3_039_q02,code_n32_k16_cw3_039,q02,train,0.3,32,16,16,0.5,0.19999999999999996,3,0.1875,6.0,3.875,4.0,11.0,3.0,0.0,3.0,3.0,0,0,9,41416,exact,4,0.09,0.026999999999999996,0.0081,0.0,0.0,0.07289999999999999,0.07289999999999999,0.07036526266056348
code_n32_k16_cw3_039_q03,code_n32_k16_cw3_039,q03,train,0.36,32,16,16,0.5,0.14,3,0.1875,6.0,3.875,4.0,11.0,3.0,0.0,3.0,3.0,0,0,9,41416,exact,4,0.1296,0.046655999999999996,0.016796159999999997,0.0,0.0,0.15116543999999998,0.15116543999999998,0.14077485529257536
