row_id,code_id,q_id,split,q,n,k,r,rate,capacity_margin,column_weight,parity_check_density,check_degree_mean,check_degree_variance,check_degree_min,check_degree_max,variable_degree_mean,variable_degree_variance,variable_degree_min,variable_degree_max,check_degree_count_1,variable_degree_count_1,check_degree_count_2,variable_degree_count_2,check_degree_count_3,variable_degree_count_3,check_degree_count_4,variable_degree_count_4,check_degree_count_ge5,variable_degree_count_ge5,stopping_subset_tests,stopping_count_status,min_stopping_order,N_stop_2,N_stop_3,N_stop_4,N_stop_5,dependency_subset_tests,dependency_count_status,min_dependency_order,N_dep_2,N_dep_3,N_dep_4,q_power_2,q_power_3,q_power_4,q_power_5,N_stop_2_q2,N_stop_3_q3,N_stop_4_q4,N_stop_5_q5,N_dep_2_q2,N_dep_3_q3,N_dep_4_q4,H_stop_5,log1p_H_stop_5,H_dep_4,log1p_H_dep_4
code_n24_k12_cw3_000_q00,code_n24_k12_cw3_000,q00,train,0.18,24,12,12,0.5,0.32000000000000006,3,0.25,6.0,2.3333333333333335,4.0,9.0,3.0,0.0,3.0,3.0,0,0,0,0,0,24,3,0,9,0,55430,exact_all,3,0,1,11,53,12926,exact,4,0,0,9,0.0324,0.0058319999999999995,0.0010497599999999998,0.00018895679999999997,0.0,0.0058319999999999995,0.011547359999999998,0.010014710399999998,0.0,0.0,0.009447839999999999,0.027394070399999994,0.027025567572432706,0.009447839999999999,0.009403488292718807
code_n24_k12_cw3_000_q01,code_n24_k12_cw3_000,q01,train,0.24,24,12,12,0.5,0.26,3,0.25,6.0,2.3333333333333335,4.0,9.0,3.0,0.0,3.0,3.0,0,0,0,0,0,24,3,0,9,0,55430,exact_all,3,0,1,11,53,12926,exact,4,0,0,9,0.0576,0.013823999999999998,0.0033177599999999995,0.0007962623999999999,0.0,0.013823999999999998,0.03649535999999999,0.04220190719999999,0.0,0.0,0.029859839999999995,0.09252126719999998,0.08848811434275985,0.029859839999999995,0.029422715312235354
code_n24_k12_cw3_000_q02,code_n24_k12_cw3_000,q02,train,0.3,24,12,12,0.5,0.19999999999999996,3,0.25,6.0,2.3333333333333335,4.0,9.0,3.0,0.0,3.0,3.0,0,0,0,0,0,24,3,0,9,0,55430,exact_all,3,0,1,11,53,12926,exact,4,0,0,9,0.09,0.026999999999999996,0.0081,0.0024299999999999994,0.0,0.026999999999999996,0.0891,0.12878999999999996,0.0,0.0,0.07289999999999999,0.24488999999999994,0.2190471725996235,0.07289999999999999,0.07036526266056348
code_n24_k12_cw3_000_q03,code_n24_k12_cw3_000,q03,train,0.36,24,12,12,0.5,0.14,3,0.25,6.0,2.3333333333333335,4.0,9.0,3.0,0.0,3.0,3.0,0,0,0,0,0,24,3,0,9,0,55430,exact_all,3,0,1,11,53,12926,exact,4,0,0,9,0.1296,0.046655999999999996,0.016796159999999997,0.006046617599999999,0.0,0.046655999999999996,0.18475775999999997,0.32047073279999994,0.0,0.0,0.15116543999999998,0.5518844928,0.4394699942491004,0.15116543999999998,0.14077485529257536
code_n24_k12_cw3_001_q00,code_n24_k12_cw3_001,q00,train,0.18,24,12,12,0.5,0.32000000000000006,3,0.25,6.0,5.166666666666667,2.0,10.0,3.0,0.0,3.0,3.0,0,0,1,0,1,24,1,0,9,0,55430,exact_all,2,1,3,17,90,12926,exact,2,1,22,243,0.0324,0.0058319999999999995,0.0010497599999999998,0.00018895679999999997,0.0324,0.017495999999999998,0.017845919999999998,0.017006111999999997,0.0324,0.128304,0.25509168,0.084748032,0.08134773145176417,0.41579568,0.3476916910748675
code_n24_k12_cw3_001_q01,code_n24_k12_cw3_001,q01,train,0.24,24,12,12,0.5,0.26,3,0.25,6.0,5.166666666666667,2.0,10.0,3.0,0.0,3.0,3.0,0,0,1,0,1,24,1,0,9,0,55430,exact_all,2,1,3,17,90,12926,exact,2,1,22,243,0.0576,0.013823999999999998,0.0033177599999999995,0.0007962623999999999,0.0576,0.041471999999999995,0.056401919999999994,0.07166361599999999,0.0576,0.30412799999999995,0.8062156799999999,0.22713753599999997,0.2046842507265599,1.1679436799999998,0.7737791053801907
code_n24_k12_cw3_001_q02,code_n24_k12_cw3_001,q02,train,0.3,24,12,12,0.5,0.19999999999999996,3,0.25,6.0,5.166666666666667,2.0,10.0,3.0,0.0,3.0,3.0,0,0,1,0,1,24,1,0,9,0,55430,exact_all,2,1,3,17,90,12926,exact,2,1,22,243,0.09,0.026999999999999996,0.0081,0.0024299999999999994,0.09,0.08099999999999999,0.1377,0.21869999999999995,0.09,0.5939999999999999,1.9683,0.5273999999999999,0.42356694347214663,2.6523,1.2953571061277547
code_n24_k12_cw3_001_q03,code_n24_k12_cw3_001,q03,train,0.36,24,12,12,0.5,0.14,3,0.25,6.0,5.166666666666667,2.0,10.0,3.0,0.0,3.0,3.0,0,0,1,0,1,24,1,0,9,0,55430,exact_all,2,1,3,17,90,12926,exact,2,1,22,243,0.1296,0.046655999999999996,0.016796159999999997,0.006046617599999999,0.1296,0.13996799999999998,0.28553471999999996,0.5441955839999999,0.1296,1.026432,4.08146688,1.099298304,0.7416031479394696,5.2374988799999995,1.8305792815185027
code_n24_k12_cw3_002_q00,code_n24_k12_cw3_002,q00,train,0.18,24,12,12,0.5,0.32000000000000006,3,0.25,6.0,5.5,2.0,11.0,3.0,0.0,3.0,3.0,0,0,1,0,0,24,3,0,8,0,55430,exact_all,3,0,2,22,109,12926,exact,4,0,0,14,0.0324,0.0058319999999999995,0.0010497599999999998,0.00018895679999999997,0.0,0.011663999999999999,0.023094719999999996,0.0205962912,0.0,0.0,0.014696639999999997,0.05535501119999999,0.05387721383053174,0.014696639999999997,0.014589690973873798
code_n24_k12_cw3_002_q01,code_n24_k12_cw3_002,q01,train,0.24,24,12,12,0.5,0.26,3,0.25,6.0,5.5,2.0,11.0,3.0,0.0,3.0,3.0,0,0,1,0,0,24,3,0,8,0,55430,exact_all,3,0,2,22,109,12926,exact,4,0,0,14,0.0576,0.013823999999999998,0.0033177599999999995,0.0007962623999999999,0.0,0.027647999999999995,0.07299071999999998,0.08679260159999999,0.0,0.0,0.04644863999999999,0.18743132159999998,0.1717924208120781,0.04644863999999999,0.04540218382091578
code_n24_k12_cw3_002_q02,code_n24_k12_cw3_002,q02,train,0.3,24,12,12,0.5,0.19999999999999996,3,0.25,6.0,5.5,2.0,11.0,3.0,0.0,3.0,3.0,0,0,1,0,0,24,3,0,8,0,55430,exact_all,3,0,2,22,109,12926,exact,4,0,0,14,0.09,0.026999999999999996,0.0081,0.0024299999999999994,0.0,0.05399999999999999,0.1782,0.26486999999999994,0.0,0.0,0.1134,0.4970699999999999,0.4035098645313085,0.1134,0.10741839676727034
code_n24_k12_cw3_002_q03,code_n24_k12_cw3_002,q03,train,0.36,24,12,12,0.5,0.14,3,0.25,6.0,5.5,2.0,11.0,3.0,0.0,3.0,3.0,0,0,1,0,0,24,3,0,8,0,55430,exact_all,3,0,2,22,109,12926,exact,4,0,0,14,0.1296,0.046655999999999996,0.016796159999999997,0.006046617599999999,0.0,0.09331199999999999,0.36951551999999993,0.6590813184,0.0,0.0,0.23514623999999995,1.1219088384,0.7523160790427728,0.23514623999999995,0.21118937602514545
code_n24_k12_cw3_003_q00,code_n24_k12_cw3_003,q00,train,0.18,24,12,12,0.5,0.32000000000000006,3,0.25,6.0,5.333333333333333,2.0,9.0,3.0,0.0,3.0,3.0,0,0,1,0,1,24,2,0,8,0,55430,exact_all,2,1,7,20,138,12926,exact,2,1,22,246,0.0324,0.0058319999999999995,0.0010497599999999998,0.00018895679999999997,0.0324,0.040824,0.0209952,0.026076038399999998,0.0324,0.128304,0.25824095999999996,0.1202952384,0.11359225628340719,0.41894496,0.34991360954684847
code_n24_k12_cw3_003_q01,code_n24_k12_cw3_003,q01,train,0.24,24,12,12,0.5,0.26,3,0.25,6.0,5.333333333333333,2.0,9.0,3.0,0.0,3.0,3.0,0,0,1,0,1,24,2,0,8,0,55430,exact_all,2,1,7,20,138,12926,exact,2,1,22,246,0.0576,0.013823999999999998,0.0033177599999999995,0.0007962623999999999,0.0576,0.09676799999999998,0.06635519999999999,0.10988421119999998,0.0576,0.30412799999999995,0.8161689599999998,0.3306074111999999,0.2856355381282658,1.1778969599999998,0.7783597139334224
code_n24_k12_cw3_003_q02,code_n24_k12_cw3_003,q02,train,0.3,24,12,12,0.5,0.19999999999999996,3,0.25,6.0,5.333333333333333,2.0,9.0,3.0,0.0,3.0,3.0,0,0,1,0,1,24,2,0,8,0,55430,exact_all,2,1,7,20,138,12926,exact,2,1,22,246,0.09,0.026999999999999996,0.0081,0.0024299999999999994,0.09,0.18899999999999997,0.16199999999999998,0.3353399999999999,0.09,0.5939999999999999,1.9926,0.7763399999999998,0.5745550676888453,2.6765999999999996,1.301988412066634
code_n24_k12_cw3_003_q03,code_n24_k12_cw3_003,q03,train,0.36,24,12,12,0.5,0.14,3,0.25,6.0,5.333333333333333,2.0,9.0,3.0,0.0,3.0,3.0,0,0,1,0,1,24,2,0,8,0,55430,exact_all,2,1,7,20,138,12926,exact,2,1,22,246,0.1296,0.046655999999999996,0.016796159999999997,0.006046617599999999,0.1296,0.326592,0.3359232,0.8344332287999999,0.1296,1.026432,4.131855359999999,1.6265484288,0.9656705997722552,5.287887359999999,1.8386251414804518
code_n24_k12_cw3_004_q00,code_n24_k12_cw3_004,q00,test,0.18,24,12,12,0.5,0.32000000000000006,3,0.25,6.0,3.6666666666666665,3.0,11.0,3.0,0.0,3.0,3.0,0,0,0,0,1,24,0,0,11,0,55430,exact_all,3,0,1,14,76,12926,exact,4,0,0,7,0.0324,0.0058319999999999995,0.0010497599999999998,0.00018895679999999997,0.0,0.0058319999999999995,0.014696639999999997,0.014360716799999998,0.0,0.0,0.0073483199999999985,0.03488935679999999,0.03429451936043247,0.0073483199999999985,0.007321452636295071
code_n24_k12_cw3_004_q01,code_n24_k12_cw3_004,q01,test,0.24,24,12,12,0.5,0.26,3,0.25,6.0,3.6666666666666665,3.0,11.0,3.0,0.0,3.0,3.0,0,0,0,0,1,24,0,0,11,0,55430,exact_all,3,0,1,14,76,12926,exact,4,0,0,7,0.0576,0.013823999999999998,0.0033177599999999995,0.0007962623999999999,0.0,0.013823999999999998,0.04644863999999999,0.06051594239999999,0.0,0.0,0.023224319999999996,0.12078858239999998,0.11403252897949316,0.023224319999999996,0.0229587395692226
code_n24_k12_cw3_004_q02,code_n24_k12_cw3_004,q02,test,0.3,24,12,12,0.5,0.19999999999999996,3,0.25,6.0,3.6666666666666665,3.0,11.0,3.0,0.0,3.0,3.0,0,0,0,0,1,24,0,0,11,0,55430,exact_all,3,0,1,14,76,12926,exact,4,0,0,7,0.09,0.026999999999999996,0.0081,0.0024299999999999994,0.0,0.026999999999999996,0.1134,0.18467999999999996,0.0,0.0,0.0567,0.3250799999999999,0.2814728349740367,0.0567,0.05515084446484804
code_n24_k12_cw3_004_q03,code_n24_k12_cw3_004,q03,test,0.36,24,12,12,0.5,0.14,3,0.25,6.0,3.6666666666666665,3.0,11.0,3.0,0.0,3.0,3.0,0,0,0,0,1,24,0,0,11,0,55430,exact_all,3,0,1,14,76,12926,exact,4,0,0,7,0.1296,0.046655999999999996,0.016796159999999997,0.006046617599999999,0.0,0.046655999999999996,0.23514623999999995,0.4595429375999999,0.0,0.0,0.11757311999999998,0.7413451775999998,0.55465790512056,0.11757311999999998,0.11115947713235992
code_n24_k12_cw3_005_q00,code_n24_k12_cw3_005,q00,validation,0.18,24,12,12,0.5,0.32000000000000006,3,0.25,6.0,3.1666666666666665,3.0,9.0,3.0,0.0,3.0,3.0,0,0,0,0,1,24,2,0,9,0,55430,exact_all,2,1,2,12,59,12926,exact,2,1,22,238,0.0324,0.0058319999999999995,0.0010497599999999998,0.00018895679999999997,0.0324,0.011663999999999999,0.012597119999999998,0.011148451199999998,0.0324,0.128304,0.24984287999999996,0.06780957119999999,0.06560942052008349,0.41054687999999995,0.343977487348574
code_n24_k12_cw3_005_q01,code_n24_k12_cw3_005,q01,validation,0.24,24,12,12,0.5,0.26,3,0.25,6.0,3.1666666666666665,3.0,9.0,3.0,0.0,3.0,3.0,0,0,0,0,1,24,2,0,9,0,55430,exact_all,2,1,2,12,59,12926,exact,2,1,22,238,0.0576,0.013823999999999998,0.0033177599999999995,0.0007962623999999999,0.0576,0.027647999999999995,0.039813119999999994,0.04697948159999999,0.0576,0.30412799999999995,0.7896268799999999,0.17204060159999995,0.15874633355817883,1.15135488,0.7660978204057728
code_n24_k12_cw3_005_q02,code_n24_k12_cw3_005,q02,validation,0.3,24,12,12,0.5,0.19999999999999996,3,0.25,6.0,3.1666666666666665,3.0,9.0,3.0,0.0,3.0,3.0,0,0,0,0,1,24,2,0,9,0,55430,exact_all,2,1,2,12,59,12926,exact,2,1,22,238,0.09,0.026999999999999996,0.0081,0.0024299999999999994,0.09,0.05399999999999999,0.0972,0.14336999999999997,0.09,0.5939999999999999,1.9278,0.38456999999999997,0.32538962211964706,2.6117999999999997,1.2842062630361057
code_n24_k12_cw3_005_q03,code_n24_k12_cw3_005,q03,validation,0.36,24,12,12,0.5,0.14,3,0.25,6.0,3.1666666666666665,3.0,9.0,3.0,0.0,3.0,3.0,0,0,0,0,1,24,2,0,9,0,55430,exact_all,2,1,2,12,59,12926,exact,2,1,22,238,0.1296,0.046655999999999996,0.016796159999999997,0.006046617599999999,0.1296,0.09331199999999999,0.20155391999999997,0.3567504383999999,0.1296,1.026432,3.9974860799999994,0.7812163583999998,0.5772964783441904,5.15351808,1.8170239637912096
code_n24_k12_cw3_006_q00,code_n24_k12_cw3_006,q00,train,0.18,24,12,12,0.5,0.32000000000000006,3,0.25,6.0,2.8333333333333335,3.0,8.0,3.0,0.0,3.0,3.0,0,0,0,0,1,24,1,0,10,0,55430,exact_all,2,2,1,18,113,12926,exact,2,2,44,470,0.0324,0.0058319999999999995,0.0010497599999999998,0.00018895679999999997,0.0648,0.0058319999999999995,0.018895679999999998,0.021352118399999998,0.0648,0.256608,0.4933871999999999,0.1108797984,0.10515231254506235,0.8147951999999999,0.5959726238846236
code_n24_k12_cw3_006_q01,code_n24_k12_cw3_006,q01,train,0.24,24,12,12,0.5,0.26,3,0.25,6.0,2.8333333333333335,3.0,8.0,3.0,0.0,3.0,3.0,0,0,0,0,1,24,1,0,10,0,55430,exact_all,2,2,1,18,113,12926,exact,2,2,44,470,0.0576,0.013823999999999998,0.0033177599999999995,0.0007962623999999999,0.1152,0.013823999999999998,0.05971967999999999,0.08997765119999998,0.1152,0.6082559999999999,1.5593471999999997,0.2787213312,0.2458606186384414,2.2828031999999996,1.1886976915505731
code_n24_k12_cw3_006_q02,code_n24_k12_cw3_006,q02,train,0.3,24,12,12,0.5,0.19999999999999996,3,0.25,6.0,2.8333333333333335,3.0,8.0,3.0,0.0,3.0,3.0,0,0,0,0,1,24,1,0,10,0,55430,exact_all,2,2,1,18,113,12926,exact,2,2,44,470,0.09,0.026999999999999996,0.0081,0.0024299999999999994,0.18,0.026999999999999996,0.14579999999999999,0.27458999999999995,0.18,1.1879999999999997,3.807,0.6273899999999999,0.48697750449074056,5.175,1.820508882514041
code_n24_k12_cw3_006_q03,code_n24_k12_cw3_006,q03,train,0.36,24,12,12,0.5,0.14,3,0.25,6.0,2.8333333333333335,3.0,8.0,3.0,0.0,3.0,3.0,0,0,0,0,1,24,1,0,10,0,55430,exact_all,2,2,1,18,113,12926,exact,2,2,44,470,0.1296,0.046655999999999996,0.016796159999999997,0.006046617599999999,0.2592,0.046655999999999996,0.30233087999999997,0.6832677887999999,0.2592,2.052864,7.894195199999999,1.2914546687999997,0.8291868424453814,10.206259199999998,2.4164724793414094
code_n24_k12_cw3_007_q00,code_n24_k12_cw3_007,q00,train,0.18,24,12,12,0.5,0.32000000000000006,3,0.25,6.0,8.166666666666666,2.0,10.0,3.0,0.0,3.0,3.0,0,0,1,0,3,24,0,0,8,0,55430,exact_all,3,0,6,34,215,12926,exact,4,0,0,14,0.0324,0.0058319999999999995,0.0010497599999999998,0.00018895679999999997,0.0,0.034991999999999995,0.035691839999999996,0.040625711999999994,0.0,0.0,0.014696639999999997,0.11130955199999999,0.10553909651131645,0.014696639999999997,0.014589690973873798
code_n24_k12_cw3_007_q01,code_n24_k12_cw3_007,q01,train,0.24,24,12,12,0.5,0.26,3,0.25,6.0,8.166666666666666,2.0,10.0,3.0,0.0,3.0,3.0,0,0,1,0,3,24,0,0,8,0,55430,exact_all,3,0,6,34,215,12926,exact,4,0,0,14,0.0576,0.013823999999999998,0.0033177599999999995,0.0007962623999999999,0.0,0.08294399999999999,0.11280383999999999,0.17119641599999996,0.0,0.0,0.04644863999999999,0.3669442559999999,0.31257777856360836,0.04644863999999999,0.04540218382091578
code_n24_k12_cw3_007_q02,code_n24_k12_cw3_007,q02,train,0.3,24,12,12,0.5,0.19999999999999996,3,0.25,6.0,8.166666666666666,2.0,10.0,3.0,0.0,3.0,3.0,0,0,1,0,3,24,0,0,8,0,55430,exact_all,3,0,6,34,215,12926,exact,4,0,0,14,0.09,0.026999999999999996,0.0081,0.0024299999999999994,0.0,0.16199999999999998,0.2754,0.5224499999999999,0.0,0.0,0.1134,0.9598499999999999,0.6728679397015642,0.1134,0.10741839676727034
code_n24_k12_cw3_007_q03,code_n24_k12_cw3_007,q03,train,0.36,24,12,12,0.5,0.14,3,0.25,6.0,8.166666666666666,2.0,10.0,3.0,0.0,3.0,3.0,0,0,1,0,3,24,0,0,8,0,55430,exact_all,3,0,6,34,215,12926,exact,4,0,0,14,0.1296,0.046655999999999996,0.016796159999999997,0.006046617599999999,0.0,0.27993599999999996,0.5710694399999999,1.3000227839999998,0.0,0.0,0.23514623999999995,2.1510282239999996,1.1477288198914806,0.23514623999999995,0.21118937602514545
code_n32_k16_cw3_000_q00,code_n32_k16_cw3_000,q00,train,0.18,32,16,16,0.5,0.32000000000000006,3,0.1875,6.0,2.125,4.0,9.0,3.0,0.0,3.0,3.0,0,0,0,0,0,32,2,0,14,0,242792,exact_all,2,1,0,6,29,41416,exact,2,1,30,437,0.0324,0.0058319999999999995,0.0010497599999999998,0.00018895679999999997,0.0324,0.0,0.006298559999999999,0.005479747199999999,0.0324,0.17495999999999998,0.45874511999999995,0.0441783072,0.04323026721426097,0.6661051199999999,0.5104886389929993
code_n32_k16_cw3_000_q01,code_n32_k16_cw3_000,q01,train,0.24,32,16,16,0.5,0.26,3,0.1875,6.0,2.125,4.0,9.0,3.0,0.0,3.0,3.0,0,0,0,0,0,32,2,0,14,0,242792,exact_all,2,1,0,6,29,41416,exact,2,1,30,437,0.0576,0.013823999999999998,0.0033177599999999995,0.0007962623999999999,0.0576,0.0,0.019906559999999997,0.023091609599999997,0.0576,0.4147199999999999,1.4498611199999998,0.1005981696,0.09585382254927999,1.9221811199999996,1.072330296349341
code_n32_k16_cw3_000_q02,code_n32_k16_cw3_000,q02,train,0.3,32,16,16,0.5,0.19999999999999996,3,0.1875,6.0,2.125,4.0,9.0,3.0,0.0,3.0,3.0,0,0,0,0,0,32,2,0,14,0,242792,exact_all,2,1,0,6,29,41416,exact,2,1,30,437,0.09,0.026999999999999996,0.0081,0.0024299999999999994,0.09,0.0,0.0486,0.07046999999999998,0.09,0.8099999999999998,3.5397,0.20906999999999998,0.18985146904672515,4.439699999999999,1.6937239122883727
code_n32_k16_cw3_000_q03,code_n32_k16_cw3_000,q03,train,0.36,32,16,16,0.5,0.14,3,0.1875,6.0,2.125,4.0,9.0,3.0,0.0,3.0,3.0,0,0,0,0,0,32,2,0,14,0,242792,exact_all,2,1,0,6,29,41416,exact,2,1,30,437,0.1296,0.046655999999999996,0.016796159999999997,0.006046617599999999,0.1296,0.0,0.10077695999999998,0.17535191039999998,0.1296,1.3996799999999998,7.339921919999999,0.40572887039999994,0.34055593723957867,8.869201919999998,2.2894189910069116
code_n32_k16_cw3_001_q00,code_n32_k16_cw3_001,q00,test,0.18,32,16,16,0.5,0.32000000000000006,3,0.1875,6.0,2.875,3.0,9.0,3.0,0.0,3.0,3.0,0,0,0,0,1,32,2,0,13,0,242792,exact_all,2,1,2,9,14,41416,exact,2,1,30,441,0.0324,0.0058319999999999995,0.0010497599999999998,0.00018895679999999997,0.0324,0.011663999999999999,0.009447839999999999,0.0026453951999999997,0.0324,0.17495999999999998,0.46294415999999994,0.056157235199999996,0.05463707116971314,0.6703041599999999,0.5130057415812195
code_n32_k16_cw3_001_q01,code_n32_k16_cw3_001,q01,test,0.24,32,16,16,0.5,0.26,3,0.1875,6.0,2.875,3.0,9.0,3.0,0.0,3.0,3.0,0,0,0,0,1,32,2,0,13,0,242792,exact_all,2,1,2,9,14,41416,exact,2,1,30,441,0.0576,0.013823999999999998,0.0033177599999999995,0.0007962623999999999,0.0576,0.027647999999999995,0.029859839999999995,0.011147673599999998,0.0576,0.4147199999999999,1.4631321599999998,0.12625551359999998,0.11889842546671828,1.9354521599999996,1.0768614993359922
code_n32_k16_cw3_001_q02,code_n32_k16_cw3_001,q02,test,0.3,32,16,16,0.5,0.19999999999999996,3,0.1875,6.0,2.875,3.0,9.0,3.0,0.0,3.0,3.0,0,0,0,0,1,32,2,0,13,0,242792,exact_all,2,1,2,9,14,41416,exact,2,1,30,441,0.09,0.026999999999999996,0.0081,0.0024299999999999994,0.09,0.05399999999999999,0.07289999999999999,0.034019999999999995,0.09,0.8099999999999998,3.5721,0.25092,0.2238792805990325,4.472099999999999,1.6996624550070674
code_n32_k16_cw3_001_q03,code_n32_k16_cw3_001,q03,test,0.36,32,16,16,0.5,0.14,3,0.1875,6.0,2.875,3.0,9.0,3.0,0.0,3.0,3.0,0,0,0,0,1,32,2,0,13,0,242792,exact_all,2,1,2,9,14,41416,exact,2,1,30,441,0.1296,0.046655999999999996,0.016796159999999997,0.006046617599999999,0.1296,0.09331199999999999,0.15116543999999998,0.08465264639999999,0.1296,1.3996799999999998,7.407106559999999,0.45873008639999996,0.37756625338577665,8.936386559999999,2.2962034294262916
code_n32_k16_cw3_002_q00,code_n32_k16_cw3_002,q00,train,0.18,32,16,16,0.5,0.32000000000000006,3,0.1875,6.0,3.5,3.0,10.0,3.0,0.0,3.0,3.0,0,0,0,0,1,32,3,0,12,0,242792,exact_all,3,0,1,7,40,41416,exact,4,0,0,6,0.0324,0.0058319999999999995,0.0010497599999999998,0.00018895679999999997,0.0,0.0058319999999999995,0.0073483199999999985,0.007558271999999999,0.0,0.0,0.006298559999999999,0.020738591999999997,0.020526475059087227,0.006298559999999999,0.006278806971330837
code_n32_k16_cw3_002_q01,code_n32_k16_cw3_002,q01,train,0.24,32,16,16,0.5,0.26,3,0.1875,6.0,3.5,3.0,10.0,3.0,0.0,3.0,3.0,0,0,0,0,1,32,3,0,12,0,242792,exact_all,3,0,1,7,40,41416,exact,4,0,0,6,0.0576,0.013823999999999998,0.0033177599999999995,0.0007962623999999999,0.0,0.013823999999999998,0.023224319999999996,0.03185049599999999,0.0,0.0,0.019906559999999997,0.06889881599999999,0.06662897461635617,0.019906559999999997,0.019711015256787718
code_n32_k16_cw3_002_q02,code_n32_k16_cw3_002,q02,train,0.3,32,16,16,0.5,0.19999999999999996,3,0.1875,6.0,3.5,3.0,10.0,3.0,0.0,3.0,3.0,0,0,0,0,1,32,3,0,12,0,242792,exact_all,3,0,1,7,40,41416,exact,4,0,0,6,0.09,0.026999999999999996,0.0081,0.0024299999999999994,0.0,0.026999999999999996,0.0567,0.09719999999999998,0.0,0.0,0.0486,0.18089999999999998,0.16627685962509886,0.0486,0.04745594115629535
code_n32_k16_cw3_002_q03,code_n32_k16_cw3_002,q03,train,0.36,32,16,16,0.5,0.14,3,0.1875,6.0,3.5,3.0,10.0,3.0,0.0,3.0,3.0,0,0,0,0,1,32,3,0,12,0,242792,exact_all,3,0,1,7,40,41416,exact,4,0,0,6,0.1296,0.046655999999999996,0.016796159999999997,0.006046617599999999,0.0,0.046655999999999996,0.11757311999999998,0.24186470399999996,0.0,0.0,0.10077695999999998,0.40609382399999994,0.34081552231425366,0.10077695999999998,0.09601625774534364
code_n32_k16_cw3_003_q00,code_n32_k16_cw3_003,q00,validation,0.18,32,16,16,0.5,0.32000000000000006,3,0.1875,6.0,5.625,3.0,10.0,3.0,0.0,3.0,3.0,0,0,0,0,3,32,2,0,11,0,242792,exact_all,2,1,1,6,41,41416,exact,2,1,30,439,0.0324,0.0058319999999999995,0.0010497599999999998,0.00018895679999999997,0.0324,0.0058319999999999995,0.006298559999999999,0.007747228799999999,0.0324,0.17495999999999998,0.4608446399999999,0.052277788799999995,0.050957137253071515,0.6682046399999999,0.5117479822625803
code_n32_k16_cw3_003_q01,code_n32_k16_cw3_003,q01,validation,0.24,32,16,16,0.5,0.26,3,0.1875,6.0,5.625,3.0,10.0,3.0,0.0,3.0,3.0,0,0,0,0,3,32,2,0,11,0,242792,exact_all,2,1,1,6,41,41416,exact,2,1,30,439,0.0576,0.013823999999999998,0.0033177599999999995,0.0007962623999999999,0.0576,0.013823999999999998,0.019906559999999997,0.032646758399999996,0.0576,0.4147199999999999,1.4564966399999997,0.12397731840000001,0.11687357190846272,1.9288166399999995,1.0745984643155342
code_n32_k16_cw3_003_q02,code_n32_k16_cw3_003,q02,validation,0.3,32,16,16,0.5,0.19999999999999996,3,0.1875,6.0,5.625,3.0,10.0,3.0,0.0,3.0,3.0,0,0,0,0,3,32,2,0,11,0,242792,exact_all,2,1,1,6,41,41416,exact,2,1,30,439,0.09,0.026999999999999996,0.0081,0.0024299999999999994,0.09,0.026999999999999996,0.0486,0.09962999999999998,0.09,0.8099999999999998,3.5559,0.26522999999999997,0.23525392383437932,4.4559,1.6966975919274452
code_n32_k16_cw3_003_q03,code_n32_k16_cw3_003,q03,validation,0.36,32,16,16,0.5,0.14,3,0.1875,6.0,5.625,3.0,10.0,3.0,0.0,3.0,3.0,0,0,0,0,3,32,2,0,11,0,242792,exact_all,2,1,1,6,41,41416,exact,2,1,30,439,0.1296,0.046655999999999996,0.016796159999999997,0.006046617599999999,0.1296,0.046655999999999996,0.10077695999999998,0.24791132159999996,0.1296,1.3996799999999998,7.373514239999999,0.5249442816,0.42195787273615737,8.902794239999999,2.2928169637811506
code_n32_k16_cw3_004_q00,code_n32_k16_cw3_004,q00,train,0.18,32,16,16,0.5,0.32000000000000006,3,0.1875,6.0,2.125,4.0,8.0,3.0,0.0,3.0,3.0,0,0,0,0,0,32,4,0,12,0,242792,exact_all,4,0,0,9,20,41416,exact,4,0,0,8,0.0324,0.0058319999999999995,0.0010497599999999998,0.00018895679999999997,0.0,0.0,0.009447839999999999,0.0037791359999999993,0.0,0.0,0.008398079999999999,0.013226975999999998,0.01314026334681852,0.008398079999999999,0.008363012323468396
code_n32_k16_cw3_004_q01,code_n32_k16_cw3_004,q01,train,0.24,32,16,16,0.5,0.26,3,0.1875,6.0,2.125,4.0,8.0,3.0,0.0,3.0,3.0,0,0,0,0,0,32,4,0,12,0,242792,exact_all,4,0,0,9,20,41416,exact,4,0,0,8,0.0576,0.013823999999999998,0.0033177599999999995,0.0007962623999999999,0.0,0.0,0.029859839999999995,0.015925247999999996,0.0,0.0,0.026542079999999996,0.04578508799999999,0.044767883729709516,0.026542079999999996,0.02619595030443698
code_n32_k16_cw3_004_q02,code_n32_k16_cw3_004,q02,train,0.3,32,16,16,0.5,0.19999999999999996,3,0.1875,6.0,2.125,4.0,8.0,3.0,0.0,3.0,3.0,0,0,0,0,0,32,4,0,12,0,242792,exact_all,4,0,0,9,20,41416,exact,4,0,0,8,0.09,0.026999999999999996,0.0081,0.0024299999999999994,0.0,0.0,0.07289999999999999,0.04859999999999999,0.0,0.0,0.0648,0.12149999999999998,0.11466707497812594,0.0648,0.06278698809876482
code_n32_k16_cw3_004_q03,code_n32_k16_cw3_004,q03,train,0.36,32,16,16,0.5,0.14,3,0.1875,6.0,2.125,4.0,8.0,3.0,0.0,3.0,3.0,0,0,0,0,0,32,4,0,12,0,242792,exact_all,4,0,0,9,20,41416,exact,4,0,0,8,0.1296,0.046655999999999996,0.016796159999999997,0.006046617599999999,0.0,0.0,0.15116543999999998,0.12093235199999998,0.0,0.0,0.13436927999999998,0.27209779199999995,0.2406673424659206,0.13436927999999998,0.12607679603412303
code_n32_k16_cw3_005_q00,code_n32_k16_cw3_005,q00,train,0.18,32,16,16,0.5,0.32000000000000006,3,0.1875,6.0,9.5,1.0,12.0,3.0,0.0,3.0,3.0,1,0,1,0,2,32,3,0,9,0,242792,exact_all,3,0,4,12,94,41416,exact,4,0,0,9,0.0324,0.0058319999999999995,0.0010497599999999998,0.00018895679999999997,0.0,0.023327999999999998,0.012597119999999998,0.017761939199999997,0.0,0.0,0.009447839999999999,0.0536870592,0.052295498253443054,0.009447839999999999,0.009403488292718807
code_n32_k16_cw3_005_q01,code_n32_k16_cw3_005,q01,train,0.24,32,16,16,0.5,0.26,3,0.1875,6.0,9.5,1.0,12.0,3.0,0.0,3.0,3.0,1,0,1,0,2,32,3,0,9,0,242792,exact_all,3,0,4,12,94,41416,exact,4,0,0,9,0.0576,0.013823999999999998,0.0033177599999999995,0.0007962623999999999,0.0,0.05529599999999999,0.039813119999999994,0.07484866559999999,0.0,0.0,0.029859839999999995,0.16995778559999997,0.1569676674749805,0.029859839999999995,0.029422715312235354
code_n32_k16_cw3_005_q02,code_n32_k16_cw3_005,q02,train,0.3,32,16,16,0.5,0.19999999999999996,3,0.1875,6.0,9.5,1.0,12.0,3.0,0.0,3.0,3.0,1,0,1,0,2,32,3,0,9,0,242792,exact_all,3,0,4,12,94,41416,exact,4,0,0,9,0.09,0.026999999999999996,0.0081,0.0024299999999999994,0.0,0.10799999999999998,0.0972,0.22841999999999996,0.0,0.0,0.07289999999999999,0.43361999999999995,0.3602027140340733,0.07289999999999999,0.07036526266056348
code_n32_k16_cw3_005_q03,code_n32_k16_cw3_005,q03,train,0.36,32,16,16,0.5,0.14,3,0.1875,6.0,9.5,1.0,12.0,3.0,0.0,3.0,3.0,1,0,1,0,2,32,3,0,9,0,242792,exact_all,3,0,4,12,94,41416,exact,4,0,0,9,0.1296,0.046655999999999996,0.016796159999999997,0.006046617599999999,0.0,0.18662399999999998,0.20155391999999997,0.5683820543999999,0.0,0.0,0.15116543999999998,0.9565599743999998,0.6711878161213295,0.15116543999999998,0.14077485529257536
code_n32_k16_cw3_006_q00,code_n32_k16_cw3_006,q00,train,0.18,32,16,16,0.5,0.32000000000000006,3,0.1875,6.0,2.5,3.0,8.0,3.0,0.0,3.0,3.0,0,0,0,0,1,32,2,0,13,0,242792,exact_all,4,0,0,2,33,41416,exact,4,0,0,1,0.0324,0.0058319999999999995,0.0010497599999999998,0.00018895679999999997,0.0,0.0,0.0020995199999999997,0.006235574399999999,0.0,0.0,0.0010497599999999998,0.0083350944,0.008300549325566637,0.0010497599999999998,0.0010492093872783161
code_n32_k16_cw3_006_q01,code_n32_k16_cw3_006,q01,train,0.24,32,16,16,0.5,0.26,3,0.1875,6.0,2.5,3.0,8.0,3.0,0.0,3.0,3.0,0,0,0,0,1,32,2,0,13,0,242792,exact_all,4,0,0,2,33,41416,exact,4,0,0,1,0.0576,0.013823999999999998,0.0033177599999999995,0.0007962623999999999,0.0,0.0,0.006635519999999999,0.026276659199999997,0.0,0.0,0.0033177599999999995,0.032912179199999995,0.03238217122823991,0.0033177599999999995,0.003312268377529086
code_n32_k16_cw3_006_q02,code_n32_k16_cw3_006,q02,train,0.3,32,16,16,0.5,0.19999999999999996,3,0.1875,6.0,2.5,3.0,8.0,3.0,0.0,3.0,3.0,0,0,0,0,1,32,2,0,13,0,242792,exact_all,4,0,0,2,33,41416,exact,4,0,0,1,0.09,0.026999999999999996,0.0081,0.0024299999999999994,0.0,0.0,0.0162,0.08018999999999998,0.0,0.0,0.0081,0.09638999999999998,0.09202296464605214,0.0081,0.008067371077758796
code_n32_k16_cw3_006_q03,code_n32_k16_cw3_006,q03,train,0.36,32,16,16,0.5,0.14,3,0.1875,6.0,2.5,3.0,8.0,3.0,0.0,3.0,3.0,0,0,0,0,1,32,2,0,13,0,242792,exact_all,4,0,0,2,33,41416,exact,4,0,0,1,0.1296,0.046655999999999996,0.016796159999999997,0.006046617599999999,0.0,0.0,0.033592319999999995,0.19953838079999997,0.0,0.0,0.016796159999999997,0.23313070079999998,0.20955622083524753,0.016796159999999997,0.01665666433208147
code_n32_k16_cw3_007_q00,code_n32_k16_cw3_007,q00,train,0.18,32,16,16,0.5,0.32000000000000006,3,0.1875,6.0,5.75,2.0,10.0,3.0,0.0,3.0,3.0,0,0,1,0,2,32,1,0,12,0,242792,exact_all,2,1,0,10,62,41416,exact,2,1,30,444,0.0324,0.0058319999999999995,0.0010497599999999998,0.00018895679999999997,0.0324,0.0,0.0104976,0.011715321599999998,0.0324,0.17495999999999998,0.4660934399999999,0.05461292159999999,0.05317380064679351,0.6734534399999998,0.5148894193521204
code_n32_k16_cw3_007_q01,code_n32_k16_cw3_007,q01,train,0.24,32,16,16,0.5,0.26,3,0.1875,6.0,5.75,2.0,10.0,3.0,0.0,3.0,3.0,0,0,1,0,2,32,1,0,12,0,242792,exact_all,2,1,0,10,62,41416,exact,2,1,30,444,0.0576,0.013823999999999998,0.0033177599999999995,0.0007962623999999999,0.0576,0.0,0.033177599999999995,0.04936826879999999,0.0576,0.4147199999999999,1.4730854399999997,0.14014586879999996,0.13115620930856936,1.9454054399999996,1.080246478256002
code_n32_k16_cw3_007_q02,code_n32_k16_cw3_007,q02,train,0.3,32,16,16,0.5,0.19999999999999996,3,0.1875,6.0,5.75,2.0,10.0,3.0,0.0,3.0,3.0,0,0,1,0,2,32,1,0,12,0,242792,exact_all,2,1,0,10,62,41416,exact,2,1,30,444,0.09,0.026999999999999996,0.0081,0.0024299999999999994,0.09,0.0,0.08099999999999999,0.15065999999999996,0.09,0.8099999999999998,3.5963999999999996,0.32165999999999995,0.2788885222697882,4.4963999999999995,1.7040933324754821
code_n32_k16_cw3_007_q03,code_n32_k16_cw3_007,q03,train,0.36,32,16,16,0.5,0.14,3,0.1875,6.0,5.75,2.0,10.0,3.0,0.0,3.0,3.0,0,0,1,0,2,32,1,0,12,0,242792,exact_all,2,1,0,10,62,41416,exact,2,1,30,444,0.1296,0.046655999999999996,0.016796159999999997,0.006046617599999999,0.1296,0.0,0.1679616,0.37489029119999995,0.1296,1.3996799999999998,7.457495039999999,0.6724518911999999,0.5142907480026508,8.986775039999998,2.3012617217244316
